ISO-10303-21;
HEADER;
FILE_DESCRIPTION((''),'2;1');
FILE_NAME('PRT0002','2026-08-22T18:34:26',('alexp'),(''),
'CREO PARAMETRIC BY PTC INC, 2025102','CREO PARAMETRIC BY PTC INC, 2025102','');
FILE_SCHEMA(('AUTOMOTIVE_DESIGN { 1 0 10303 214 1 1 1 1 }'));
ENDSEC;
DATA;
#16=DIRECTION('',(0.E0,-1.110223024625E-13,-1.E0));
#17=VECTOR('',#16,1.E1);
#18=CARTESIAN_POINT('',(8.8E0,-5.311622476540E0,1.26E2));
#19=LINE('',#18,#17);
#20=DIRECTION('',(0.E0,-1.787903158856E-13,-1.E0));
#21=VECTOR('',#20,1.E1);
#22=CARTESIAN_POINT('',(8.799999999998E0,5.311622476547E0,1.26E2));
#23=LINE('',#22,#21);
#24=DIRECTION('',(2.334309487124E-13,-1.E0,0.E0));
#25=VECTOR('',#24,1.062324495309E1);
#26=CARTESIAN_POINT('',(8.799999999998E0,5.311622476545E0,1.16E2));
#27=LINE('',#26,#25);
#28=DIRECTION('',(2.511768570912E-13,-3.375077994860E-14,-1.E0));
#29=VECTOR('',#28,1.E1);
#30=CARTESIAN_POINT('',(1.8E1,1.062324495309E1,1.26E2));
#31=LINE('',#30,#29);
#32=DIRECTION('',(0.E0,1.110223024625E-13,-1.E0));
#33=VECTOR('',#32,1.E1);
#34=CARTESIAN_POINT('',(2.72E1,5.311622476540E0,1.26E2));
#35=LINE('',#34,#33);
#36=DIRECTION('',(0.E0,1.402433724706E-13,-1.E0));
#37=VECTOR('',#36,1.E1);
#38=CARTESIAN_POINT('',(2.72E1,-5.311622476547E0,1.26E2));
#39=LINE('',#38,#37);
#40=DIRECTION('',(-1.862765593593E-13,1.E0,0.E0));
#41=VECTOR('',#40,1.062324495309E1);
#42=CARTESIAN_POINT('',(2.72E1,-5.311622476545E0,1.16E2));
#43=LINE('',#42,#41);
#44=DIRECTION('',(-2.174260771426E-13,1.438849039914E-14,-1.E0));
#45=VECTOR('',#44,1.E1);
#46=CARTESIAN_POINT('',(1.8E1,-1.062324495309E1,1.26E2));
#47=LINE('',#46,#45);
#48=DIRECTION('',(-8.660254037843E-1,-5.000000000002E-1,0.E0));
#49=VECTOR('',#48,1.062324495309E1);
#50=CARTESIAN_POINT('',(2.72E1,-5.311622476545E0,1.16E2));
#51=LINE('',#50,#49);
#52=DIRECTION('',(-8.660254037842E-1,5.000000000004E-1,0.E0));
#53=VECTOR('',#52,1.062324495309E1);
#54=CARTESIAN_POINT('',(1.8E1,-1.062324495309E1,1.16E2));
#55=LINE('',#54,#53);
#56=DIRECTION('',(8.660254037843E-1,5.000000000002E-1,0.E0));
#57=VECTOR('',#56,1.062324495309E1);
#58=CARTESIAN_POINT('',(8.799999999998E0,5.311622476545E0,1.16E2));
#59=LINE('',#58,#57);
#60=DIRECTION('',(8.660254037842E-1,-5.000000000004E-1,0.E0));
#61=VECTOR('',#60,1.062324495309E1);
#62=CARTESIAN_POINT('',(1.8E1,1.062324495309E1,1.16E2));
#63=LINE('',#62,#61);
#64=CARTESIAN_POINT('',(1.8E1,0.E0,1.16E2));
#65=DIRECTION('',(0.E0,0.E0,1.E0));
#66=DIRECTION('',(-1.E0,0.E0,0.E0));
#67=AXIS2_PLACEMENT_3D('',#64,#65,#66);
#69=CARTESIAN_POINT('',(1.8E1,0.E0,1.16E2));
#70=DIRECTION('',(0.E0,0.E0,1.E0));
#71=DIRECTION('',(1.E0,0.E0,0.E0));
#72=AXIS2_PLACEMENT_3D('',#69,#70,#71);
#74=CARTESIAN_POINT('',(1.05E1,0.E0,9.797702598571E1));
#75=CARTESIAN_POINT('',(1.05E1,-9.817477042468E-1,9.797702598571E1));
#76=CARTESIAN_POINT('',(1.089051106514E1,-2.944785443497E0,9.758651512457E1));
#77=CARTESIAN_POINT('',(1.255863272698E1,-5.441383847818E0,9.591839338064E1));
#78=CARTESIAN_POINT('',(1.505515329154E1,-7.109484318626E0,9.342187283846E1));
#79=CARTESIAN_POINT('',(1.800000006842E1,-7.695257840687E0,9.047702605412E1));
#80=CARTESIAN_POINT('',(2.094484685277E1,-7.109484318626E0,8.753217927724E1));
#81=CARTESIAN_POINT('',(2.344136739494E1,-5.441383847818E0,8.503565871268E1));
#82=CARTESIAN_POINT('',(2.510948913887E1,-2.944785443497E0,8.336753705084E1));
#83=CARTESIAN_POINT('',(2.550000000001E1,-9.817477042468E-1,8.297702598570E1));
#84=CARTESIAN_POINT('',(2.550000000001E1,0.E0,8.297702598570E1));
#86=DIRECTION('',(2.195932277906E-13,0.E0,-1.E0));
#87=VECTOR('',#86,1.802297401429E1);
#88=CARTESIAN_POINT('',(1.05E1,0.E0,1.16E2));
#89=LINE('',#88,#87);
#90=CARTESIAN_POINT('',(-1.647698629288E1,-7.499999999983E0,5.600000973178E1));
#91=CARTESIAN_POINT('',(-1.547035948910E1,-7.499999179337E0,5.633555199970E1));
#92=CARTESIAN_POINT('',(-1.355729213215E1,-7.455022681148E0,5.697324624182E1));
#93=CARTESIAN_POINT('',(-1.101094787667E1,-7.290900739321E0,5.782202560120E1));
#94=CARTESIAN_POINT('',(-8.733243556260E0,-7.055598082739E0,5.858126092641E1));
#95=CARTESIAN_POINT('',(-6.700406308326E0,-6.767399162041E0,5.925887319455E1));
#96=CARTESIAN_POINT('',(-4.885437063646E0,-6.439637001700E0,5.986386298239E1));
#97=CARTESIAN_POINT('',(-3.261963423253E0,-6.080993161125E0,6.040502085191E1));
#98=CARTESIAN_POINT('',(-1.816067398526E0,-5.699713221127E0,6.088698619633E1));
#99=CARTESIAN_POINT('',(-5.320693708924E-1,-5.301830829549E0,6.131498553811E1));
#100=CARTESIAN_POINT('',(6.057900762253E-1,-4.891359002482E0,6.169427202068E1));
#101=CARTESIAN_POINT('',(1.613178607512E0,-4.470071787490E0,6.203006819773E1));
#102=CARTESIAN_POINT('',(2.496769881701E0,-4.041826428572E0,6.232459862247E1));
#103=CARTESIAN_POINT('',(3.264560840943E0,-3.609444013847E0,6.258052894221E1));
#104=CARTESIAN_POINT('',(3.923945372800E0,-3.175216356748E0,6.280032378617E1));
#105=CARTESIAN_POINT('',(4.480290072391E0,-2.742330998703E0,6.298577201936E1));
#106=CARTESIAN_POINT('',(4.939695616414E0,-2.313629346021E0,6.313890720070E1));
#107=CARTESIAN_POINT('',(5.307847436086E0,-1.892032979689E0,6.326162447393E1));
#108=CARTESIAN_POINT('',(5.588335698225E0,-1.485851741008E0,6.335512056131E1));
#109=CARTESIAN_POINT('',(5.793535527867E0,-1.091689897720E0,6.342352050452E1));
#110=CARTESIAN_POINT('',(5.929329094116E0,-7.161617279976E-1,6.346878502660E1));
#111=CARTESIAN_POINT('',(6.006771936717E0,-3.522436852716E-1,6.349459930747E1));
#112=CARTESIAN_POINT('',(6.022974014288E0,-1.161354761963E-1,6.349999999999E1));
#113=CARTESIAN_POINT('',(6.022974014288E0,0.E0,6.349999999999E1));
#115=DIRECTION('',(-7.071067811865E-1,0.E0,-7.071067811866E-1));
#116=VECTOR('',#115,2.969848480985E1);
#117=CARTESIAN_POINT('',(1.05E1,0.E0,9.797702598571E1));
#118=LINE('',#117,#116);
#119=CARTESIAN_POINT('',(-1.673383925281E1,-7.499511536492E0,5.591440095337E1));
#120=CARTESIAN_POINT('',(-1.670529416530E1,-7.499620116828E0,5.592391390157E1));
#121=CARTESIAN_POINT('',(-1.664820714243E1,-7.499801020731E0,5.594293922736E1));
#122=CARTESIAN_POINT('',(-1.656259423092E1,-7.499963860477E0,5.597147719408E1));
#123=CARTESIAN_POINT('',(-1.650551834582E1,-7.500000014584E0,5.599049823458E1));
#124=CARTESIAN_POINT('',(-1.647698629288E1,-7.499999999983E0,5.600000973178E1));
#126=CARTESIAN_POINT('',(-1.647698629288E1,-7.499999999983E0,5.600000973178E1));
#127=CARTESIAN_POINT('',(-1.673127846424E1,-7.500000853461E0,5.625430190314E1));
#128=CARTESIAN_POINT('',(-1.698552518637E1,-7.487055781154E0,5.650863635608E1));
#129=CARTESIAN_POINT('',(-1.723850308396E1,-7.461235406439E0,5.676161425367E1));
#131=CARTESIAN_POINT('',(-9.319438570571E0,0.E0,4.849999999999E1));
#132=CARTESIAN_POINT('',(-9.319438570571E0,-2.095383454771E-1,
4.849999999999E1));
#133=CARTESIAN_POINT('',(-9.336959725733E0,-6.289253417334E-1,
4.851752115512E1));
#134=CARTESIAN_POINT('',(-9.416716807929E0,-1.259245242123E0,4.859727823733E1));
#135=CARTESIAN_POINT('',(-9.551672071429E0,-1.889881713390E0,4.873223350083E1));
#136=CARTESIAN_POINT('',(-9.745935878562E0,-2.522898607608E0,4.892649730796E1));
#137=CARTESIAN_POINT('',(-1.000224755953E1,-3.152031303514E0,4.918280898893E1));
#138=CARTESIAN_POINT('',(-1.032771140997E1,-3.778892688527E0,4.950827283937E1));
#139=CARTESIAN_POINT('',(-1.072668957344E1,-4.394936171504E0,4.990725100286E1));
#140=CARTESIAN_POINT('',(-1.120549579756E1,-4.993835814774E0,5.038605722692E1));
#141=CARTESIAN_POINT('',(-1.176859740935E1,-5.564364772308E0,5.094915883892E1));
#142=CARTESIAN_POINT('',(-1.241738100972E1,-6.092219911778E0,5.159794243848E1));
#143=CARTESIAN_POINT('',(-1.315267120564E1,-6.562648679267E0,5.233323263746E1));
#144=CARTESIAN_POINT('',(-1.396684414680E1,-6.956525428063E0,5.314740556716E1));
#145=CARTESIAN_POINT('',(-1.484740038824E1,-7.256481637643E0,5.402796185137E1));
#146=CARTESIAN_POINT('',(-1.577697040348E1,-7.447443677632E0,5.495753170703E1));
#147=CARTESIAN_POINT('',(-1.641142414829E1,-7.495831505916E0,5.559198584885E1));
#148=CARTESIAN_POINT('',(-1.673383925281E1,-7.499511536492E0,5.591440095337E1));
#150=CARTESIAN_POINT('',(-1.673385625399E1,7.499511829293E0,5.591441760330E1));
#151=CARTESIAN_POINT('',(-1.670533396523E1,7.499620212459E0,5.592391496152E1));
#152=CARTESIAN_POINT('',(-1.664826978738E1,7.499800784040E0,5.594291830601E1));
#153=CARTESIAN_POINT('',(-1.656264320383E1,7.499963816347E0,5.597145301266E1));
#154=CARTESIAN_POINT('',(-1.650549762585E1,7.500000033768E0,5.599050510247E1));
#155=CARTESIAN_POINT('',(-1.647692940408E1,7.499999999925E0,5.600003208630E1));
#157=DIRECTION('',(-7.071067811677E-1,-1.093127620584E-14,-7.071067812054E-1));
#158=VECTOR('',#157,2.421222617191E-1);
#159=CARTESIAN_POINT('',(-8.977025985712E0,0.E0,4.849999999999E1));
#160=LINE('',#159,#158);
#161=CARTESIAN_POINT('',(-9.148232278845E0,0.E0,4.832879370685E1));
#162=CARTESIAN_POINT('',(-9.148232278845E0,-2.119374292952E-1,
4.832879370685E1));
#163=CARTESIAN_POINT('',(-9.166187638702E0,-6.360770577624E-1,
4.834674906875E1));
#164=CARTESIAN_POINT('',(-9.247519158213E0,-1.272297857257E0,4.842808058744E1));
#165=CARTESIAN_POINT('',(-9.385759466954E0,-1.910881083340E0,4.856632089640E1));
#166=CARTESIAN_POINT('',(-9.583746384229E0,-2.548771992462E0,4.876430781362E1));
#167=CARTESIAN_POINT('',(-9.846918617229E0,-3.186877828985E0,4.902748004663E1));
#168=CARTESIAN_POINT('',(-1.017988418844E1,-3.819368262853E0,4.936044561784E1));
#169=CARTESIAN_POINT('',(-1.058955113582E1,-4.442519681776E0,4.977011256523E1));
#170=CARTESIAN_POINT('',(-1.108160300805E1,-5.047157935835E0,5.026216443741E1));
#171=CARTESIAN_POINT('',(-1.165940683344E1,-5.620721691863E0,5.083996826301E1));
#172=CARTESIAN_POINT('',(-1.232654366683E1,-6.150192314479E0,5.150710509558E1));
#173=CARTESIAN_POINT('',(-1.308051664361E1,-6.617674030322E0,5.226107807543E1));
#174=CARTESIAN_POINT('',(-1.391488151072E1,-7.004935308738E0,5.309544293109E1));
#175=CARTESIAN_POINT('',(-1.481568923958E1,-7.293617324814E0,5.399625070270E1));
#176=CARTESIAN_POINT('',(-1.576312768188E1,-7.468362293328E0,5.494368898543E1));
#177=CARTESIAN_POINT('',(-1.640716647001E1,-7.503240510567E0,5.558772817057E1));
#178=CARTESIAN_POINT('',(-1.673383925281E1,-7.499511536492E0,5.591440095337E1));
#180=CARTESIAN_POINT('',(-9.319438570571E0,0.E0,4.849999999999E1));
#181=CARTESIAN_POINT('',(-9.319438570571E0,2.096030688296E-1,4.849999999999E1));
#182=CARTESIAN_POINT('',(-9.336975060873E0,6.290801777138E-1,4.851753649026E1));
#183=CARTESIAN_POINT('',(-9.416718809149E0,1.259267536334E0,4.859728023855E1));
#184=CARTESIAN_POINT('',(-9.551702381916E0,1.889952683768E0,4.873226381132E1));
#185=CARTESIAN_POINT('',(-9.745776850420E0,2.522455031608E0,4.892633827982E1));
#186=CARTESIAN_POINT('',(-1.000224062845E1,3.152018666189E0,4.918280205785E1));
#187=CARTESIAN_POINT('',(-1.032752752602E1,3.778586442583E0,4.950808895542E1));
#188=CARTESIAN_POINT('',(-1.072683077607E1,4.395142311861E0,4.990739220547E1));
#189=CARTESIAN_POINT('',(-1.120547829559E1,4.993820538395E0,5.038603972500E1));
#190=CARTESIAN_POINT('',(-1.176901163051E1,5.564764570999E0,5.094957305986E1));
#191=CARTESIAN_POINT('',(-1.241786320110E1,6.092558661784E0,5.159842463069E1));
#192=CARTESIAN_POINT('',(-1.315316436126E1,6.562939527439E0,5.233372578995E1));
#193=CARTESIAN_POINT('',(-1.396768873853E1,6.956863558366E0,5.314825017060E1));
#194=CARTESIAN_POINT('',(-1.484769876779E1,7.256545144908E0,5.402826018723E1));
#195=CARTESIAN_POINT('',(-1.577726506016E1,7.447484367355E0,5.495782652673E1));
#196=CARTESIAN_POINT('',(-1.641153374781E1,7.495833508150E0,5.559209509712E1));
#197=CARTESIAN_POINT('',(-1.673385625399E1,7.499511829293E0,5.591441760330E1));
#199=CARTESIAN_POINT('',(-1.673385625399E1,7.499511829293E0,5.591441760330E1));
#200=CARTESIAN_POINT('',(-1.640726300508E1,7.503240662763E0,5.558782435439E1));
#201=CARTESIAN_POINT('',(-1.576365432666E1,7.468393832230E0,5.494421579323E1));
#202=CARTESIAN_POINT('',(-1.481741429863E1,7.293946268477E0,5.399797571807E1));
#203=CARTESIAN_POINT('',(-1.391913864582E1,7.006517157455E0,5.309970007788E1));
#204=CARTESIAN_POINT('',(-1.308510166968E1,6.620101455959E0,5.226566309837E1));
#205=CARTESIAN_POINT('',(-1.233228845054E1,6.154140861259E0,5.151284988013E1));
#206=CARTESIAN_POINT('',(-1.166565179459E1,5.626194614238E0,5.084621322393E1));
#207=CARTESIAN_POINT('',(-1.108786470067E1,5.054054578698E0,5.026842613008E1));
#208=CARTESIAN_POINT('',(-1.059503540445E1,4.449909327566E0,4.977559683385E1));
#209=CARTESIAN_POINT('',(-1.018535857036E1,3.828703398031E0,4.936591999976E1));
#210=CARTESIAN_POINT('',(-9.850204343180E0,3.193924524826E0,4.903076577258E1));
#211=CARTESIAN_POINT('',(-9.586696857344E0,2.557146675176E0,4.876725828673E1));
#212=CARTESIAN_POINT('',(-9.386462345796E0,1.913964208744E0,4.856702377524E1));
#213=CARTESIAN_POINT('',(-9.248043710368E0,1.275425408935E0,4.842860513959E1));
#214=CARTESIAN_POINT('',(-9.166160570263E0,6.365765365418E-1,4.834672200031E1));
#215=CARTESIAN_POINT('',(-9.148232278845E0,2.120511419067E-1,4.832879370685E1));
#216=CARTESIAN_POINT('',(-9.148232278845E0,0.E0,4.832879370685E1));
#218=DIRECTION('',(-1.E0,0.E0,4.426466169113E-13));
#219=VECTOR('',#218,1.618056142943E1);
#220=CARTESIAN_POINT('',(-9.319438570571E0,0.E0,4.849999999999E1));
#221=LINE('',#220,#219);
#222=CARTESIAN_POINT('',(-2.55E1,0.E0,6.35E1));
#223=CARTESIAN_POINT('',(-2.55E1,2.101858879145E-1,6.35E1));
#224=CARTESIAN_POINT('',(-2.548225229020E1,6.325955508338E-1,6.348225229020E1));
#225=CARTESIAN_POINT('',(-2.540188436924E1,1.264745445006E0,6.340188436924E1));
#226=CARTESIAN_POINT('',(-2.526527812272E1,1.899730361768E0,6.326527812272E1));
#227=CARTESIAN_POINT('',(-2.506971440682E1,2.533835016164E0,6.306971440682E1));
#228=CARTESIAN_POINT('',(-2.480979761913E1,3.168361033748E0,6.280979761913E1));
#229=CARTESIAN_POINT('',(-2.448106894543E1,3.797405404176E0,6.248106894543E1));
#230=CARTESIAN_POINT('',(-2.407674500771E1,4.417450923E0,6.207674500771E1));
#231=CARTESIAN_POINT('',(-2.359114450456E1,5.019660890411E0,6.159114450456E1));
#232=CARTESIAN_POINT('',(-2.302095449938E1,5.591710068357E0,6.102095449938E1));
#233=CARTESIAN_POINT('',(-2.236245617866E1,6.121012605450E0,6.036245617866E1));
#234=CARTESIAN_POINT('',(-2.161791156101E1,6.590030291515E0,5.961791156101E1));
#235=CARTESIAN_POINT('',(-2.079326431384E1,6.980962067959E0,5.879326431384E1));
#236=CARTESIAN_POINT('',(-1.990154466199E1,7.275593720647E0,5.790154466199E1));
#237=CARTESIAN_POINT('',(-1.896360349432E1,7.458380691690E0,5.696360349432E1));
#238=CARTESIAN_POINT('',(-1.832343824116E1,7.499999939685E0,5.632343824116E1));
#239=CARTESIAN_POINT('',(-1.800000139670E1,7.5E0,5.600000139670E1));
#241=CARTESIAN_POINT('',(-1.800000139670E1,7.5E0,5.600000139670E1));
#242=CARTESIAN_POINT('',(-1.791529115113E1,7.5E0,5.608471164227E1));
#243=CARTESIAN_POINT('',(-1.774619055250E1,7.497124875207E0,5.625443215830E1));
#244=CARTESIAN_POINT('',(-1.749224778659E1,7.484181862027E0,5.650840389376E1));
#245=CARTESIAN_POINT('',(-1.732293890610E1,7.469852897453E0,5.667723172966E1));
#246=CARTESIAN_POINT('',(-1.723846283962E1,7.461230693572E0,5.676168922178E1));
#248=CARTESIAN_POINT('',(-1.723846283962E1,7.461230693572E0,5.676168922178E1));
#249=CARTESIAN_POINT('',(-1.698547316221E1,7.487052682997E0,5.650869954437E1));
#250=CARTESIAN_POINT('',(-1.673123345834E1,7.500001651929E0,5.625433614055E1));
#251=CARTESIAN_POINT('',(-1.647692940408E1,7.499999999925E0,5.600003208630E1));
#253=CARTESIAN_POINT('',(-2.55E1,0.E0,5.6E1));
#254=DIRECTION('',(-1.E0,0.E0,0.E0));
#255=DIRECTION('',(0.E0,0.E0,-1.E0));
#256=AXIS2_PLACEMENT_3D('',#253,#254,#255);
#258=CARTESIAN_POINT('',(-2.55E1,0.E0,5.6E1));
#259=DIRECTION('',(-1.E0,0.E0,0.E0));
#260=DIRECTION('',(0.E0,0.E0,1.E0));
#261=AXIS2_PLACEMENT_3D('',#258,#259,#260);
#263=DIRECTION('',(-1.615988257984E-14,0.E0,-1.E0));
#264=VECTOR('',#263,3.902297401430E1);
#265=CARTESIAN_POINT('',(-1.05E1,0.E0,1.16E2));
#266=LINE('',#265,#264);
#267=DIRECTION('',(-7.071067811867E-1,0.E0,-7.071067811864E-1));
#268=VECTOR('',#267,2.754467430369E1);
#269=CARTESIAN_POINT('',(2.550000000001E1,0.E0,8.297702598570E1));
#270=LINE('',#269,#268);
#271=CARTESIAN_POINT('',(-1.723846283962E1,7.461230693572E0,5.676168922178E1));
#272=CARTESIAN_POINT('',(-1.692886161522E1,7.429630679629E0,5.769048962578E1));
#273=CARTESIAN_POINT('',(-1.634045490778E1,7.330635582708E0,5.945563876005E1));
#274=CARTESIAN_POINT('',(-1.555631324951E1,7.105094525275E0,6.180809226664E1));
#275=CARTESIAN_POINT('',(-1.485548046281E1,6.821961915950E0,6.391058298167E1));
#276=CARTESIAN_POINT('',(-1.422989660036E1,6.495511998355E0,6.578733661753E1));
#277=CARTESIAN_POINT('',(-1.367216728707E1,6.136621217690E0,6.746052400850E1));
#278=CARTESIAN_POINT('',(-1.317566488724E1,5.753262521909E0,6.895003135506E1));
#279=CARTESIAN_POINT('',(-1.273547402228E1,5.352289269439E0,7.027060391054E1));
#280=CARTESIAN_POINT('',(-1.234670194819E1,4.938939983810E0,7.143692014335E1));
#281=CARTESIAN_POINT('',(-1.200322686425E1,4.514895243223E0,7.246734539237E1));
#282=CARTESIAN_POINT('',(-1.170208023914E1,4.083536734296E0,7.337078526845E1));
#283=CARTESIAN_POINT('',(-1.144026636574E1,3.647375267708E0,7.415622688845E1));
#284=CARTESIAN_POINT('',(-1.121544892725E1,3.209080000888E0,7.483067920395E1));
#285=CARTESIAN_POINT('',(-1.102563823923E1,2.771538776926E0,7.540011126802E1));
#286=CARTESIAN_POINT('',(-1.086898459343E1,2.338222144014E0,7.587007220542E1));
#287=CARTESIAN_POINT('',(-1.074317431260E1,1.910838108735E0,7.624750304790E1));
#288=CARTESIAN_POINT('',(-1.064749934319E1,1.499220089704E0,7.653452795614E1));
#289=CARTESIAN_POINT('',(-1.057771763413E1,1.100628739381E0,7.674387308333E1));
#290=CARTESIAN_POINT('',(-1.053159793044E1,7.207293321731E-1,7.688223219439E1));
#291=CARTESIAN_POINT('',(-1.050547245422E1,3.544763354581E-1,7.696060862305E1));
#292=CARTESIAN_POINT('',(-1.05E1,1.168025696237E-1,7.697702598570E1));
#293=CARTESIAN_POINT('',(-1.05E1,0.E0,7.697702598570E1));
#295=CARTESIAN_POINT('',(-1.647692940408E1,7.499999999925E0,5.600003208630E1));
#296=CARTESIAN_POINT('',(-1.547040374671E1,7.499998314897E0,5.633554063875E1));
#297=CARTESIAN_POINT('',(-1.355753410601E1,7.455030188971E0,5.697316400982E1));
#298=CARTESIAN_POINT('',(-1.101135406659E1,7.290932238002E0,5.782189062633E1));
#299=CARTESIAN_POINT('',(-8.733828716399E0,7.055667475321E0,5.858106576002E1));
#300=CARTESIAN_POINT('',(-6.701049102651E0,6.767501771844E0,5.925865896006E1));
#301=CARTESIAN_POINT('',(-4.886072917540E0,6.439764192239E0,5.986365102298E1));
#302=CARTESIAN_POINT('',(-3.262577315985E0,6.081140310968E0,6.040481622317E1));
#303=CARTESIAN_POINT('',(-1.816729749909E0,5.699902331397E0,6.088676541195E1));
#304=CARTESIAN_POINT('',(-5.325673020860E-1,5.302000712330E0,6.131481956120E1));
#305=CARTESIAN_POINT('',(6.055099789280E-1,4.891469705381E0,6.169417865488E1));
#306=CARTESIAN_POINT('',(1.612963024442E0,4.470170080067E0,6.202999633671E1));
#307=CARTESIAN_POINT('',(2.496692353276E0,4.041870632314E0,6.232457277966E1));
#308=CARTESIAN_POINT('',(3.264613789433E0,3.609415279245E0,6.258054659171E1));
#309=CARTESIAN_POINT('',(3.924088240877E0,3.175118812391E0,6.280037140886E1));
#310=CARTESIAN_POINT('',(4.480508807826E0,2.742148522285E0,6.298584493117E1));
#311=CARTESIAN_POINT('',(4.939911623425E0,2.313410162723E0,6.313897920304E1));
#312=CARTESIAN_POINT('',(5.308074071597E0,1.891747006857E0,6.326170001910E1));
#313=CARTESIAN_POINT('',(5.588513794931E0,1.485554097031E0,6.335517992688E1));
#314=CARTESIAN_POINT('',(5.793629171644E0,1.091465604773E0,6.342355171911E1));
#315=CARTESIAN_POINT('',(5.929357389325E0,7.160439636109E-1,6.346879445834E1));
#316=CARTESIAN_POINT('',(6.006771526232E0,3.522236619819E-1,6.349459917064E1));
#317=CARTESIAN_POINT('',(6.022974014288E0,1.161343429409E-1,6.349999999999E1));
#318=CARTESIAN_POINT('',(6.022974014288E0,0.E0,6.349999999999E1));
#320=DIRECTION('',(-1.E0,0.E0,-2.130886621579E-13));
#321=VECTOR('',#320,2.977702598571E1);
#322=CARTESIAN_POINT('',(2.08E1,0.E0,4.85E1));
#323=LINE('',#322,#321);
#324=CARTESIAN_POINT('',(-8.977025985712E0,0.E0,4.849999999999E1));
#325=CARTESIAN_POINT('',(-8.977025985712E0,9.817454750262E-1,4.849999999999E1));
#326=CARTESIAN_POINT('',(-9.367542364812E0,2.944778761088E0,4.889051178384E1));
#327=CARTESIAN_POINT('',(-1.103562434024E1,5.441373508513E0,5.055861443803E1));
#328=CARTESIAN_POINT('',(-1.353225428837E1,7.109475611512E0,5.305516856400E1));
#329=CARTESIAN_POINT('',(-1.549518392906E1,7.499996498281E0,5.501828661128E1));
#330=CARTESIAN_POINT('',(-1.647692940408E1,7.499999999925E0,5.600003208630E1));
#332=CARTESIAN_POINT('',(-1.647698629288E1,-7.499999999983E0,5.600000973178E1));
#333=CARTESIAN_POINT('',(-1.549523955390E1,-7.499998483744E0,5.501826299280E1));
#334=CARTESIAN_POINT('',(-1.353224550652E1,-7.109480548388E0,5.305519657369E1));
#335=CARTESIAN_POINT('',(-1.103563469734E1,-5.441379370828E0,5.055861488971E1));
#336=CARTESIAN_POINT('',(-9.367541893205E0,-2.944782549966E0,4.889051414235E1));
#337=CARTESIAN_POINT('',(-8.977025985712E0,-9.817467389785E-1,
4.849999999999E1));
#338=CARTESIAN_POINT('',(-8.977025985712E0,0.E0,4.849999999999E1));
#340=DIRECTION('',(-1.E0,0.E0,-4.491072262048E-13));
#341=VECTOR('',#340,1.477702598571E1);
#342=CARTESIAN_POINT('',(2.08E1,0.E0,6.35E1));
#343=LINE('',#342,#341);
#344=DIRECTION('',(0.E0,5.000000000002E-1,-8.660254037843E-1));
#345=VECTOR('',#344,1.062324495309E1);
#346=CARTESIAN_POINT('',(2.08E1,5.311622476545E0,6.52E1));
#347=LINE('',#346,#345);
#348=DIRECTION('',(0.E0,-5.000000000004E-1,-8.660254037842E-1));
#349=VECTOR('',#348,1.062324495309E1);
#350=CARTESIAN_POINT('',(2.08E1,1.062324495309E1,5.6E1));
#351=LINE('',#350,#349);
#352=DIRECTION('',(0.E0,-5.000000000002E-1,8.660254037843E-1));
#353=VECTOR('',#352,1.062324495309E1);
#354=CARTESIAN_POINT('',(2.08E1,-5.311622476545E0,4.68E1));
#355=LINE('',#354,#353);
#356=DIRECTION('',(0.E0,5.000000000004E-1,8.660254037842E-1));
#357=VECTOR('',#356,1.062324495309E1);
#358=CARTESIAN_POINT('',(2.08E1,-1.062324495309E1,5.6E1));
#359=LINE('',#358,#357);
#360=CARTESIAN_POINT('',(2.08E1,0.E0,5.6E1));
#361=DIRECTION('',(1.E0,0.E0,0.E0));
#362=DIRECTION('',(0.E0,0.E0,1.E0));
#363=AXIS2_PLACEMENT_3D('',#360,#361,#362);
#365=CARTESIAN_POINT('',(2.08E1,0.E0,5.6E1));
#366=DIRECTION('',(1.E0,0.E0,0.E0));
#367=DIRECTION('',(0.E0,0.E0,-1.E0));
#368=AXIS2_PLACEMENT_3D('',#365,#366,#367);
#370=DIRECTION('',(-1.E0,-1.404210081546E-13,0.E0));
#371=VECTOR('',#370,1.E1);
#372=CARTESIAN_POINT('',(3.08E1,5.311622476547E0,6.52E1));
#373=LINE('',#372,#371);
#374=DIRECTION('',(0.E0,-1.E0,-1.872798442391E-13));
#375=VECTOR('',#374,1.062324495309E1);
#376=CARTESIAN_POINT('',(2.08E1,5.311622476545E0,6.52E1));
#377=LINE('',#376,#375);
#378=DIRECTION('',(-1.E0,-1.111999381465E-13,0.E0));
#379=VECTOR('',#378,1.E1);
#380=CARTESIAN_POINT('',(3.08E1,-5.311622476540E0,6.52E1));
#381=LINE('',#380,#379);
#382=DIRECTION('',(-1.E0,1.456612608308E-14,2.174260771426E-13));
#383=VECTOR('',#382,1.E1);
#384=CARTESIAN_POINT('',(3.08E1,-1.062324495309E1,5.6E1));
#385=LINE('',#384,#383);
#386=DIRECTION('',(-1.E0,1.404210081546E-13,0.E0));
#387=VECTOR('',#386,1.E1);
#388=CARTESIAN_POINT('',(3.08E1,-5.311622476547E0,4.68E1));
#389=LINE('',#388,#387);
#390=DIRECTION('',(0.E0,1.E0,1.859421310660E-13));
#391=VECTOR('',#390,1.062324495309E1);
#392=CARTESIAN_POINT('',(2.08E1,-5.311622476545E0,4.68E1));
#393=LINE('',#392,#391);
#394=DIRECTION('',(-1.E0,1.110223024625E-13,0.E0));
#395=VECTOR('',#394,1.E1);
#396=CARTESIAN_POINT('',(3.08E1,5.311622476540E0,4.68E1));
#397=LINE('',#396,#395);
#398=DIRECTION('',(-1.E0,-1.456612608308E-14,-2.181366198784E-13));
#399=VECTOR('',#398,1.E1);
#400=CARTESIAN_POINT('',(3.08E1,1.062324495309E1,5.6E1));
#401=LINE('',#400,#399);
#402=DIRECTION('',(0.E0,1.E0,0.E0));
#403=VECTOR('',#402,2.700000000059E1);
#404=CARTESIAN_POINT('',(3.08E1,-1.350000000059E1,1.26E2));
#405=LINE('',#404,#403);
#406=DIRECTION('',(0.E0,-5.000000000004E-1,-8.660254037842E-1));
#407=VECTOR('',#406,1.062324495310E1);
#408=CARTESIAN_POINT('',(3.08E1,-5.311622476540E0,6.52E1));
#409=LINE('',#408,#407);
#410=DIRECTION('',(0.E0,5.000000000002E-1,-8.660254037843E-1));
#411=VECTOR('',#410,1.062324495309E1);
#412=CARTESIAN_POINT('',(3.08E1,-1.062324495309E1,5.6E1));
#413=LINE('',#412,#411);
#414=DIRECTION('',(0.E0,1.E0,1.859421310660E-13));
#415=VECTOR('',#414,1.062324495309E1);
#416=CARTESIAN_POINT('',(3.08E1,-5.311622476547E0,4.68E1));
#417=LINE('',#416,#415);
#418=DIRECTION('',(0.E0,5.000000000004E-1,8.660254037842E-1));
#419=VECTOR('',#418,1.062324495310E1);
#420=CARTESIAN_POINT('',(3.08E1,5.311622476540E0,4.68E1));
#421=LINE('',#420,#419);
#422=DIRECTION('',(0.E0,-5.000000000002E-1,8.660254037843E-1));
#423=VECTOR('',#422,1.062324495309E1);
#424=CARTESIAN_POINT('',(3.08E1,1.062324495309E1,5.6E1));
#425=LINE('',#424,#423);
#426=DIRECTION('',(0.E0,-1.E0,-1.872798442391E-13));
#427=VECTOR('',#426,1.062324495309E1);
#428=CARTESIAN_POINT('',(3.08E1,5.311622476547E0,6.52E1));
#429=LINE('',#428,#427);
#430=DIRECTION('',(8.793778070953E-9,-1.E0,1.898272279182E-8));
#431=VECTOR('',#430,2.700000125304E1);
#432=CARTESIAN_POINT('',(3.061476419312E1,1.35E1,3.991575711932E1));
#433=LINE('',#432,#431);
#434=DIRECTION('',(-1.411110609177E-8,1.E0,-2.741826281571E-8));
#435=VECTOR('',#434,2.700000000487E1);
#436=CARTESIAN_POINT('',(3.080000038100E1,-1.350000000487E1,4.075637128049E1));
#437=LINE('',#436,#435);
#438=CARTESIAN_POINT('',(2.579999999995E1,1.65E1,3.427979978393E1));
#439=DIRECTION('',(-4.203067282602E-1,0.E0,-9.073820883064E-1));
#440=DIRECTION('',(0.E0,1.E0,0.E0));
#441=AXIS2_PLACEMENT_3D('',#438,#439,#440);
#443=CARTESIAN_POINT('',(2.88E1,1.35E1,4.075637054020E1));
#444=DIRECTION('',(0.E0,-1.E0,0.E0));
#445=DIRECTION('',(9.073821645045E-1,0.E0,-4.203065637593E-1));
#446=AXIS2_PLACEMENT_3D('',#443,#444,#445);
#448=CARTESIAN_POINT('',(3.08E1,1.35E1,4.075637054020E1));
#449=CARTESIAN_POINT('',(3.08E1,1.363377300409E1,4.075637054020E1));
#450=CARTESIAN_POINT('',(3.078922748987E1,1.390478060862E1,4.074191987251E1));
#451=CARTESIAN_POINT('',(3.073874474454E1,1.431730538017E1,4.067707863503E1));
#452=CARTESIAN_POINT('',(3.065101962751E1,1.473747344861E1,4.056361843415E1));
#453=CARTESIAN_POINT('',(3.052218928991E1,1.516415640751E1,4.039710004238E1));
#454=CARTESIAN_POINT('',(3.034903027661E1,1.559306242543E1,4.017228500057E1));
#455=CARTESIAN_POINT('',(3.012441993441E1,1.602677995662E1,3.988124103730E1));
#456=CARTESIAN_POINT('',(2.983685717930E1,1.646691863578E1,3.950890153320E1));
#457=CARTESIAN_POINT('',(2.947853965268E1,1.690326290311E1,3.904418421995E1));
#458=CARTESIAN_POINT('',(2.904285198536E1,1.732272026749E1,3.848124796819E1));
#459=CARTESIAN_POINT('',(2.852880753536E1,1.770703175290E1,3.781359311270E1));
#460=CARTESIAN_POINT('',(2.793492853863E1,1.803918653302E1,3.704616328378E1));
#461=CARTESIAN_POINT('',(2.726990008586E1,1.829745571482E1,3.618403648849E1));
#462=CARTESIAN_POINT('',(2.655113642362E1,1.846180990148E1,3.525227790424E1));
#463=CARTESIAN_POINT('',(2.605327335127E1,1.850000002877E1,3.460820246976E1));
#464=CARTESIAN_POINT('',(2.579999996812E1,1.850000001435E1,3.427979989958E1));
#466=DIRECTION('',(4.203067282622E-1,-1.261808986744E-7,9.073820883054E-1));
#467=VECTOR('',#466,2.216695294654E0);
#468=CARTESIAN_POINT('',(2.668307229169E1,1.650000000144E1,3.142779685548E1));
#469=LINE('',#468,#467);
#470=CARTESIAN_POINT('',(2.486830811510E1,1.65E1,3.226841031200E1));
#471=DIRECTION('',(-1.E0,0.E0,0.E0));
#472=DIRECTION('',(0.E0,1.E0,-1.756308876111E-9));
#473=AXIS2_PLACEMENT_3D('',#470,#471,#472);
#475=CARTESIAN_POINT('',(2.486830811510E1,1.65E1,3.226841031200E1));
#476=DIRECTION('',(-3.079924503251E-1,-6.804654081918E-1,-6.649116323220E-1));
#477=DIRECTION('',(-2.150102318410E-11,6.988852839911E-1,-7.152337798376E-1));
#478=AXIS2_PLACEMENT_3D('',#475,#476,#477);
#480=CARTESIAN_POINT('',(2.486830811510E1,1.65E1,3.226841031200E1));
#481=DIRECTION('',(4.203067282542E-1,1.157149729925E-11,9.073820883091E-1));
#482=DIRECTION('',(9.073820883091E-1,2.870246262887E-9,-4.203067282542E-1));
#483=AXIS2_PLACEMENT_3D('',#480,#481,#482);
#485=DIRECTION('',(9.999999999930E-1,-2.679011714221E-6,-2.616154225586E-6));
#486=VECTOR('',#485,1.225679059278E1);
#487=CARTESIAN_POINT('',(1.261165929427E1,1.789777056798E1,3.083794275230E1));
#488=LINE('',#487,#486);
#489=DIRECTION('',(-1.E0,-6.728074829998E-11,-4.189284216856E-10));
#490=VECTOR('',#489,1.188873261448E1);
#491=CARTESIAN_POINT('',(2.486830811507E1,1.85E1,3.226841031112E1));
#492=LINE('',#491,#490);
#493=CARTESIAN_POINT('',(1.297957550059E1,1.849999999920E1,3.226841030614E1));
#494=CARTESIAN_POINT('',(1.294549460479E1,1.849999985352E1,3.213590334484E1));
#495=CARTESIAN_POINT('',(1.287735803150E1,1.847358329980E1,3.187088676958E1));
#496=CARTESIAN_POINT('',(1.277902867721E1,1.835611089637E1,3.148863077312E1));
#497=CARTESIAN_POINT('',(1.268847439725E1,1.816500605367E1,3.113650680958E1));
#498=CARTESIAN_POINT('',(1.263563651959E1,1.799317511997E1,3.093116645662E1));
#499=CARTESIAN_POINT('',(1.261165929427E1,1.789777056798E1,3.083794275230E1));
#501=DIRECTION('',(-8.951581933701E-2,-7.123624026896E-1,-6.960795395087E-1));
#502=VECTOR('',#501,1.495156027711E1);
#503=CARTESIAN_POINT('',(1.261165929427E1,1.789777056798E1,3.083794275230E1));
#504=LINE('',#503,#502);
#505=DIRECTION('',(3.080015078248E-1,6.804633103242E-1,6.649095836880E-1));
#506=VECTOR('',#505,1.565241858783E1);
#507=CARTESIAN_POINT('',(2.004748136080E1,7.246841165043E0,2.043046755970E1));
#508=LINE('',#507,#506);
#509=CARTESIAN_POINT('',(1.108037122431E1,1.85E1,3.041854944700E1));
#510=CARTESIAN_POINT('',(1.077310729570E1,1.85E1,2.995319333076E1));
#511=CARTESIAN_POINT('',(1.059915415037E1,1.85E1,2.943830720476E1));
#512=CARTESIAN_POINT('',(1.052802680839E1,1.85E1,2.888521739472E1));
#514=CARTESIAN_POINT('',(9.094566363386E0,7.092593645632E0,1.773855645378E1));
#515=CARTESIAN_POINT('',(9.102201954159E0,7.044335261634E0,1.779793119546E1));
#516=CARTESIAN_POINT('',(9.127362318726E0,6.953136163418E0,1.792417382535E1));
#517=CARTESIAN_POINT('',(9.195901615860E0,6.836999859947E0,1.813267742033E1));
#518=CARTESIAN_POINT('',(9.299029120369E0,6.742571685303E0,1.836420705522E1));
#519=CARTESIAN_POINT('',(9.441792099151E0,6.674606017884E0,1.862049905936E1));
#520=CARTESIAN_POINT('',(9.629621833217E0,6.639899434384E0,1.890170207646E1));
#521=CARTESIAN_POINT('',(9.866758046990E0,6.646916539225E0,1.920469913023E1));
#522=CARTESIAN_POINT('',(1.015617571984E1,6.704812863943E0,1.952401184540E1));
#523=CARTESIAN_POINT('',(1.049634298114E1,6.822201189864E0,1.984882225495E1));
#524=CARTESIAN_POINT('',(1.087454761413E1,7.001872751955E0,2.015964602922E1));
#525=CARTESIAN_POINT('',(1.113845782292E1,7.158704154193E0,2.034434514546E1));
#526=CARTESIAN_POINT('',(1.127325812570E1,7.246841165022E0,2.043046755967E1));
#528=CARTESIAN_POINT('',(1.297957550059E1,1.849999999920E1,3.226841030614E1));
#529=CARTESIAN_POINT('',(1.270558577066E1,1.849999999670E1,3.205320524264E1));
#530=CARTESIAN_POINT('',(1.218827850478E1,1.850000000154E1,3.164417531149E1));
#531=CARTESIAN_POINT('',(1.156258482808E1,1.849999999956E1,3.105742416441E1));
#532=CARTESIAN_POINT('',(1.122386454598E1,1.85E1,3.063587236928E1));
#533=CARTESIAN_POINT('',(1.108037122422E1,1.85E1,3.041854944689E1));
#535=CARTESIAN_POINT('',(1.261165929425E1,1.929554113597E1,2.940747519263E1));
#536=DIRECTION('',(8.951581933607E-2,7.123624026897E-1,6.960795395087E-1));
#537=DIRECTION('',(-7.656440350173E-1,-3.977705679853E-1,5.055371271105E-1));
#538=AXIS2_PLACEMENT_3D('',#535,#536,#537);
#540=DIRECTION('',(-1.E0,0.E0,0.E0));
#541=VECTOR('',#540,1.56E1);
#542=CARTESIAN_POINT('',(-1.02E1,1.85E1,1.26E2));
#543=LINE('',#542,#541);
#544=DIRECTION('',(4.203061366736E-1,-9.365257894485E-8,-9.073823623338E-1));
#545=VECTOR('',#544,2.216705092014E0);
#546=CARTESIAN_POINT('',(-2.580000286844E1,1.850000020760E1,3.427980941662E1));
#547=LINE('',#546,#545);
#548=DIRECTION('',(1.275217425383E-1,-7.047321191298E-13,-9.918357753076E-1));
#549=VECTOR('',#548,1.198299351665E1);
#550=CARTESIAN_POINT('',(-1.052809221405E1,1.850000000001E1,2.888516166509E1));
#551=LINE('',#550,#549);
#552=DIRECTION('',(1.275420294636E-1,5.825790926541E-13,9.918331667777E-1));
#553=VECTOR('',#552,1.198306370220E1);
#554=CARTESIAN_POINT('',(8.999682544361E0,1.85E1,1.700001737320E1));
#555=LINE('',#554,#553);
#556=DIRECTION('',(4.203066963682E-1,6.473806046791E-9,9.073821030790E-1));
#557=VECTOR('',#556,2.216695239674E0);
#558=CARTESIAN_POINT('',(2.486830811507E1,1.85E1,3.226841031112E1));
#559=LINE('',#558,#557);
#560=DIRECTION('',(-1.E0,0.E0,0.E0));
#561=VECTOR('',#560,1.559999999253E1);
#562=CARTESIAN_POINT('',(2.579999999253E1,1.85E1,1.26E2));
#563=LINE('',#562,#561);
#564=DIRECTION('',(0.E0,0.E0,-1.E0));
#565=VECTOR('',#564,3.5E1);
#566=CARTESIAN_POINT('',(-1.02E1,1.85E1,1.26E2));
#567=LINE('',#566,#565);
#568=DIRECTION('',(0.E0,0.E0,1.E0));
#569=VECTOR('',#568,3.E1);
#570=CARTESIAN_POINT('',(-5.2E0,1.35E1,9.6E1));
#571=LINE('',#570,#569);
#572=CARTESIAN_POINT('',(-1.02E1,-1.35E1,1.26E2));
#573=DIRECTION('',(0.E0,0.E0,-1.E0));
#574=DIRECTION('',(1.E0,0.E0,0.E0));
#575=AXIS2_PLACEMENT_3D('',#572,#573,#574);
#577=CARTESIAN_POINT('',(-2.58E1,-1.35E1,1.26E2));
#578=DIRECTION('',(0.E0,0.E0,-1.E0));
#579=DIRECTION('',(0.E0,-1.E0,0.E0));
#580=AXIS2_PLACEMENT_3D('',#577,#578,#579);
#582=CARTESIAN_POINT('',(-2.58E1,1.35E1,1.26E2));
#583=DIRECTION('',(0.E0,0.E0,-1.E0));
#584=DIRECTION('',(-1.E0,0.E0,0.E0));
#585=AXIS2_PLACEMENT_3D('',#582,#583,#584);
#587=CARTESIAN_POINT('',(-1.02E1,1.35E1,1.26E2));
#588=DIRECTION('',(0.E0,0.E0,-1.E0));
#589=DIRECTION('',(0.E0,1.E0,0.E0));
#590=AXIS2_PLACEMENT_3D('',#587,#588,#589);
#592=DIRECTION('',(-8.660254037842E-1,5.000000000004E-1,0.E0));
#593=VECTOR('',#592,1.062324495310E1);
#594=CARTESIAN_POINT('',(-8.8E0,5.311622476540E0,1.26E2));
#595=LINE('',#594,#593);
#596=DIRECTION('',(-8.660254037843E-1,-5.000000000002E-1,0.E0));
#597=VECTOR('',#596,1.062324495309E1);
#598=CARTESIAN_POINT('',(-1.8E1,1.062324495309E1,1.26E2));
#599=LINE('',#598,#597);
#600=DIRECTION('',(1.862765593593E-13,-1.E0,0.E0));
#601=VECTOR('',#600,1.062324495309E1);
#602=CARTESIAN_POINT('',(-2.72E1,5.311622476547E0,1.26E2));
#603=LINE('',#602,#601);
#604=DIRECTION('',(8.660254037842E-1,-5.000000000004E-1,0.E0));
#605=VECTOR('',#604,1.062324495310E1);
#606=CARTESIAN_POINT('',(-2.72E1,-5.311622476540E0,1.26E2));
#607=LINE('',#606,#605);
#608=DIRECTION('',(8.660254037843E-1,5.000000000002E-1,0.E0));
#609=VECTOR('',#608,1.062324495309E1);
#610=CARTESIAN_POINT('',(-1.8E1,-1.062324495309E1,1.26E2));
#611=LINE('',#610,#609);
#612=DIRECTION('',(-2.335981628590E-13,1.E0,0.E0));
#613=VECTOR('',#612,1.062324495309E1);
#614=CARTESIAN_POINT('',(-8.799999999998E0,-5.311622476547E0,1.26E2));
#615=LINE('',#614,#613);
#616=DIRECTION('',(0.E0,1.E0,0.E0));
#617=VECTOR('',#616,2.7E1);
#618=CARTESIAN_POINT('',(-5.2E0,-1.35E1,1.26E2));
#619=LINE('',#618,#617);
#620=DIRECTION('',(3.471743792080E-13,0.E0,1.E0));
#621=VECTOR('',#620,1.485864329443E1);
#622=CARTESIAN_POINT('',(-5.2E0,8.E0,9.6E1));
#623=LINE('',#622,#621);
#624=CARTESIAN_POINT('',(-5.200000000265E0,-6.E0,1.132454607066E2));
#625=CARTESIAN_POINT('',(-5.200000000265E0,-6.082494335200E0,1.132454607066E2));
#626=CARTESIAN_POINT('',(-5.199999999877E0,-6.247402415714E0,1.132327014970E2));
#627=CARTESIAN_POINT('',(-5.200000000033E0,-6.494997645087E0,1.131744436187E2));
#628=CARTESIAN_POINT('',(-5.199999999991E0,-6.741404941474E0,1.130749712247E2));
#629=CARTESIAN_POINT('',(-5.200000000002E0,-6.982999244855E0,1.129325433941E2));
#630=CARTESIAN_POINT('',(-5.199999999999E0,-7.216861935909E0,1.127439907393E2));
#631=CARTESIAN_POINT('',(-5.2E0,-7.434630608556E0,1.125102271321E2));
#632=CARTESIAN_POINT('',(-5.2E0,-7.629366550042E0,1.122319419247E2));
#633=CARTESIAN_POINT('',(-5.2E0,-7.790243252519E0,1.119177403183E2));
#634=CARTESIAN_POINT('',(-5.199999999999E0,-7.910485105255E0,1.115756548627E2));
#635=CARTESIAN_POINT('',(-5.200000000002E0,-7.983892899760E0,1.112169397636E2));
#636=CARTESIAN_POINT('',(-5.199999999996E0,-8.E0,1.109786018640E2));
#637=CARTESIAN_POINT('',(-5.199999999996E0,-8.E0,1.108586432944E2));
#639=DIRECTION('',(0.E0,0.E0,-1.E0));
#640=VECTOR('',#639,3.E1);
#641=CARTESIAN_POINT('',(-5.2E0,-1.35E1,1.26E2));
#642=LINE('',#641,#640);
#643=CARTESIAN_POINT('',(-5.2E0,-1.35E1,9.6E1));
#644=CARTESIAN_POINT('',(-5.2E0,-1.366178242899E1,9.6E1));
#645=CARTESIAN_POINT('',(-5.215798978707E0,-1.398746777548E1,9.598420102129E1));
#646=CARTESIAN_POINT('',(-5.287466130752E0,-1.447443600604E1,9.591253386925E1));
#647=CARTESIAN_POINT('',(-5.410177195922E0,-1.496447617061E1,9.578982280408E1));
#648=CARTESIAN_POINT('',(-5.586864302602E0,-1.545247717420E1,9.561313569740E1));
#649=CARTESIAN_POINT('',(-5.823609321764E0,-1.593903914066E1,9.537639067824E1));
#650=CARTESIAN_POINT('',(-6.125441151887E0,-1.641714057401E1,9.507455884811E1));
#651=CARTESIAN_POINT('',(-6.498936649701E0,-1.688027336992E1,9.470106335030E1));
#652=CARTESIAN_POINT('',(-6.948657646081E0,-1.731654951065E1,9.425134235392E1));
#653=CARTESIAN_POINT('',(-7.475706456911E0,-1.771062540888E1,9.372429354309E1));
#654=CARTESIAN_POINT('',(-8.078145425310E0,-1.804561160175E1,9.312185457469E1));
#655=CARTESIAN_POINT('',(-8.746619846780E0,-1.830243231176E1,9.245338015322E1));
#656=CARTESIAN_POINT('',(-9.461084071363E0,-1.846323630314E1,9.173891592864E1));
#657=CARTESIAN_POINT('',(-9.951553142203E0,-1.85E1,9.124844685780E1));
#658=CARTESIAN_POINT('',(-1.02E1,-1.85E1,9.1E1));
#660=DIRECTION('',(0.E0,0.E0,1.E0));
#661=VECTOR('',#660,3.5E1);
#662=CARTESIAN_POINT('',(-1.02E1,-1.85E1,9.1E1));
#663=LINE('',#662,#661);
#664=CARTESIAN_POINT('',(5.2E0,-1.35E1,9.6E1));
#665=CARTESIAN_POINT('',(5.2E0,-1.366179211699E1,9.6E1));
#666=CARTESIAN_POINT('',(5.215800817923E0,-1.398746638207E1,9.598419918208E1));
#667=CARTESIAN_POINT('',(5.287450435234E0,-1.447433178810E1,9.591254956477E1));
#668=CARTESIAN_POINT('',(5.410096016906E0,-1.496417951179E1,9.578990398309E1));
#669=CARTESIAN_POINT('',(5.586660743272E0,-1.545199160925E1,9.561333925673E1));
#670=CARTESIAN_POINT('',(5.823386292663E0,-1.593864055762E1,9.537661370734E1));
#671=CARTESIAN_POINT('',(6.125124859122E0,-1.641669149401E1,9.507487514088E1));
#672=CARTESIAN_POINT('',(6.498504533215E0,-1.687979130566E1,9.470149546679E1));
#673=CARTESIAN_POINT('',(6.948018052039E0,-1.731599356300E1,9.425198194796E1));
#674=CARTESIAN_POINT('',(7.474893788443E0,-1.771009766660E1,9.372510621156E1));
#675=CARTESIAN_POINT('',(8.077250932710E0,-1.804518916761E1,9.312274906729E1));
#676=CARTESIAN_POINT('',(8.745561919670E0,-1.830211169999E1,9.245443808033E1));
#677=CARTESIAN_POINT('',(9.460230448379E0,-1.846313433142E1,9.173976955162E1));
#678=CARTESIAN_POINT('',(9.951214162777E0,-1.85E1,9.124878583722E1));
#679=CARTESIAN_POINT('',(1.02E1,-1.85E1,9.1E1));
#681=DIRECTION('',(-1.E0,0.E0,0.E0));
#682=VECTOR('',#681,2.04E1);
#683=CARTESIAN_POINT('',(1.02E1,-1.85E1,9.1E1));
#684=LINE('',#683,#682);
#685=DIRECTION('',(1.E0,0.E0,0.E0));
#686=VECTOR('',#685,1.04E1);
#687=CARTESIAN_POINT('',(-5.2E0,-1.35E1,9.6E1));
#688=LINE('',#687,#686);
#689=DIRECTION('',(0.E0,0.E0,-1.E0));
#690=VECTOR('',#689,3.5E1);
#691=CARTESIAN_POINT('',(1.02E1,-1.85E1,1.26E2));
#692=LINE('',#691,#690);
#693=DIRECTION('',(0.E0,0.E0,1.E0));
#694=VECTOR('',#693,3.E1);
#695=CARTESIAN_POINT('',(5.2E0,-1.35E1,9.6E1));
#696=LINE('',#695,#694);
#697=CARTESIAN_POINT('',(1.02E1,-1.35E1,1.26E2));
#698=DIRECTION('',(0.E0,0.E0,-1.E0));
#699=DIRECTION('',(0.E0,-1.E0,0.E0));
#700=AXIS2_PLACEMENT_3D('',#697,#698,#699);
#702=CARTESIAN_POINT('',(1.02E1,1.35E1,1.26E2));
#703=DIRECTION('',(0.E0,0.E0,-1.E0));
#704=DIRECTION('',(-1.E0,0.E0,0.E0));
#705=AXIS2_PLACEMENT_3D('',#702,#703,#704);
#707=CARTESIAN_POINT('',(2.58E1,1.35E1,1.26E2));
#708=DIRECTION('',(0.E0,0.E0,-1.E0));
#709=DIRECTION('',(0.E0,1.E0,0.E0));
#710=AXIS2_PLACEMENT_3D('',#707,#708,#709);
#712=CARTESIAN_POINT('',(2.58E1,-1.35E1,1.26E2));
#713=DIRECTION('',(0.E0,0.E0,-1.E0));
#714=DIRECTION('',(1.E0,0.E0,0.E0));
#715=AXIS2_PLACEMENT_3D('',#712,#713,#714);
#717=DIRECTION('',(8.660254037842E-1,-5.000000000004E-1,0.E0));
#718=VECTOR('',#717,1.062324495310E1);
#719=CARTESIAN_POINT('',(8.8E0,-5.311622476540E0,1.26E2));
#720=LINE('',#719,#718);
#721=DIRECTION('',(8.660254037843E-1,5.000000000002E-1,0.E0));
#722=VECTOR('',#721,1.062324495309E1);
#723=CARTESIAN_POINT('',(1.8E1,-1.062324495309E1,1.26E2));
#724=LINE('',#723,#722);
#725=DIRECTION('',(-1.862765593593E-13,1.E0,0.E0));
#726=VECTOR('',#725,1.062324495309E1);
#727=CARTESIAN_POINT('',(2.72E1,-5.311622476547E0,1.26E2));
#728=LINE('',#727,#726);
#729=DIRECTION('',(-8.660254037842E-1,5.000000000004E-1,0.E0));
#730=VECTOR('',#729,1.062324495310E1);
#731=CARTESIAN_POINT('',(2.72E1,5.311622476540E0,1.26E2));
#732=LINE('',#731,#730);
#733=DIRECTION('',(-8.660254037843E-1,-5.000000000002E-1,0.E0));
#734=VECTOR('',#733,1.062324495309E1);
#735=CARTESIAN_POINT('',(1.8E1,1.062324495309E1,1.26E2));
#736=LINE('',#735,#734);
#737=DIRECTION('',(2.334309487123E-13,-1.E0,0.E0));
#738=VECTOR('',#737,1.062324495309E1);
#739=CARTESIAN_POINT('',(8.799999999998E0,5.311622476547E0,1.26E2));
#740=LINE('',#739,#738);
#741=DIRECTION('',(1.E0,0.E0,0.E0));
#742=VECTOR('',#741,1.56E1);
#743=CARTESIAN_POINT('',(1.02E1,-1.85E1,1.26E2));
#744=LINE('',#743,#742);
#745=DIRECTION('',(-4.203062701201E-1,1.179149802741E-7,-9.073823005204E-1));
#746=VECTOR('',#745,2.205613028888E0);
#747=CARTESIAN_POINT('',(2.580000221170E1,-1.850000026007E1,3.427980720831E1));
#748=LINE('',#747,#746);
#749=DIRECTION('',(-1.275217425407E-1,4.645732210633E-13,-9.918357753073E-1));
#750=VECTOR('',#749,1.200620316201E1);
#751=CARTESIAN_POINT('',(1.053105194850E1,-1.850000000001E1,2.890818182169E1));
#752=LINE('',#751,#750);
#753=DIRECTION('',(-1.275217425407E-1,-5.352948770035E-13,9.918357753073E-1));
#754=VECTOR('',#753,1.200620316213E1);
#755=CARTESIAN_POINT('',(-8.999999999980E0,-1.85E1,1.7E1));
#756=LINE('',#755,#754);
#757=DIRECTION('',(-4.203066791159E-1,-1.530201069644E-8,9.073821110704E-1));
#758=VECTOR('',#757,2.205606320891E0);
#759=CARTESIAN_POINT('',(-2.487296922619E1,-1.85E1,3.227847298617E1));
#760=LINE('',#759,#758);
#761=DIRECTION('',(1.E0,0.E0,0.E0));
#762=VECTOR('',#761,1.560000002923E1);
#763=CARTESIAN_POINT('',(-2.580000002923E1,-1.85E1,1.26E2));
#764=LINE('',#763,#762);
#765=DIRECTION('',(4.469543368767E-9,-5.015356286967E-11,-1.E0));
#766=VECTOR('',#765,8.524362871951E1);
#767=CARTESIAN_POINT('',(3.08E1,-1.350000000059E1,1.26E2));
#768=LINE('',#767,#766);
#769=DIRECTION('',(-2.411350740949E-8,2.835524096469E-9,1.E0));
#770=VECTOR('',#769,9.172019279169E1);
#771=CARTESIAN_POINT('',(2.580000221170E1,-1.850000026007E1,3.427980720831E1));
#772=LINE('',#771,#770);
#773=CARTESIAN_POINT('',(2.88E1,-1.35E1,4.075637054020E1));
#774=DIRECTION('',(0.E0,1.E0,0.E0));
#775=DIRECTION('',(1.E0,0.E0,0.E0));
#776=AXIS2_PLACEMENT_3D('',#773,#774,#775);
#778=CARTESIAN_POINT('',(2.580000402448E1,-1.65E1,3.427980847232E1));
#779=DIRECTION('',(-4.203067282602E-1,0.E0,-9.073820883064E-1));
#780=DIRECTION('',(9.073820883064E-1,-5.201778385810E-8,-4.203067282602E-1));
#781=AXIS2_PLACEMENT_3D('',#778,#779,#780);
#783=CARTESIAN_POINT('',(2.580000221170E1,-1.850000026007E1,3.427980720831E1));
#784=CARTESIAN_POINT('',(2.624800121014E1,-1.849999998400E1,3.486090140049E1));
#785=CARTESIAN_POINT('',(2.706861757839E1,-1.837958310108E1,3.592249216610E1));
#786=CARTESIAN_POINT('',(2.800714084097E1,-1.801489118353E1,3.713927472911E1));
#787=CARTESIAN_POINT('',(2.877905067834E1,-1.756107747134E1,3.813857430244E1));
#788=CARTESIAN_POINT('',(2.960408538051E1,-1.679505617979E1,3.920719091287E1));
#789=CARTESIAN_POINT('',(3.008203123442E1,-1.612740274293E1,3.982672338047E1));
#790=CARTESIAN_POINT('',(3.052262605451E1,-1.524619683383E1,4.039808158284E1));
#791=CARTESIAN_POINT('',(3.076300509749E1,-1.429892695899E1,4.070623305829E1));
#792=CARTESIAN_POINT('',(3.080000052340E1,-1.375437334536E1,4.075637150775E1));
#793=CARTESIAN_POINT('',(3.080000038100E1,-1.350000000487E1,4.075637128049E1));
#795=DIRECTION('',(-3.079924503131E-1,-6.804654082318E-1,-6.649116322866E-1));
#796=VECTOR('',#795,1.565241858808E1);
#797=CARTESIAN_POINT('',(2.668307229169E1,1.650000000144E1,3.142779685548E1));
#798=LINE('',#797,#796);
#799=CARTESIAN_POINT('',(2.186224553741E1,5.849070597086E0,2.102032166285E1));
#800=CARTESIAN_POINT('',(2.171269585109E1,5.518668754867E0,2.069746528902E1));
#801=CARTESIAN_POINT('',(2.136837867034E1,4.988131721280E0,1.995413379631E1));
#802=CARTESIAN_POINT('',(2.080744469494E1,4.625628569932E0,1.874315757843E1));
#803=CARTESIAN_POINT('',(2.034276534789E1,4.635567339607E0,1.773998140737E1));
#804=CARTESIAN_POINT('',(2.008497774215E1,4.760748515765E0,1.718345478576E1));
#805=CARTESIAN_POINT('',(2.000000000002E1,4.816319183446E0,1.699999999999E1));
#807=DIRECTION('',(-2.123957650994E-12,-1.E0,9.165048520592E-13));
#808=VECTOR('',#807,9.438965640436E0);
#809=CARTESIAN_POINT('',(2.000000000002E1,4.816319183446E0,1.699999999999E1));
#810=LINE('',#809,#808);
#811=CARTESIAN_POINT('',(2.E1,-4.622646456990E0,1.7E1));
#812=CARTESIAN_POINT('',(2.008892470556E1,-4.564495383568E0,1.719197571517E1));
#813=CARTESIAN_POINT('',(2.035154999782E1,-4.438911561078E0,1.775894619902E1));
#814=CARTESIAN_POINT('',(2.082111480045E1,-4.436076595918E0,1.877266937888E1));
#815=CARTESIAN_POINT('',(2.138189286296E1,-4.808669873757E0,1.998330899901E1));
#816=CARTESIAN_POINT('',(2.172475166236E1,-5.346190007852E0,2.072349206035E1));
#817=CARTESIAN_POINT('',(2.187324573595E1,-5.679909574441E0,2.104406951756E1));
#819=DIRECTION('',(3.055450535131E-1,-6.866826430515E-1,6.596280527733E-1));
#820=VECTOR('',#819,1.575704666639E1);
#821=CARTESIAN_POINT('',(2.187324573595E1,-5.679909574441E0,2.104406951756E1));
#822=LINE('',#821,#820);
#823=CARTESIAN_POINT('',(2.761476883807E1,-1.650000017305E1,3.343919639084E1));
#824=CARTESIAN_POINT('',(2.790526510965E1,-1.649998842387E1,3.406633627397E1));
#825=CARTESIAN_POINT('',(2.834130448600E1,-1.643781579265E1,3.500768292477E1));
#826=CARTESIAN_POINT('',(2.891077655915E1,-1.621918315915E1,3.623709163829E1));
#827=CARTESIAN_POINT('',(2.936455873705E1,-1.595829386310E1,3.721674243119E1));
#828=CARTESIAN_POINT('',(2.974883447258E1,-1.563157158519E1,3.804633875788E1));
#829=CARTESIAN_POINT('',(3.005696150520E1,-1.525597733221E1,3.871154093240E1));
#830=CARTESIAN_POINT('',(3.025172721324E1,-1.494639583387E1,3.913201222776E1));
#831=CARTESIAN_POINT('',(3.040667432207E1,-1.461595518814E1,3.946652086469E1));
#832=CARTESIAN_POINT('',(3.052089423580E1,-1.427541415701E1,3.971310531495E1));
#833=CARTESIAN_POINT('',(3.059671943380E1,-1.389943793033E1,3.987680106858E1));
#834=CARTESIAN_POINT('',(3.061476458506E1,-1.363311584521E1,3.991575796540E1));
#835=CARTESIAN_POINT('',(3.061476443055E1,-1.350000125304E1,3.991575763185E1));
#837=CARTESIAN_POINT('',(3.061476419312E1,1.35E1,3.991575711932E1));
#838=CARTESIAN_POINT('',(3.061476419312E1,1.363984746180E1,3.991575711932E1));
#839=CARTESIAN_POINT('',(3.059477847648E1,1.391945055211E1,3.987261081672E1));
#840=CARTESIAN_POINT('',(3.051164214611E1,1.431182844490E1,3.969313137468E1));
#841=CARTESIAN_POINT('',(3.038733902021E1,1.466440356767E1,3.942477871135E1));
#842=CARTESIAN_POINT('',(3.022363384110E1,1.499642054981E1,3.907136265277E1));
#843=CARTESIAN_POINT('',(3.002369320859E1,1.530071515416E1,3.863971943488E1));
#844=CARTESIAN_POINT('',(2.971482084591E1,1.566422412565E1,3.797290819766E1));
#845=CARTESIAN_POINT('',(2.920271708817E1,1.608697302486E1,3.686734945710E1));
#846=CARTESIAN_POINT('',(2.846861942944E1,1.641987260975E1,3.528253764753E1));
#847=CARTESIAN_POINT('',(2.789932197962E1,1.649999977413E1,3.405350590924E1));
#848=CARTESIAN_POINT('',(2.761476423854E1,1.649999972174E1,3.343918646108E1));
#850=CARTESIAN_POINT('',(1.686943935540E1,8.644611732990E0,1.699999952470E1));
#851=CARTESIAN_POINT('',(1.704165443887E1,8.473832937320E0,1.699999946957E1));
#852=CARTESIAN_POINT('',(1.739989853314E1,8.154134710945E0,1.700000024617E1));
#853=CARTESIAN_POINT('',(1.798207764288E1,7.699776685195E0,1.699999993404E1));
#854=CARTESIAN_POINT('',(1.849886975375E1,7.289175395943E0,1.700000001767E1));
#855=CARTESIAN_POINT('',(1.892317381430E1,6.912276566538E0,1.699999999526E1));
#856=CARTESIAN_POINT('',(1.927549194665E1,6.542993924290E0,1.700000000127E1));
#857=CARTESIAN_POINT('',(1.955850564855E1,6.172374583742E0,1.699999999966E1));
#858=CARTESIAN_POINT('',(1.976861944230E1,5.807127313869E0,1.700000000009E1));
#859=CARTESIAN_POINT('',(1.990782786850E1,5.455410048772E0,1.699999999997E1));
#860=CARTESIAN_POINT('',(1.998450009160E1,5.123031467146E0,1.700000000001E1));
#861=CARTESIAN_POINT('',(1.999999959331E1,4.916205040066E0,1.699999999999E1));
#862=CARTESIAN_POINT('',(2.000000000002E1,4.816319183446E0,1.699999999999E1));
#864=CARTESIAN_POINT('',(2.004748136077E1,5.849070597051E0,2.186093511934E1));
#865=DIRECTION('',(3.079924503329E-1,6.804654081837E-1,6.649116323267E-1));
#866=DIRECTION('',(9.073820883070E-1,-2.110311925207E-12,-4.203067282588E-1));
#867=AXIS2_PLACEMENT_3D('',#864,#865,#866);
#869=CARTESIAN_POINT('',(0.E0,0.E0,1.7E1));
#870=DIRECTION('',(0.E0,0.E0,-1.E0));
#871=DIRECTION('',(1.E0,0.E0,0.E0));
#872=AXIS2_PLACEMENT_3D('',#869,#870,#871);
#874=CARTESIAN_POINT('',(0.E0,1.065814103640E-14,1.7E1));
#875=DIRECTION('',(0.E0,0.E0,-1.E0));
#876=DIRECTION('',(-1.E0,0.E0,0.E0));
#877=AXIS2_PLACEMENT_3D('',#874,#875,#876);
#879=CARTESIAN_POINT('',(0.E0,1.065814103640E-14,1.7E1));
#880=DIRECTION('',(0.E0,0.E0,-1.E0));
#881=DIRECTION('',(-9.705269476831E-1,2.409926219220E-1,0.E0));
#882=AXIS2_PLACEMENT_3D('',#879,#880,#881);
#884=DIRECTION('',(-9.999999999995E-1,0.E0,-9.651948413409E-7));
#885=VECTOR('',#884,1.799968254435E1);
#886=CARTESIAN_POINT('',(8.999682544361E0,1.85E1,1.700001737320E1));
#887=LINE('',#886,#885);
#888=DIRECTION('',(8.302405570672E-13,-1.E0,8.070745289222E-14));
#889=VECTOR('',#888,7.131182999100E0);
#890=CARTESIAN_POINT('',(-8.999999999980E0,1.85E1,1.7E1));
#891=LINE('',#890,#889);
#892=DIRECTION('',(1.341883001964E-11,-1.E0,-1.017220216271E-13));
#893=VECTOR('',#892,2.724205265624E0);
#894=CARTESIAN_POINT('',(-8.999999999974E0,1.136881700090E1,1.7E1));
#895=LINE('',#894,#893);
#896=CARTESIAN_POINT('',(-1.686943937080E1,8.644611744422E0,1.699999952470E1));
#897=CARTESIAN_POINT('',(-1.702229038091E1,8.493035523987E0,1.699999947466E1));
#898=CARTESIAN_POINT('',(-1.734756067364E1,8.198356683019E0,1.700000024381E1));
#899=CARTESIAN_POINT('',(-1.790361213076E1,7.760013346954E0,1.699999993467E1));
#900=CARTESIAN_POINT('',(-1.844462595901E1,7.334699156543E0,1.700000001750E1));
#901=CARTESIAN_POINT('',(-1.889586117279E1,6.938679284759E0,1.699999999531E1));
#902=CARTESIAN_POINT('',(-1.925165953818E1,6.570596429130E0,1.700000000126E1));
#903=CARTESIAN_POINT('',(-1.954632146501E1,6.191396633273E0,1.699999999966E1));
#904=CARTESIAN_POINT('',(-1.976296671704E1,5.819328688210E0,1.700000000009E1));
#905=CARTESIAN_POINT('',(-1.990580339895E1,5.462653565743E0,1.699999999997E1));
#906=CARTESIAN_POINT('',(-1.998421060019E1,5.126117156955E0,1.700000000001E1));
#907=CARTESIAN_POINT('',(-1.999999958952E1,4.917135956488E0,1.699999999999E1));
#908=CARTESIAN_POINT('',(-2.000000000002E1,4.816319183470E0,1.699999999999E1));
#910=DIRECTION('',(-8.539047793659E-13,-1.E0,-6.476523997524E-14));
#911=VECTOR('',#910,7.131182999100E0);
#912=CARTESIAN_POINT('',(-8.999999999974E0,-1.136881700090E1,1.7E1));
#913=LINE('',#912,#911);
#914=DIRECTION('',(1.E0,0.E0,0.E0));
#915=VECTOR('',#914,1.799999999996E1);
#916=CARTESIAN_POINT('',(-8.999999999980E0,-1.85E1,1.7E1));
#917=LINE('',#916,#915);
#918=DIRECTION('',(2.254935181064E-12,1.E0,-1.582837870077E-13));
#919=VECTOR('',#918,2.917877989750E0);
#920=CARTESIAN_POINT('',(8.999999999974E0,-1.136881700090E1,1.7E1));
#921=LINE('',#920,#919);
#922=CARTESIAN_POINT('',(1.686943937654E1,-8.450939024230E0,1.699999952457E1));
#923=CARTESIAN_POINT('',(1.702220511467E1,-8.299467019738E0,1.699999945978E1));
#924=CARTESIAN_POINT('',(1.734730419451E1,-8.004900886965E0,1.700000025072E1));
#925=CARTESIAN_POINT('',(1.790329479101E1,-7.566588624783E0,1.699999993282E1));
#926=CARTESIAN_POINT('',(1.844437573728E1,-7.141253450897E0,1.700000001800E1));
#927=CARTESIAN_POINT('',(1.889570129237E1,-6.745160985307E0,1.699999999518E1));
#928=CARTESIAN_POINT('',(1.925152921018E1,-6.377075642047E0,1.700000000129E1));
#929=CARTESIAN_POINT('',(1.954623295920E1,-5.997860727056E0,1.699999999965E1));
#930=CARTESIAN_POINT('',(1.976291850046E1,-5.625756148978E0,1.700000000009E1));
#931=CARTESIAN_POINT('',(1.990578443592E1,-5.269046710174E0,1.699999999998E1));
#932=CARTESIAN_POINT('',(1.998420777871E1,-4.932474295291E0,1.700000000001E1));
#933=CARTESIAN_POINT('',(1.999999964804E1,-4.723472834881E0,1.7E1));
#934=CARTESIAN_POINT('',(2.E1,-4.622646456990E0,1.7E1));
#936=CARTESIAN_POINT('',(-1.767766952970E1,-1.767766952970E1,1.7E1));
#937=DIRECTION('',(0.E0,0.E0,1.E0));
#938=DIRECTION('',(1.E0,0.E0,0.E0));
#939=AXIS2_PLACEMENT_3D('',#936,#937,#938);
#941=CARTESIAN_POINT('',(-1.767766952970E1,-1.767766952970E1,1.7E1));
#942=DIRECTION('',(0.E0,0.E0,1.E0));
#943=DIRECTION('',(-1.E0,0.E0,0.E0));
#944=AXIS2_PLACEMENT_3D('',#941,#942,#943);
#946=CARTESIAN_POINT('',(1.767766952970E1,1.767766952970E1,1.7E1));
#947=DIRECTION('',(0.E0,0.E0,1.E0));
#948=DIRECTION('',(1.E0,0.E0,0.E0));
#949=AXIS2_PLACEMENT_3D('',#946,#947,#948);
#951=CARTESIAN_POINT('',(1.767766952970E1,1.767766952970E1,1.7E1));
#952=DIRECTION('',(0.E0,0.E0,1.E0));
#953=DIRECTION('',(-1.E0,0.E0,0.E0));
#954=AXIS2_PLACEMENT_3D('',#951,#952,#953);
#956=CARTESIAN_POINT('',(1.767766952970E1,-1.767766952970E1,1.7E1));
#957=DIRECTION('',(0.E0,0.E0,1.E0));
#958=DIRECTION('',(0.E0,1.E0,0.E0));
#959=AXIS2_PLACEMENT_3D('',#956,#957,#958);
#961=CARTESIAN_POINT('',(1.767766952970E1,-1.767766952970E1,1.7E1));
#962=DIRECTION('',(0.E0,0.E0,1.E0));
#963=DIRECTION('',(0.E0,-1.E0,0.E0));
#964=AXIS2_PLACEMENT_3D('',#961,#962,#963);
#966=CARTESIAN_POINT('',(-1.767766952970E1,1.767766952970E1,1.7E1));
#967=DIRECTION('',(0.E0,0.E0,1.E0));
#968=DIRECTION('',(0.E0,1.E0,0.E0));
#969=AXIS2_PLACEMENT_3D('',#966,#967,#968);
#971=CARTESIAN_POINT('',(-1.767766952970E1,1.767766952970E1,1.7E1));
#972=DIRECTION('',(0.E0,0.E0,1.E0));
#973=DIRECTION('',(0.E0,-1.E0,0.E0));
#974=AXIS2_PLACEMENT_3D('',#971,#972,#973);
#976=CARTESIAN_POINT('',(3.25E1,0.E0,1.55E1));
#977=DIRECTION('',(0.E0,1.E0,0.E0));
#978=DIRECTION('',(0.E0,0.E0,1.E0));
#979=AXIS2_PLACEMENT_3D('',#976,#977,#978);
#981=CARTESIAN_POINT('',(0.E0,0.E0,1.55E1));
#982=DIRECTION('',(0.E0,0.E0,-1.E0));
#983=DIRECTION('',(1.E0,-2.902356699759E-9,0.E0));
#984=AXIS2_PLACEMENT_3D('',#981,#982,#983);
#986=CARTESIAN_POINT('',(-3.25E1,2.664535259100E-14,1.55E1));
#987=DIRECTION('',(0.E0,-1.E0,0.E0));
#988=DIRECTION('',(0.E0,0.E0,1.E0));
#989=AXIS2_PLACEMENT_3D('',#986,#987,#988);
#991=CARTESIAN_POINT('',(0.E0,1.065814103640E-14,1.55E1));
#992=DIRECTION('',(0.E0,0.E0,-1.E0));
#993=DIRECTION('',(-1.E0,0.E0,0.E0));
#994=AXIS2_PLACEMENT_3D('',#991,#992,#993);
#996=CARTESIAN_POINT('',(0.E0,1.065814103640E-14,1.55E1));
#997=DIRECTION('',(0.E0,0.E0,-1.E0));
#998=DIRECTION('',(-9.705269476831E-1,2.409926219220E-1,0.E0));
#999=AXIS2_PLACEMENT_3D('',#996,#997,#998);
#1001=DIRECTION('',(0.E0,1.409716127958E-8,1.E0));
#1002=VECTOR('',#1001,1.4E1);
#1003=CARTESIAN_POINT('',(3.4E1,-2.467003230731E-7,1.5E0));
#1004=LINE('',#1003,#1002);
#1005=DIRECTION('',(0.E0,0.E0,1.E0));
#1006=VECTOR('',#1005,1.4E1);
#1007=CARTESIAN_POINT('',(-3.4E1,0.E0,1.5E0));
#1008=LINE('',#1007,#1006);
#1009=CARTESIAN_POINT('',(0.E0,0.E0,1.5E0));
#1010=DIRECTION('',(0.E0,0.E0,1.E0));
#1011=DIRECTION('',(-1.E0,0.E0,0.E0));
#1012=AXIS2_PLACEMENT_3D('',#1009,#1010,#1011);
#1014=CARTESIAN_POINT('',(3.25E1,-3.773063734613E-7,1.5E0));
#1015=DIRECTION('',(1.160942687573E-8,1.E0,0.E0));
#1016=DIRECTION('',(1.E0,-1.160942687573E-8,0.E0));
#1017=AXIS2_PLACEMENT_3D('',#1014,#1015,#1016);
#1019=CARTESIAN_POINT('',(0.E0,0.E0,1.5E0));
#1020=DIRECTION('',(0.E0,0.E0,1.E0));
#1021=DIRECTION('',(1.E0,-2.902356699759E-9,0.E0));
#1022=AXIS2_PLACEMENT_3D('',#1019,#1020,#1021);
#1024=CARTESIAN_POINT('',(0.E0,0.E0,1.5E0));
#1025=DIRECTION('',(0.E0,0.E0,1.E0));
#1026=DIRECTION('',(-9.705269476831E-1,2.409926219220E-1,0.E0));
#1027=AXIS2_PLACEMENT_3D('',#1024,#1025,#1026);
#1029=CARTESIAN_POINT('',(-3.25E1,1.598721155460E-14,1.5E0));
#1030=DIRECTION('',(0.E0,-1.E0,0.E0));
#1031=DIRECTION('',(-1.E0,0.E0,0.E0));
#1032=AXIS2_PLACEMENT_3D('',#1029,#1030,#1031);
#1034=CARTESIAN_POINT('',(0.E0,0.E0,0.E0));
#1035=DIRECTION('',(0.E0,0.E0,1.E0));
#1036=DIRECTION('',(-9.705269476831E-1,2.409926219220E-1,0.E0));
#1037=AXIS2_PLACEMENT_3D('',#1034,#1035,#1036);
#1039=CARTESIAN_POINT('',(0.E0,0.E0,0.E0));
#1040=DIRECTION('',(0.E0,0.E0,1.E0));
#1041=DIRECTION('',(-1.E0,0.E0,0.E0));
#1042=AXIS2_PLACEMENT_3D('',#1039,#1040,#1041);
#1044=CARTESIAN_POINT('',(0.E0,0.E0,0.E0));
#1045=DIRECTION('',(0.E0,0.E0,1.E0));
#1046=DIRECTION('',(1.E0,0.E0,0.E0));
#1047=AXIS2_PLACEMENT_3D('',#1044,#1045,#1046);
#1049=CARTESIAN_POINT('',(-1.767766952970E1,-1.767766952970E1,0.E0));
#1050=DIRECTION('',(0.E0,0.E0,-1.E0));
#1051=DIRECTION('',(1.E0,0.E0,0.E0));
#1052=AXIS2_PLACEMENT_3D('',#1049,#1050,#1051);
#1054=CARTESIAN_POINT('',(-1.767766952970E1,-1.767766952970E1,0.E0));
#1055=DIRECTION('',(0.E0,0.E0,-1.E0));
#1056=DIRECTION('',(-1.E0,0.E0,0.E0));
#1057=AXIS2_PLACEMENT_3D('',#1054,#1055,#1056);
#1059=CARTESIAN_POINT('',(1.767766952970E1,-1.767766952970E1,0.E0));
#1060=DIRECTION('',(0.E0,0.E0,-1.E0));
#1061=DIRECTION('',(1.E0,0.E0,0.E0));
#1062=AXIS2_PLACEMENT_3D('',#1059,#1060,#1061);
#1064=CARTESIAN_POINT('',(1.767766952970E1,-1.767766952970E1,0.E0));
#1065=DIRECTION('',(0.E0,0.E0,-1.E0));
#1066=DIRECTION('',(0.E0,-1.E0,0.E0));
#1067=AXIS2_PLACEMENT_3D('',#1064,#1065,#1066);
#1069=CARTESIAN_POINT('',(1.767766952970E1,-1.767766952970E1,0.E0));
#1070=DIRECTION('',(0.E0,0.E0,-1.E0));
#1071=DIRECTION('',(0.E0,1.E0,0.E0));
#1072=AXIS2_PLACEMENT_3D('',#1069,#1070,#1071);
#1074=CARTESIAN_POINT('',(1.767766952970E1,1.767766952970E1,0.E0));
#1075=DIRECTION('',(0.E0,0.E0,-1.E0));
#1076=DIRECTION('',(-1.E0,0.E0,0.E0));
#1077=AXIS2_PLACEMENT_3D('',#1074,#1075,#1076);
#1079=CARTESIAN_POINT('',(1.767766952970E1,1.767766952970E1,0.E0));
#1080=DIRECTION('',(0.E0,0.E0,-1.E0));
#1081=DIRECTION('',(1.E0,0.E0,0.E0));
#1082=AXIS2_PLACEMENT_3D('',#1079,#1080,#1081);
#1084=CARTESIAN_POINT('',(-1.767766952970E1,1.767766952970E1,0.E0));
#1085=DIRECTION('',(0.E0,0.E0,-1.E0));
#1086=DIRECTION('',(0.E0,-1.E0,0.E0));
#1087=AXIS2_PLACEMENT_3D('',#1084,#1085,#1086);
#1089=CARTESIAN_POINT('',(-1.767766952970E1,1.767766952970E1,0.E0));
#1090=DIRECTION('',(0.E0,0.E0,-1.E0));
#1091=DIRECTION('',(0.E0,1.E0,0.E0));
#1092=AXIS2_PLACEMENT_3D('',#1089,#1090,#1091);
#1094=CARTESIAN_POINT('',(-1.767766952970E1,1.767766952970E1,0.E0));
#1095=DIRECTION('',(0.E0,0.E0,-1.E0));
#1096=DIRECTION('',(1.E0,0.E0,0.E0));
#1097=AXIS2_PLACEMENT_3D('',#1094,#1095,#1096);
#1099=DIRECTION('',(0.E0,0.E0,-1.E0));
#1100=VECTOR('',#1099,1.55E1);
#1101=CARTESIAN_POINT('',(-2.117766952970E1,-1.767766952970E1,1.55E1));
#1102=LINE('',#1101,#1100);
#1103=CARTESIAN_POINT('',(-1.767766952970E1,-1.767766952970E1,1.55E1));
#1104=DIRECTION('',(0.E0,0.E0,-1.E0));
#1105=DIRECTION('',(1.E0,0.E0,0.E0));
#1106=AXIS2_PLACEMENT_3D('',#1103,#1104,#1105);
#1108=CARTESIAN_POINT('',(-1.767766952970E1,-1.767766952970E1,1.55E1));
#1109=DIRECTION('',(0.E0,0.E0,-1.E0));
#1110=DIRECTION('',(-1.E0,0.E0,0.E0));
#1111=AXIS2_PLACEMENT_3D('',#1108,#1109,#1110);
#1113=CARTESIAN_POINT('',(-1.767766952970E1,-1.767766952970E1,1.55E1));
#1114=DIRECTION('',(0.E0,0.E0,1.E0));
#1115=DIRECTION('',(1.E0,0.E0,0.E0));
#1116=AXIS2_PLACEMENT_3D('',#1113,#1114,#1115);
#1118=CARTESIAN_POINT('',(-1.767766952970E1,-1.767766952970E1,1.55E1));
#1119=DIRECTION('',(0.E0,0.E0,1.E0));
#1120=DIRECTION('',(-1.E0,0.E0,0.E0));
#1121=AXIS2_PLACEMENT_3D('',#1118,#1119,#1120);
#1123=DIRECTION('',(0.E0,0.E0,-1.E0));
#1124=VECTOR('',#1123,1.5E0);
#1125=CARTESIAN_POINT('',(-2.367766952970E1,-1.767766952970E1,1.7E1));
#1126=LINE('',#1125,#1124);
#1127=DIRECTION('',(0.E0,0.E0,-1.E0));
#1128=VECTOR('',#1127,1.5E0);
#1129=CARTESIAN_POINT('',(-1.167766952970E1,-1.767766952970E1,1.7E1));
#1130=LINE('',#1129,#1128);
#1131=DIRECTION('',(0.E0,0.E0,-1.E0));
#1132=VECTOR('',#1131,1.55E1);
#1133=CARTESIAN_POINT('',(-1.417766952970E1,-1.767766952970E1,1.55E1));
#1134=LINE('',#1133,#1132);
#1135=DIRECTION('',(0.E0,0.E0,-1.E0));
#1136=VECTOR('',#1135,1.55E1);
#1137=CARTESIAN_POINT('',(1.767766952970E1,-2.117766952970E1,1.55E1));
#1138=LINE('',#1137,#1136);
#1139=CARTESIAN_POINT('',(1.767766952970E1,-1.767766952970E1,1.55E1));
#1140=DIRECTION('',(0.E0,0.E0,-1.E0));
#1141=DIRECTION('',(1.E0,0.E0,0.E0));
#1142=AXIS2_PLACEMENT_3D('',#1139,#1140,#1141);
#1144=CARTESIAN_POINT('',(1.767766952970E1,-1.767766952970E1,1.55E1));
#1145=DIRECTION('',(0.E0,0.E0,-1.E0));
#1146=DIRECTION('',(0.E0,-1.E0,0.E0));
#1147=AXIS2_PLACEMENT_3D('',#1144,#1145,#1146);
#1149=CARTESIAN_POINT('',(1.767766952970E1,-1.767766952970E1,1.55E1));
#1150=DIRECTION('',(0.E0,0.E0,-1.E0));
#1151=DIRECTION('',(0.E0,1.E0,0.E0));
#1152=AXIS2_PLACEMENT_3D('',#1149,#1150,#1151);
#1154=CARTESIAN_POINT('',(1.767766952970E1,-1.767766952970E1,1.55E1));
#1155=DIRECTION('',(0.E0,0.E0,1.E0));
#1156=DIRECTION('',(0.E0,1.E0,0.E0));
#1157=AXIS2_PLACEMENT_3D('',#1154,#1155,#1156);
#1159=CARTESIAN_POINT('',(1.767766952970E1,-1.767766952970E1,1.55E1));
#1160=DIRECTION('',(0.E0,0.E0,1.E0));
#1161=DIRECTION('',(0.E0,-1.E0,0.E0));
#1162=AXIS2_PLACEMENT_3D('',#1159,#1160,#1161);
#1164=DIRECTION('',(0.E0,0.E0,-1.E0));
#1165=VECTOR('',#1164,1.5E0);
#1166=CARTESIAN_POINT('',(1.767766952970E1,-2.367766952970E1,1.7E1));
#1167=LINE('',#1166,#1165);
#1168=DIRECTION('',(0.E0,0.E0,-1.E0));
#1169=VECTOR('',#1168,1.5E0);
#1170=CARTESIAN_POINT('',(1.767766952970E1,-1.167766952970E1,1.7E1));
#1171=LINE('',#1170,#1169);
#1172=DIRECTION('',(0.E0,0.E0,-1.E0));
#1173=VECTOR('',#1172,1.55E1);
#1174=CARTESIAN_POINT('',(1.767766952970E1,-1.417766952970E1,1.55E1));
#1175=LINE('',#1174,#1173);
#1176=DIRECTION('',(0.E0,0.E0,-1.E0));
#1177=VECTOR('',#1176,1.55E1);
#1178=CARTESIAN_POINT('',(2.117766952970E1,1.767766952970E1,1.55E1));
#1179=LINE('',#1178,#1177);
#1180=CARTESIAN_POINT('',(1.767766952970E1,1.767766952970E1,1.55E1));
#1181=DIRECTION('',(0.E0,0.E0,-1.E0));
#1182=DIRECTION('',(-1.E0,0.E0,0.E0));
#1183=AXIS2_PLACEMENT_3D('',#1180,#1181,#1182);
#1185=CARTESIAN_POINT('',(1.767766952970E1,1.767766952970E1,1.55E1));
#1186=DIRECTION('',(0.E0,0.E0,-1.E0));
#1187=DIRECTION('',(1.E0,0.E0,0.E0));
#1188=AXIS2_PLACEMENT_3D('',#1185,#1186,#1187);
#1190=CARTESIAN_POINT('',(1.767766952970E1,1.767766952970E1,1.55E1));
#1191=DIRECTION('',(0.E0,0.E0,1.E0));
#1192=DIRECTION('',(-1.E0,0.E0,0.E0));
#1193=AXIS2_PLACEMENT_3D('',#1190,#1191,#1192);
#1195=CARTESIAN_POINT('',(1.767766952970E1,1.767766952970E1,1.55E1));
#1196=DIRECTION('',(0.E0,0.E0,1.E0));
#1197=DIRECTION('',(1.E0,0.E0,0.E0));
#1198=AXIS2_PLACEMENT_3D('',#1195,#1196,#1197);
#1200=DIRECTION('',(0.E0,0.E0,-1.E0));
#1201=VECTOR('',#1200,1.5E0);
#1202=CARTESIAN_POINT('',(2.367766952970E1,1.767766952970E1,1.7E1));
#1203=LINE('',#1202,#1201);
#1204=DIRECTION('',(0.E0,0.E0,-1.E0));
#1205=VECTOR('',#1204,1.5E0);
#1206=CARTESIAN_POINT('',(1.167766952970E1,1.767766952970E1,1.7E1));
#1207=LINE('',#1206,#1205);
#1208=DIRECTION('',(0.E0,0.E0,-1.E0));
#1209=VECTOR('',#1208,1.55E1);
#1210=CARTESIAN_POINT('',(1.417766952970E1,1.767766952970E1,1.55E1));
#1211=LINE('',#1210,#1209);
#1212=DIRECTION('',(0.E0,0.E0,-1.E0));
#1213=VECTOR('',#1212,1.55E1);
#1214=CARTESIAN_POINT('',(-1.767766952970E1,2.117766952970E1,1.55E1));
#1215=LINE('',#1214,#1213);
#1216=CARTESIAN_POINT('',(-1.767766952970E1,1.767766952970E1,1.55E1));
#1217=DIRECTION('',(0.E0,0.E0,-1.E0));
#1218=DIRECTION('',(0.E0,-1.E0,0.E0));
#1219=AXIS2_PLACEMENT_3D('',#1216,#1217,#1218);
#1221=CARTESIAN_POINT('',(-1.767766952970E1,1.767766952970E1,1.55E1));
#1222=DIRECTION('',(0.E0,0.E0,-1.E0));
#1223=DIRECTION('',(0.E0,1.E0,0.E0));
#1224=AXIS2_PLACEMENT_3D('',#1221,#1222,#1223);
#1226=CARTESIAN_POINT('',(-1.767766952970E1,1.767766952970E1,1.55E1));
#1227=DIRECTION('',(0.E0,0.E0,-1.E0));
#1228=DIRECTION('',(1.E0,0.E0,0.E0));
#1229=AXIS2_PLACEMENT_3D('',#1226,#1227,#1228);
#1231=CARTESIAN_POINT('',(-1.767766952970E1,1.767766952970E1,1.55E1));
#1232=DIRECTION('',(0.E0,0.E0,1.E0));
#1233=DIRECTION('',(0.E0,-1.E0,0.E0));
#1234=AXIS2_PLACEMENT_3D('',#1231,#1232,#1233);
#1236=CARTESIAN_POINT('',(-1.767766952970E1,1.767766952970E1,1.55E1));
#1237=DIRECTION('',(0.E0,0.E0,1.E0));
#1238=DIRECTION('',(0.E0,1.E0,0.E0));
#1239=AXIS2_PLACEMENT_3D('',#1236,#1237,#1238);
#1241=DIRECTION('',(0.E0,0.E0,-1.E0));
#1242=VECTOR('',#1241,1.5E0);
#1243=CARTESIAN_POINT('',(-1.767766952970E1,2.367766952970E1,1.7E1));
#1244=LINE('',#1243,#1242);
#1245=DIRECTION('',(0.E0,0.E0,-1.E0));
#1246=VECTOR('',#1245,1.5E0);
#1247=CARTESIAN_POINT('',(-1.767766952970E1,1.167766952970E1,1.7E1));
#1248=LINE('',#1247,#1246);
#1249=DIRECTION('',(0.E0,0.E0,-1.E0));
#1250=VECTOR('',#1249,1.55E1);
#1251=CARTESIAN_POINT('',(-1.767766952970E1,1.417766952970E1,1.55E1));
#1252=LINE('',#1251,#1250);
#1253=CARTESIAN_POINT('',(9.094566363386E0,7.092593645632E0,1.773855645378E1));
#1254=CARTESIAN_POINT('',(9.074273118235E0,7.220850806133E0,1.758075515291E1));
#1255=CARTESIAN_POINT('',(9.040443236709E0,7.510108919185E0,1.731769229127E1));
#1256=CARTESIAN_POINT('',(9.007074429196E0,8.055965902463E0,1.705821475254E1));
#1257=CARTESIAN_POINT('',(8.999588012705E0,8.441806942814E0,1.7E1));
#1258=CARTESIAN_POINT('',(8.999588012705E0,8.644611732990E0,1.7E1));
#1260=DIRECTION('',(1.E0,2.144308607553E-14,-6.039505369244E-8));
#1261=VECTOR('',#1260,7.869851342695E0);
#1262=CARTESIAN_POINT('',(8.999588012705E0,8.644611732990E0,1.7E1));
#1263=LINE('',#1262,#1261);
#1264=CARTESIAN_POINT('',(1.686943935540E1,8.644611732990E0,1.699999952470E1));
#1265=CARTESIAN_POINT('',(1.686943929532E1,8.445326356473E0,1.699999943839E1));
#1266=CARTESIAN_POINT('',(1.692589814131E1,8.046654602999E0,1.706088270701E1));
#1267=CARTESIAN_POINT('',(1.716076977889E1,7.518014282027E0,1.731443190553E1));
#1268=CARTESIAN_POINT('',(1.750979322148E1,7.099448520759E0,1.769116988907E1));
#1269=CARTESIAN_POINT('',(1.794540765855E1,6.800867448497E0,1.816138669116E1));
#1270=CARTESIAN_POINT('',(1.844104308947E1,6.640769727247E0,1.869638914844E1));
#1271=CARTESIAN_POINT('',(1.899271966807E1,6.635060677252E0,1.929189231201E1));
#1272=CARTESIAN_POINT('',(1.955370369848E1,6.816230862895E0,1.989742181182E1));
#1273=CARTESIAN_POINT('',(1.989792713476E1,7.081631269211E0,2.026903280434E1));
#1274=CARTESIAN_POINT('',(2.004748136080E1,7.246841165043E0,2.043046755970E1));
#1276=DIRECTION('',(-1.E0,-2.370709979904E-12,-3.340048953754E-12));
#1277=VECTOR('',#1276,8.774223235107E0);
#1278=CARTESIAN_POINT('',(2.004748136080E1,7.246841165043E0,2.043046755970E1));
#1279=LINE('',#1278,#1277);
#1280=DIRECTION('',(8.951581932531E-2,7.123624024170E-1,6.960795397892E-1));
#1281=VECTOR('',#1280,1.601348739865E1);
#1282=CARTESIAN_POINT('',(9.094566363386E0,7.092593645632E0,1.773855645378E1));
#1283=LINE('',#1282,#1281);
#1284=DIRECTION('',(-5.682055032391E-6,-9.999999999837E-1,-6.090575082952E-7));
#1285=VECTOR('',#1284,7.131183140421E0);
#1286=CARTESIAN_POINT('',(8.999682544361E0,1.85E1,1.700001737320E1));
#1287=LINE('',#1286,#1285);
#1288=DIRECTION('',(-1.982665730873E-5,-9.999999997920E-1,-4.783010216480E-6));
#1289=VECTOR('',#1288,2.724205127272E0);
#1290=CARTESIAN_POINT('',(8.999642024586E0,1.136881685970E1,1.700001302990E1));
#1291=LINE('',#1290,#1289);
#1292=DIRECTION('',(8.949610002028E-2,-7.123636698797E-1,-6.960807782985E-1));
#1293=VECTOR('',#1292,1.601342346823E1);
#1294=CARTESIAN_POINT('',(-1.052809221405E1,1.850000000001E1,2.888516166509E1));
#1295=LINE('',#1294,#1293);
#1296=CARTESIAN_POINT('',(-1.052809221405E1,1.850000000001E1,2.888516166509E1));
#1297=CARTESIAN_POINT('',(-1.055318926206E1,1.850000000001E1,2.908036093020E1));
#1298=CARTESIAN_POINT('',(-1.063038972786E1,1.849999999890E1,2.945391680502E1));
#1299=CARTESIAN_POINT('',(-1.081901337903E1,1.850000000383E1,2.997115753848E1));
#1300=CARTESIAN_POINT('',(-1.098597362861E1,1.849999999179E1,3.027549827795E1));
#1301=CARTESIAN_POINT('',(-1.108039493841E1,1.849999999179E1,3.041850905301E1));
#1303=CARTESIAN_POINT('',(-1.127360571297E1,7.246841165017E0,2.043046755967E1));
#1304=CARTESIAN_POINT('',(-1.106042922740E1,7.107456376351E0,2.029426876656E1));
#1305=CARTESIAN_POINT('',(-1.065568166862E1,6.885307566369E0,1.999264461304E1));
#1306=CARTESIAN_POINT('',(-1.017509408820E1,6.698602791162E0,1.955427502548E1));
#1307=CARTESIAN_POINT('',(-9.696773429156E0,6.625820424014E0,1.900353400758E1));
#1308=CARTESIAN_POINT('',(-9.416256667827E0,6.666543463560E0,1.859422464200E1));
#1309=CARTESIAN_POINT('',(-9.158119798798E0,6.848622472328E0,1.807253756604E1));
#1310=CARTESIAN_POINT('',(-9.108111489779E0,7.009434542239E0,1.784086713985E1));
#1311=CARTESIAN_POINT('',(-9.094953265670E0,7.092618890843E0,1.773852539411E1));
#1313=CARTESIAN_POINT('',(-1.261170965890E1,1.929554107728E1,2.940747513533E1));
#1314=DIRECTION('',(-8.949610002973E-2,7.123636701612E-1,6.960807780092E-1));
#1315=DIRECTION('',(-1.776356839400E-14,-6.988852839927E-1,7.152337798360E-1));
#1316=AXIS2_PLACEMENT_3D('',#1313,#1314,#1315);
#1318=CARTESIAN_POINT('',(-1.108039493841E1,1.849999999179E1,3.041850905301E1));
#1319=CARTESIAN_POINT('',(-1.122325565189E1,1.849999999179E1,3.063488627443E1));
#1320=CARTESIAN_POINT('',(-1.156078154096E1,1.850000000467E1,3.105541475353E1));
#1321=CARTESIAN_POINT('',(-1.218611730405E1,1.849999999598E1,3.164240435092E1));
#1322=CARTESIAN_POINT('',(-1.270462363442E1,1.850000000626E1,3.205246390498E1));
#1323=CARTESIAN_POINT('',(-1.297954419592E1,1.849999999777E1,3.226841032278E1));
#1325=DIRECTION('',(1.E0,-3.136359369247E-9,-3.257577339819E-9));
#1326=VECTOR('',#1325,1.225659846039E1);
#1327=CARTESIAN_POINT('',(-2.486830811510E1,1.789777056799E1,3.083794275233E1));
#1328=LINE('',#1327,#1326);
#1329=CARTESIAN_POINT('',(-1.261170965471E1,1.789777052955E1,3.083794271240E1));
#1330=CARTESIAN_POINT('',(-1.264336080507E1,1.802393670805E1,3.096122503807E1));
#1331=CARTESIAN_POINT('',(-1.271571034754E1,1.824352226509E1,3.124124892857E1));
#1332=CARTESIAN_POINT('',(-1.284259595546E1,1.845228320959E1,3.173543341507E1));
#1333=CARTESIAN_POINT('',(-1.293379934390E1,1.850000000488E1,3.209026409868E1));
#1334=CARTESIAN_POINT('',(-1.297954419592E1,1.849999999777E1,3.226841032278E1));
#1336=DIRECTION('',(-1.E0,1.878499173877E-10,-7.698966195101E-10));
#1337=VECTOR('',#1336,1.188876391915E1);
#1338=CARTESIAN_POINT('',(-1.297954419592E1,1.849999999777E1,3.226841032278E1));
#1339=LINE('',#1338,#1337);
#1340=DIRECTION('',(-8.949609959027E-2,7.123636702680E-1,6.960807779564E-1));
#1341=VECTOR('',#1340,1.495153361839E1);
#1342=CARTESIAN_POINT('',(-1.127360571297E1,7.246841165017E0,2.043046755967E1));
#1343=LINE('',#1342,#1341);
#1344=DIRECTION('',(3.079924503329E-1,-6.804654081839E-1,-6.649116323264E-1));
#1345=VECTOR('',#1344,1.565241858718E1);
#1346=CARTESIAN_POINT('',(-2.486830811510E1,1.789777056799E1,3.083794275233E1));
#1347=LINE('',#1346,#1345);
#1348=CARTESIAN_POINT('',(-2.486830811510E1,1.65E1,3.226841031200E1));
#1349=DIRECTION('',(1.E0,0.E0,0.E0));
#1350=DIRECTION('',(0.E0,6.988852839928E-1,-7.152337798358E-1));
#1351=AXIS2_PLACEMENT_3D('',#1348,#1349,#1350);
#1353=CARTESIAN_POINT('',(-2.486830811502E1,1.65E1,3.226841031203E1));
#1354=DIRECTION('',(-4.203067282602E-1,0.E0,9.073820883064E-1));
#1355=DIRECTION('',(0.E0,1.E0,0.E0));
#1356=AXIS2_PLACEMENT_3D('',#1353,#1354,#1355);
#1358=CARTESIAN_POINT('',(-2.486830811510E1,1.65E1,3.226841031200E1));
#1359=DIRECTION('',(3.079924503327E-1,-6.804654081838E-1,-6.649116323267E-1));
#1360=DIRECTION('',(-9.073820883108E-1,-1.159072837709E-11,-4.203067282505E-1));
#1361=AXIS2_PLACEMENT_3D('',#1358,#1359,#1360);
#1363=DIRECTION('',(4.203067282503E-1,-5.292982420792E-8,-9.073820883109E-1));
#1364=VECTOR('',#1363,2.216708597489E0);
#1365=CARTESIAN_POINT('',(-2.761476982979E1,1.650000013808E1,3.343919853186E1));
#1366=LINE('',#1365,#1364);
#1367=DIRECTION('',(3.055450963174E-1,6.866825352381E-1,-6.596281451814E-1));
#1368=VECTOR('',#1367,1.575703799664E1);
#1369=CARTESIAN_POINT('',(-2.668773340284E1,-1.650000000337E1,
3.143785952757E1));
#1370=LINE('',#1369,#1368);
#1371=CARTESIAN_POINT('',(-2.187324771048E1,-5.679917203990E0,
2.104407378029E1));
#1372=CARTESIAN_POINT('',(-2.177227785292E1,-5.453004166784E0,
2.082609430470E1));
#1373=CARTESIAN_POINT('',(-2.154912051868E1,-5.059004930825E0,
2.034432954996E1));
#1374=CARTESIAN_POINT('',(-2.117265276254E1,-4.658237170724E0,
1.953158952982E1));
#1375=CARTESIAN_POINT('',(-2.077228758959E1,-4.450785926466E0,
1.866725840621E1));
#1376=CARTESIAN_POINT('',(-2.037583967323E1,-4.436608984926E0,
1.781138407912E1));
#1377=CARTESIAN_POINT('',(-2.011940367972E1,-4.544571769963E0,
1.725777546002E1));
#1378=CARTESIAN_POINT('',(-2.000000000001E1,-4.622647024634E0,1.7E1));
#1380=DIRECTION('',(-3.511700104907E-13,1.E0,-4.667211286264E-13));
#1381=VECTOR('',#1380,9.438966208104E0);
#1382=CARTESIAN_POINT('',(-2.000000000001E1,-4.622647024634E0,1.7E1));
#1383=LINE('',#1382,#1381);
#1384=CARTESIAN_POINT('',(-2.000000000002E1,4.816319183470E0,1.699999999999E1));
#1385=CARTESIAN_POINT('',(-2.008497802416E1,4.760748506298E0,1.718345539468E1));
#1386=CARTESIAN_POINT('',(-2.034276331800E1,4.635539801510E0,1.773997701744E1));
#1387=CARTESIAN_POINT('',(-2.080744572423E1,4.625621583877E0,1.874315979908E1));
#1388=CARTESIAN_POINT('',(-2.136838207599E1,4.988115258532E0,1.995414114433E1));
#1389=CARTESIAN_POINT('',(-2.171269554952E1,5.518667666757E0,2.069746463785E1));
#1390=CARTESIAN_POINT('',(-2.186224553746E1,5.849070597087E0,2.102032166292E1));
#1392=DIRECTION('',(-3.079924500536E-1,6.804654088963E-1,6.649116317268E-1));
#1393=VECTOR('',#1392,1.565241860117E1);
#1394=CARTESIAN_POINT('',(-2.186224553746E1,5.849070597087E0,2.102032166292E1));
#1395=LINE('',#1394,#1393);
#1396=CARTESIAN_POINT('',(-2.761476982979E1,1.650000013808E1,3.343919853186E1));
#1397=CARTESIAN_POINT('',(-2.792410024641E1,1.649998671780E1,3.410699863850E1));
#1398=CARTESIAN_POINT('',(-2.838847709880E1,1.642965119853E1,3.510952185063E1));
#1399=CARTESIAN_POINT('',(-2.899321284448E1,1.618045368290E1,3.641505978452E1));
#1400=CARTESIAN_POINT('',(-2.944000168633E1,1.590194611304E1,3.737961296575E1));
#1401=CARTESIAN_POINT('',(-2.986920534978E1,1.551130576078E1,3.830620225942E1));
#1402=CARTESIAN_POINT('',(-3.018950451929E1,1.507094737871E1,3.899768233561E1));
#1403=CARTESIAN_POINT('',(-3.039598588278E1,1.464315313212E1,3.944344605422E1));
#1404=CARTESIAN_POINT('',(-3.051577704871E1,1.429581121918E1,3.970205804029E1));
#1405=CARTESIAN_POINT('',(-3.059567037499E1,1.391064338660E1,3.987453630126E1));
#1406=CARTESIAN_POINT('',(-3.061476420487E1,1.363690665412E1,3.991575714469E1));
#1407=CARTESIAN_POINT('',(-3.061476420487E1,1.35E1,3.991575714469E1));
#1409=CARTESIAN_POINT('',(-3.061476324021E1,-1.350000076715E1,
3.991575506214E1));
#1410=CARTESIAN_POINT('',(-3.061476364084E1,-1.368115393564E1,
3.991575592705E1));
#1411=CARTESIAN_POINT('',(-3.058074127681E1,-1.404279614555E1,
3.984230651120E1));
#1412=CARTESIAN_POINT('',(-3.044627219670E1,-1.453104240636E1,
3.955200700719E1));
#1413=CARTESIAN_POINT('',(-3.025425127887E1,-1.494771486029E1,
3.913746132023E1));
#1414=CARTESIAN_POINT('',(-3.003199964738E1,-1.529080723324E1,
3.865765184796E1));
#1415=CARTESIAN_POINT('',(-2.979235222443E1,-1.557333436063E1,
3.814028735095E1));
#1416=CARTESIAN_POINT('',(-2.947857387973E1,-1.586628626258E1,
3.746288480051E1));
#1417=CARTESIAN_POINT('',(-2.908056371468E1,-1.613601041199E1,
3.660363780214E1));
#1418=CARTESIAN_POINT('',(-2.843862219680E1,-1.642015281943E1,
3.521777791502E1));
#1419=CARTESIAN_POINT('',(-2.794417834886E1,-1.649999161966E1,
3.415034439248E1));
#1420=CARTESIAN_POINT('',(-2.761476475049E1,-1.649998978200E1,
3.343918756654E1));
#1422=DIRECTION('',(-4.203067282216E-1,4.634267039541E-6,9.073820883124E-1));
#1423=VECTOR('',#1422,2.205606728136E0);
#1424=CARTESIAN_POINT('',(-2.668773340284E1,-1.650000000337E1,
3.143785952757E1));
#1425=LINE('',#1424,#1423);
#1426=CARTESIAN_POINT('',(-2.487296922620E1,-1.65E1,3.227847298410E1));
#1427=DIRECTION('',(3.055450538605E-1,6.866826421795E-1,-6.596280535201E-1));
#1428=DIRECTION('',(3.840243749664E-7,-6.927574480569E-1,-7.211706581397E-1));
#1429=AXIS2_PLACEMENT_3D('',#1426,#1427,#1428);
#1431=CARTESIAN_POINT('',(-2.487296922618E1,-1.65E1,3.227847298411E1));
#1432=DIRECTION('',(-4.203067282602E-1,0.E0,9.073820883064E-1));
#1433=DIRECTION('',(-9.073820883064E-1,-6.748935632572E-9,-4.203067282602E-1));
#1434=AXIS2_PLACEMENT_3D('',#1431,#1432,#1433);
#1436=CARTESIAN_POINT('',(-2.487296922620E1,-1.65E1,3.227847298410E1));
#1437=DIRECTION('',(1.E0,0.E0,0.E0));
#1438=DIRECTION('',(0.E0,-1.E0,4.140826348475E-9));
#1439=AXIS2_PLACEMENT_3D('',#1436,#1437,#1438);
#1441=CARTESIAN_POINT('',(-1.686944035537E1,-8.450938933495E0,
1.699999993843E1));
#1442=CARTESIAN_POINT('',(-1.704015744062E1,-8.281131403177E0,
1.700000019387E1));
#1443=CARTESIAN_POINT('',(-1.739707873693E1,-7.962955305022E0,
1.699999991002E1));
#1444=CARTESIAN_POINT('',(-1.798191966190E1,-7.506013774112E0,
1.700000002411E1));
#1445=CARTESIAN_POINT('',(-1.850143435037E1,-7.093145830862E0,
1.699999999354E1));
#1446=CARTESIAN_POINT('',(-1.892726897070E1,-6.714781921665E0,
1.700000000173E1));
#1447=CARTESIAN_POINT('',(-1.927899484945E1,-6.345111589935E0,
1.699999999954E1));
#1448=CARTESIAN_POINT('',(-1.956075125455E1,-5.975294186348E0,
1.700000000012E1));
#1449=CARTESIAN_POINT('',(-1.976967717513E1,-5.611172806789E0,
1.699999999997E1));
#1450=CARTESIAN_POINT('',(-1.990825869720E1,-5.260259559015E0,
1.700000000001E1));
#1451=CARTESIAN_POINT('',(-1.998459505755E1,-4.928515746678E0,1.7E1));
#1452=CARTESIAN_POINT('',(-2.000000001784E1,-4.722243478104E0,1.7E1));
#1453=CARTESIAN_POINT('',(-2.000000000001E1,-4.622647024634E0,1.7E1));
#1455=CARTESIAN_POINT('',(-2.005848155932E1,-5.679909574366E0,
2.188468297403E1));
#1456=DIRECTION('',(-3.055450538611E-1,-6.866826421792E-1,6.596280535202E-1));
#1457=DIRECTION('',(-9.073820883062E-1,3.019806626980E-13,-4.203067282605E-1));
#1458=AXIS2_PLACEMENT_3D('',#1455,#1456,#1457);
#1460=CARTESIAN_POINT('',(-9.096814493931E0,-6.887291031504E0,
1.775300161554E1));
#1461=CARTESIAN_POINT('',(-9.076143855035E0,-7.015505292700E0,
1.759222997968E1));
#1462=CARTESIAN_POINT('',(-9.041685691844E0,-7.305757479944E0,
1.732422204988E1));
#1463=CARTESIAN_POINT('',(-9.007647533396E0,-7.856103432754E0,
1.705948081506E1));
#1464=CARTESIAN_POINT('',(-8.999999999981E0,-8.245857181452E0,1.7E1));
#1465=CARTESIAN_POINT('',(-8.999999999981E0,-8.450939011150E0,1.7E1));
#1467=DIRECTION('',(-1.E0,9.867990638499E-9,-7.823736606060E-9));
#1468=VECTOR('',#1467,7.869440355385E0);
#1469=CARTESIAN_POINT('',(-8.999999999981E0,-8.450939011150E0,1.7E1));
#1470=LINE('',#1469,#1468);
#1471=CARTESIAN_POINT('',(-1.686944035537E1,-8.450938933495E0,
1.699999993843E1));
#1472=CARTESIAN_POINT('',(-1.686944083089E1,-8.276143646365E0,
1.700000045596E1));
#1473=CARTESIAN_POINT('',(-1.691269964524E1,-7.926536007042E0,
1.704655758600E1));
#1474=CARTESIAN_POINT('',(-1.709573662001E1,-7.449450316730E0,
1.724418483062E1));
#1475=CARTESIAN_POINT('',(-1.737387098924E1,-7.050694499172E0,
1.754439305923E1));
#1476=CARTESIAN_POINT('',(-1.772295154929E1,-6.744272509746E0,
1.792120275536E1));
#1477=CARTESIAN_POINT('',(-1.812119064591E1,-6.539433418959E0,
1.835107340460E1));
#1478=CARTESIAN_POINT('',(-1.854031909201E1,-6.443390562355E0,
1.880349705167E1));
#1479=CARTESIAN_POINT('',(-1.895758580042E1,-6.450851149669E0,
1.925390988015E1));
#1480=CARTESIAN_POINT('',(-1.935793947752E1,-6.554573117719E0,
1.968608100770E1));
#1481=CARTESIAN_POINT('',(-1.973444075227E1,-6.754947186358E0,
2.009245541015E1));
#1482=CARTESIAN_POINT('',(-1.995751062069E1,-6.951968110488E0,
2.033334875805E1));
#1483=CARTESIAN_POINT('',(-2.005848015200E1,-7.065425311656E0,
2.044234075519E1));
#1485=DIRECTION('',(1.E0,1.132148403741E-7,8.596382920530E-8));
#1486=VECTOR('',#1485,8.784874402345E0);
#1487=CARTESIAN_POINT('',(-2.005848015200E1,-7.065425311656E0,
2.044234075519E1));
#1488=LINE('',#1487,#1486);
#1489=CARTESIAN_POINT('',(-1.106020858159E1,-1.849999998605E1,
3.039569552262E1));
#1490=CARTESIAN_POINT('',(-1.096953331462E1,-1.849999998605E1,
3.025543956118E1));
#1491=CARTESIAN_POINT('',(-1.080939974005E1,-1.850000000651E1,
2.995810951193E1));
#1492=CARTESIAN_POINT('',(-1.062904677663E1,-1.849999999814E1,
2.945648687224E1));
#1493=CARTESIAN_POINT('',(-1.055520652187E1,-1.850000000001E1,
2.909605072797E1));
#1494=CARTESIAN_POINT('',(-1.053105194851E1,-1.850000000001E1,
2.890818182181E1));
#1496=CARTESIAN_POINT('',(-9.096814493931E0,-6.887291031504E0,
1.775300161554E1));
#1497=CARTESIAN_POINT('',(-9.104503242921E0,-6.839599845111E0,
1.781280299786E1));
#1498=CARTESIAN_POINT('',(-9.129757771980E0,-6.749597345978E0,
1.793984932400E1));
#1499=CARTESIAN_POINT('',(-9.198402862349E0,-6.635412203155E0,
1.814937390180E1));
#1500=CARTESIAN_POINT('',(-9.301599240252E0,-6.543136722882E0,
1.838172034541E1));
#1501=CARTESIAN_POINT('',(-9.444372892025E0,-6.477543816640E0,
1.863855755857E1));
#1502=CARTESIAN_POINT('',(-9.632141745316E0,-6.445419378182E0,
1.891997650879E1));
#1503=CARTESIAN_POINT('',(-9.869110731261E0,-6.455185664090E0,
1.922276274401E1));
#1504=CARTESIAN_POINT('',(-1.015822683895E1,-6.515921542219E0,
1.954135696833E1));
#1505=CARTESIAN_POINT('',(-1.049793801529E1,-6.636110870766E0,
1.986487763997E1));
#1506=CARTESIAN_POINT('',(-1.087555336727E1,-6.818349951836E0,
2.017386174233E1));
#1507=CARTESIAN_POINT('',(-1.113903218025E1,-6.976633764975E0,
2.035704921887E1));
#1508=CARTESIAN_POINT('',(-1.127360574965E1,-7.065424317078E0,
2.044234151037E1));
#1510=CARTESIAN_POINT('',(-1.298083796988E1,-1.849999999727E1,
3.227847299790E1));
#1511=CARTESIAN_POINT('',(-1.270190586328E1,-1.850000000712E1,
3.205936816484E1));
#1512=CARTESIAN_POINT('',(-1.217594832572E1,-1.849999999482E1,
3.164332392707E1));
#1513=CARTESIAN_POINT('',(-1.154330746308E1,-1.850000000746E1,
3.104642469768E1));
#1514=CARTESIAN_POINT('',(-1.120332996069E1,-1.849999998605E1,
3.061707481212E1));
#1515=CARTESIAN_POINT('',(-1.106020858159E1,-1.849999998605E1,
3.039569552262E1));
#1517=CARTESIAN_POINT('',(-1.260995013355E1,-1.927102936137E1,
2.939378993768E1));
#1518=DIRECTION('',(-8.871758903269E-2,-7.183270377189E-1,6.900256924769E-1));
#1519=DIRECTION('',(7.748707805306E-1,3.855146921807E-1,5.009527877882E-1));
#1520=AXIS2_PLACEMENT_3D('',#1517,#1518,#1519);
#1522=DIRECTION('',(1.E0,2.298489561467E-10,9.860577637464E-10));
#1523=VECTOR('',#1522,1.189213125631E1);
#1524=CARTESIAN_POINT('',(-2.487296922619E1,-1.85E1,3.227847298617E1));
#1525=LINE('',#1524,#1523);
#1526=CARTESIAN_POINT('',(-1.298083796988E1,-1.849999999727E1,
3.227847299790E1));
#1527=CARTESIAN_POINT('',(-1.293459710822E1,-1.850000000517E1,
3.209838965516E1));
#1528=CARTESIAN_POINT('',(-1.284241413760E1,-1.845123811971E1,
3.173973607433E1));
#1529=CARTESIAN_POINT('',(-1.271438328100E1,-1.823803390102E1,
3.124105751094E1));
#1530=CARTESIAN_POINT('',(-1.264165257237E1,-1.801406618339E1,
3.095961816472E1));
#1531=CARTESIAN_POINT('',(-1.260995012814E1,-1.788551466382E1,
3.083613144478E1));
#1533=DIRECTION('',(-1.E0,-8.072420234980E-9,7.745959580944E-9));
#1534=VECTOR('',#1533,1.226301890606E1);
#1535=CARTESIAN_POINT('',(-1.260995012814E1,-1.788551466382E1,
3.083613144478E1));
#1536=LINE('',#1535,#1534);
#1537=DIRECTION('',(8.871758628987E-2,7.183270378915E-1,-6.900256926499E-1));
#1538=VECTOR('',#1537,1.506290279495E1);
#1539=CARTESIAN_POINT('',(-1.260995012814E1,-1.788551466382E1,
3.083613144478E1));
#1540=LINE('',#1539,#1538);
#1541=DIRECTION('',(-3.055451268541E-1,-6.866825710513E-1,6.596280937544E-1));
#1542=VECTOR('',#1541,1.575704686168E1);
#1543=CARTESIAN_POINT('',(-2.005848015200E1,-7.065425311656E0,
2.044234075519E1));
#1544=LINE('',#1543,#1542);
#1545=DIRECTION('',(-8.871758903149E-2,-7.183270374925E-1,6.900256927128E-1));
#1546=VECTOR('',#1545,1.616632586884E1);
#1547=CARTESIAN_POINT('',(-9.096814493931E0,-6.887291031504E0,
1.775300161554E1));
#1548=LINE('',#1547,#1546);
#1549=DIRECTION('',(-2.256152748656E-12,1.E0,-1.582837870077E-13));
#1550=VECTOR('',#1549,2.917877989750E0);
#1551=CARTESIAN_POINT('',(-8.999999999974E0,-1.136881700090E1,1.7E1));
#1552=LINE('',#1551,#1550);
#1553=CARTESIAN_POINT('',(-2.88E1,-1.35E1,4.075637054020E1));
#1554=DIRECTION('',(0.E0,1.E0,0.E0));
#1555=DIRECTION('',(-9.073821306925E-1,0.E0,-4.203066367546E-1));
#1556=AXIS2_PLACEMENT_3D('',#1553,#1554,#1555);
#1558=CARTESIAN_POINT('',(-2.580000048457E1,-1.65E1,3.427980083018E1));
#1559=DIRECTION('',(4.203067282602E-1,0.E0,-9.073820883064E-1));
#1560=DIRECTION('',(0.E0,-1.E0,0.E0));
#1561=AXIS2_PLACEMENT_3D('',#1558,#1559,#1560);
#1563=DIRECTION('',(-7.847232395744E-9,-1.E0,1.525000583619E-8));
#1564=VECTOR('',#1563,2.699999999658E1);
#1565=CARTESIAN_POINT('',(-3.08E1,1.35E1,4.075637054020E1));
#1566=LINE('',#1565,#1564);
#1567=DIRECTION('',(-3.572835950190E-8,1.E0,7.713157972006E-8));
#1568=VECTOR('',#1567,2.700000076715E1);
#1569=CARTESIAN_POINT('',(-3.061476324021E1,-1.350000076715E1,
3.991575506214E1));
#1570=LINE('',#1569,#1568);
#1571=CARTESIAN_POINT('',(-2.580000521466E1,1.65E1,3.427981104178E1));
#1572=DIRECTION('',(4.203067282602E-1,0.E0,-9.073820883064E-1));
#1573=DIRECTION('',(-9.073820883064E-1,4.151316801426E-8,-4.203067282602E-1));
#1574=AXIS2_PLACEMENT_3D('',#1571,#1572,#1573);
#1576=CARTESIAN_POINT('',(-2.580000286844E1,1.850000020760E1,3.427980941662E1));
#1577=CARTESIAN_POINT('',(-2.624794579493E1,1.850000013514E1,3.486096436107E1));
#1578=CARTESIAN_POINT('',(-2.706875207766E1,1.837956099362E1,3.592252923879E1));
#1579=CARTESIAN_POINT('',(-2.800727441517E1,1.801483720514E1,3.713956539486E1));
#1580=CARTESIAN_POINT('',(-2.877952863863E1,1.756076008723E1,3.813944796481E1));
#1581=CARTESIAN_POINT('',(-2.960437332548E1,1.679464048540E1,3.920728270795E1));
#1582=CARTESIAN_POINT('',(-3.008199384126E1,1.612758134037E1,3.982657472960E1));
#1583=CARTESIAN_POINT('',(-3.052318157663E1,1.524475333746E1,4.039915155677E1));
#1584=CARTESIAN_POINT('',(-3.076294235898E1,1.429878606475E1,4.070667011372E1));
#1585=CARTESIAN_POINT('',(-3.08E1,1.375432130848E1,4.075637054020E1));
#1586=CARTESIAN_POINT('',(-3.08E1,1.35E1,4.075637054020E1));
#1588=CARTESIAN_POINT('',(-2.88E1,1.35E1,4.075637054020E1));
#1589=DIRECTION('',(0.E0,-1.E0,0.E0));
#1590=DIRECTION('',(-1.E0,0.E0,0.E0));
#1591=AXIS2_PLACEMENT_3D('',#1588,#1589,#1590);
#1593=DIRECTION('',(0.E0,0.E0,-1.E0));
#1594=VECTOR('',#1593,8.524362945980E1);
#1595=CARTESIAN_POINT('',(-3.08E1,1.35E1,1.26E2));
#1596=LINE('',#1595,#1594);
#1597=DIRECTION('',(3.127381617068E-8,-2.263407296767E-9,1.E0));
#1598=VECTOR('',#1597,9.172019058338E1);
#1599=CARTESIAN_POINT('',(-2.580000286844E1,1.850000020760E1,3.427980941662E1));
#1600=LINE('',#1599,#1598);
#1601=DIRECTION('',(0.E0,-1.E0,0.E0));
#1602=VECTOR('',#1601,2.7E1);
#1603=CARTESIAN_POINT('',(-3.08E1,1.35E1,1.26E2));
#1604=LINE('',#1603,#1602);
#1605=DIRECTION('',(-2.890699293730E-9,-3.679692344122E-10,-1.E0));
#1606=VECTOR('',#1605,9.172019929419E1);
#1607=CARTESIAN_POINT('',(-2.580000002923E1,-1.85E1,1.26E2));
#1608=LINE('',#1607,#1606);
#1609=CARTESIAN_POINT('',(-2.580000029436E1,-1.850000003375E1,
3.427980070581E1));
#1610=CARTESIAN_POINT('',(-2.634901098375E1,-1.849997752148E1,
3.499096479460E1));
#1611=CARTESIAN_POINT('',(-2.717330995255E1,-1.836692257197E1,
3.605829177352E1));
#1612=CARTESIAN_POINT('',(-2.824311693679E1,-1.789331478970E1,
3.744418563086E1));
#1613=CARTESIAN_POINT('',(-2.890644869590E1,-1.744376563136E1,
3.830343271709E1));
#1614=CARTESIAN_POINT('',(-2.942938751567E1,-1.695550889434E1,
3.898083909239E1));
#1615=CARTESIAN_POINT('',(-2.982878092006E1,-1.648463131981E1,
3.949820641285E1));
#1616=CARTESIAN_POINT('',(-3.019918245706E1,-1.591281565455E1,
3.997801562211E1));
#1617=CARTESIAN_POINT('',(-3.051920028749E1,-1.521837122329E1,
4.039257191455E1));
#1618=CARTESIAN_POINT('',(-3.074330596173E1,-1.440464278691E1,
4.068283924713E1));
#1619=CARTESIAN_POINT('',(-3.080000088947E1,-1.380191589755E1,
4.075637181686E1));
#1620=CARTESIAN_POINT('',(-3.080000021188E1,-1.349999999658E1,
4.075637095195E1));
#1622=DIRECTION('',(2.485523380924E-9,-4.008481555083E-11,1.E0));
#1623=VECTOR('',#1622,8.524362904805E1);
#1624=CARTESIAN_POINT('',(-3.080000021188E1,-1.349999999658E1,
4.075637095195E1));
#1625=LINE('',#1624,#1623);
#1626=CARTESIAN_POINT('',(-2.004748136079E1,5.849070596977E0,2.186093511935E1));
#1627=DIRECTION('',(-3.079924503329E-1,6.804654081837E-1,6.649116323267E-1));
#1628=DIRECTION('',(-2.438937940497E-12,6.988852839923E-1,-7.152337798363E-1));
#1629=AXIS2_PLACEMENT_3D('',#1626,#1627,#1628);
#1631=CARTESIAN_POINT('',(-2.004748136079E1,5.849070596977E0,2.186093511935E1));
#1632=DIRECTION('',(-3.079924503329E-1,6.804654081837E-1,6.649116323267E-1));
#1633=DIRECTION('',(-2.741755554742E-1,6.057518003141E-1,-7.469220315379E-1));
#1634=AXIS2_PLACEMENT_3D('',#1631,#1632,#1633);
#1636=DIRECTION('',(-1.E0,-2.474665759979E-12,-5.952317216999E-13));
#1637=VECTOR('',#1636,8.773875647827E0);
#1638=CARTESIAN_POINT('',(-1.127360571297E1,7.246841165017E0,2.043046755967E1));
#1639=LINE('',#1638,#1637);
#1640=CARTESIAN_POINT('',(-2.004748136080E1,7.246841164995E0,2.043046755967E1));
#1641=CARTESIAN_POINT('',(-1.989792734360E1,7.081631205530E0,2.026903209610E1));
#1642=CARTESIAN_POINT('',(-1.955372254342E1,6.816226923019E0,1.989741552528E1));
#1643=CARTESIAN_POINT('',(-1.899273237448E1,6.635059952342E0,1.929188605750E1));
#1644=CARTESIAN_POINT('',(-1.844105869637E1,6.640770698213E0,1.869638197718E1));
#1645=CARTESIAN_POINT('',(-1.794542387007E1,6.800870456706E0,1.816138020482E1));
#1646=CARTESIAN_POINT('',(-1.750981179934E1,7.099452798826E0,1.769116496803E1));
#1647=CARTESIAN_POINT('',(-1.716078644226E1,7.518018637885E0,1.731442922217E1));
#1648=CARTESIAN_POINT('',(-1.692592797225E1,8.046657451994E0,1.706088209029E1));
#1649=CARTESIAN_POINT('',(-1.686943930942E1,8.445327313048E0,1.699999943700E1));
#1650=CARTESIAN_POINT('',(-1.686943937080E1,8.644611744422E0,1.699999952470E1));
#1652=DIRECTION('',(1.E0,-1.162170918763E-9,6.039837569205E-8));
#1653=VECTOR('',#1652,7.869439370859E0);
#1654=CARTESIAN_POINT('',(-1.686943937080E1,8.644611744422E0,1.699999952470E1));
#1655=LINE('',#1654,#1653);
#1656=CARTESIAN_POINT('',(-8.999999999938E0,8.644611735276E0,1.7E1));
#1657=CARTESIAN_POINT('',(-8.999999999848E0,8.441810189946E0,1.699999999931E1));
#1658=CARTESIAN_POINT('',(-9.007484538846E0,8.055975424190E0,1.705821307930E1));
#1659=CARTESIAN_POINT('',(-9.040844607100E0,7.510129346083E0,1.731768028044E1));
#1660=CARTESIAN_POINT('',(-9.074665488562E0,7.220875216719E0,1.758073157216E1));
#1661=CARTESIAN_POINT('',(-9.094953265670E0,7.092618890843E0,1.773852539411E1));
#1663=DIRECTION('',(-8.871758903106E-2,7.183270374961E-1,-6.900256927090E-1));
#1664=VECTOR('',#1663,1.616632586868E1);
#1665=CARTESIAN_POINT('',(1.053105194850E1,-1.850000000001E1,2.890818182169E1));
#1666=LINE('',#1665,#1664);
#1667=DIRECTION('',(9.226555725703E-13,-1.E0,-6.476523997524E-14));
#1668=VECTOR('',#1667,7.131182999100E0);
#1669=CARTESIAN_POINT('',(8.999999999974E0,-1.136881700090E1,1.7E1));
#1670=LINE('',#1669,#1668);
#1671=CARTESIAN_POINT('',(1.053105194874E1,-1.85E1,2.890818182338E1));
#1672=CARTESIAN_POINT('',(1.059986510580E1,-1.85E1,2.944339526776E1));
#1673=CARTESIAN_POINT('',(1.076723890962E1,-1.85E1,2.994253184391E1));
#1674=CARTESIAN_POINT('',(1.106020863841E1,-1.85E1,3.039569563290E1));
#1676=CARTESIAN_POINT('',(1.127360571300E1,-7.065424292760E0,2.044234148701E1));
#1677=CARTESIAN_POINT('',(1.106070922705E1,-6.924956917535E0,2.030740838166E1));
#1678=CARTESIAN_POINT('',(1.065647133892E1,-6.700322409477E0,2.000786078507E1));
#1679=CARTESIAN_POINT('',(1.017636803630E1,-6.509870224848E0,1.957125881339E1));
#1680=CARTESIAN_POINT('',(9.698580159459E0,-6.432277284090E0,1.902148400204E1));
#1681=CARTESIAN_POINT('',(9.418272384398E0,-6.469333338472E0,1.861201150921E1));
#1682=CARTESIAN_POINT('',(9.160236956979E0,-6.646524788130E0,1.808909122779E1));
#1683=CARTESIAN_POINT('',(9.110065081128E0,-6.805101298960E0,1.785606174040E1));
#1684=CARTESIAN_POINT('',(9.096814493938E0,-6.887291031558E0,1.775300161560E1));
#1686=CARTESIAN_POINT('',(1.106020863837E1,-1.85E1,3.039569563284E1));
#1687=CARTESIAN_POINT('',(1.120268133436E1,-1.85E1,3.061607152977E1));
#1688=CARTESIAN_POINT('',(1.154141776380E1,-1.849999999924E1,3.104433244706E1));
#1689=CARTESIAN_POINT('',(1.217368033517E1,-1.850000000267E1,3.164146722781E1));
#1690=CARTESIAN_POINT('',(1.270091599578E1,-1.849999999427E1,3.205858993192E1));
#1691=CARTESIAN_POINT('',(1.298083794233E1,-1.849999999863E1,3.227847297908E1));
#1693=CARTESIAN_POINT('',(1.260995014286E1,-1.927102943672E1,2.939379001005E1));
#1694=DIRECTION('',(8.871758903269E-2,-7.183270377189E-1,6.900256924769E-1));
#1695=DIRECTION('',(-3.819167204711E-14,6.927573591874E-1,7.211707435078E-1));
#1696=AXIS2_PLACEMENT_3D('',#1693,#1694,#1695);
#1698=DIRECTION('',(1.E0,-1.148949020611E-10,4.223069984117E-10));
#1699=VECTOR('',#1698,1.189213128387E1);
#1700=CARTESIAN_POINT('',(1.298083794233E1,-1.849999999863E1,3.227847297908E1));
#1701=LINE('',#1700,#1699);
#1702=DIRECTION('',(-1.E0,8.085793400548E-13,-5.571114550073E-13));
#1703=VECTOR('',#1702,1.226301908340E1);
#1704=CARTESIAN_POINT('',(2.487296922622E1,-1.788551471837E1,3.083613149707E1));
#1705=LINE('',#1704,#1703);
#1706=CARTESIAN_POINT('',(1.260995014283E1,-1.788551471836E1,3.083613149707E1));
#1707=CARTESIAN_POINT('',(1.263396779291E1,-1.798274731903E1,3.092953309423E1));
#1708=CARTESIAN_POINT('',(1.268703465531E1,-1.815798699048E1,3.113580438363E1));
#1709=CARTESIAN_POINT('',(1.277828338300E1,-1.835304724035E1,3.149070971846E1));
#1710=CARTESIAN_POINT('',(1.287755472756E1,-1.847301518420E1,3.187671109639E1));
#1711=CARTESIAN_POINT('',(1.294640133951E1,-1.849999984104E1,3.214455330602E1));
#1712=CARTESIAN_POINT('',(1.298083794233E1,-1.849999999863E1,3.227847297908E1));
#1714=CARTESIAN_POINT('',(2.487296922620E1,-1.65E1,3.227847298410E1));
#1715=DIRECTION('',(4.203067282542E-1,-2.574439086045E-12,9.073820883091E-1));
#1716=DIRECTION('',(-5.570655048359E-12,-1.E0,-2.557953848736E-13));
#1717=AXIS2_PLACEMENT_3D('',#1714,#1715,#1716);
#1719=CARTESIAN_POINT('',(2.487296922620E1,-1.65E1,3.227847298410E1));
#1720=DIRECTION('',(-3.055450538530E-1,6.866826421875E-1,-6.596280535152E-1));
#1721=DIRECTION('',(9.073820883091E-1,0.E0,-4.203067282542E-1));
#1722=AXIS2_PLACEMENT_3D('',#1719,#1720,#1721);
#1724=CARTESIAN_POINT('',(2.487296922620E1,-1.65E1,3.227847298410E1));
#1725=DIRECTION('',(-1.E0,0.E0,0.E0));
#1726=DIRECTION('',(0.E0,-6.927573591891E-1,-7.211707435062E-1));
#1727=AXIS2_PLACEMENT_3D('',#1724,#1725,#1726);
#1729=DIRECTION('',(-4.203067282613E-1,6.666687555126E-8,-9.073820883058E-1));
#1730=VECTOR('',#1729,2.205616453159E0);
#1731=CARTESIAN_POINT('',(2.761476883807E1,-1.650000017305E1,3.343919639084E1));
#1732=LINE('',#1731,#1730);
#1733=DIRECTION('',(8.871758903066E-2,-7.183270377189E-1,6.900256924772E-1));
#1734=VECTOR('',#1733,1.506290290835E1);
#1735=CARTESIAN_POINT('',(1.127360571300E1,-7.065424292760E0,2.044234148701E1));
#1736=LINE('',#1735,#1734);
#1737=DIRECTION('',(-3.055450538587E-1,6.866826421793E-1,-6.596280535212E-1));
#1738=VECTOR('',#1737,1.575704664859E1);
#1739=CARTESIAN_POINT('',(2.487296922622E1,-1.788551471837E1,3.083613149707E1));
#1740=LINE('',#1739,#1738);
#1741=DIRECTION('',(1.E0,-2.123772288941E-12,8.334941802355E-13));
#1742=VECTOR('',#1741,8.784875846331E0);
#1743=CARTESIAN_POINT('',(1.127360571300E1,-7.065424292760E0,2.044234148701E1));
#1744=LINE('',#1743,#1742);
#1745=CARTESIAN_POINT('',(2.005848155933E1,-7.065424292779E0,2.044234148702E1));
#1746=CARTESIAN_POINT('',(1.990998358291E1,-6.898556077269E0,2.028204590047E1));
#1747=CARTESIAN_POINT('',(1.956723419928E1,-6.629671054717E0,1.991199915816E1));
#1748=CARTESIAN_POINT('',(1.900640186295E1,-6.443450089559E0,1.930664029579E1));
#1749=CARTESIAN_POINT('',(1.845330449933E1,-6.444954343592E0,1.870959914416E1));
#1750=CARTESIAN_POINT('',(1.795487322938E1,-6.602375977150E0,1.817157874893E1));
#1751=CARTESIAN_POINT('',(1.751602680667E1,-6.899811263110E0,1.769787215901E1));
#1752=CARTESIAN_POINT('',(1.716379969429E1,-7.318994826240E0,1.731768059069E1));
#1753=CARTESIAN_POINT('',(1.692655459930E1,-7.849765418262E0,1.706155659264E1));
#1754=CARTESIAN_POINT('',(1.686943927922E1,-8.250579622018E0,1.699999939792E1));
#1755=CARTESIAN_POINT('',(1.686943937654E1,-8.450939024230E0,1.699999952457E1));
#1757=DIRECTION('',(-1.E0,1.662080566644E-9,6.041531160708E-8));
#1758=VECTOR('',#1757,7.869439376559E0);
#1759=CARTESIAN_POINT('',(1.686943937654E1,-8.450939024230E0,1.699999952457E1));
#1760=LINE('',#1759,#1758);
#1761=CARTESIAN_POINT('',(8.999999999981E0,-8.450939011150E0,1.7E1));
#1762=CARTESIAN_POINT('',(8.999999999981E0,-8.245855691878E0,1.7E1));
#1763=CARTESIAN_POINT('',(9.007647649187E0,-7.856100003014E0,1.705948171565E1));
#1764=CARTESIAN_POINT('',(9.041685962998E0,-7.305754653861E0,1.732422415885E1));
#1765=CARTESIAN_POINT('',(9.076144003667E0,-7.015504370873E0,1.759223113571E1));
#1766=CARTESIAN_POINT('',(9.096814493938E0,-6.887291031558E0,1.775300161560E1));
#1768=CARTESIAN_POINT('',(2.005848155932E1,-5.679909574377E0,2.188468297403E1));
#1769=DIRECTION('',(3.055450538611E-1,-6.866826421792E-1,6.596280535202E-1));
#1770=DIRECTION('',(1.012523398458E-13,-6.927573591873E-1,-7.211707435080E-1));
#1771=AXIS2_PLACEMENT_3D('',#1768,#1769,#1770);
#1773=DIRECTION('',(-3.477721312383E-13,0.E0,1.E0));
#1774=VECTOR('',#1773,1.485864329443E1);
#1775=CARTESIAN_POINT('',(5.2E0,-8.E0,9.6E1));
#1776=LINE('',#1775,#1774);
#1777=CARTESIAN_POINT('',(5.200000000265E0,6.E0,1.132454607066E2));
#1778=CARTESIAN_POINT('',(5.200000000265E0,6.082494335200E0,1.132454607066E2));
#1779=CARTESIAN_POINT('',(5.199999999877E0,6.247402415715E0,1.132327014970E2));
#1780=CARTESIAN_POINT('',(5.200000000033E0,6.494997645095E0,1.131744436187E2));
#1781=CARTESIAN_POINT('',(5.199999999991E0,6.741404941480E0,1.130749712247E2));
#1782=CARTESIAN_POINT('',(5.200000000002E0,6.982999244863E0,1.129325433941E2));
#1783=CARTESIAN_POINT('',(5.199999999999E0,7.216861935917E0,1.127439907393E2));
#1784=CARTESIAN_POINT('',(5.2E0,7.434630608562E0,1.125102271321E2));
#1785=CARTESIAN_POINT('',(5.2E0,7.629366550047E0,1.122319419246E2));
#1786=CARTESIAN_POINT('',(5.2E0,7.790243252521E0,1.119177403183E2));
#1787=CARTESIAN_POINT('',(5.199999999999E0,7.910485105257E0,1.115756548627E2));
#1788=CARTESIAN_POINT('',(5.200000000002E0,7.983892899760E0,1.112169397636E2));
#1789=CARTESIAN_POINT('',(5.199999999996E0,8.E0,1.109786018640E2));
#1790=CARTESIAN_POINT('',(5.199999999996E0,8.E0,1.108586432944E2));
#1792=DIRECTION('',(0.E0,-1.E0,0.E0));
#1793=VECTOR('',#1792,2.7E1);
#1794=CARTESIAN_POINT('',(5.2E0,1.35E1,1.26E2));
#1795=LINE('',#1794,#1793);
#1796=DIRECTION('',(0.E0,-1.E0,0.E0));
#1797=VECTOR('',#1796,5.5E0);
#1798=CARTESIAN_POINT('',(5.2E0,-8.E0,9.6E1));
#1799=LINE('',#1798,#1797);
#1800=DIRECTION('',(1.065814103640E-14,1.E0,0.E0));
#1801=VECTOR('',#1800,5.5E0);
#1802=CARTESIAN_POINT('',(-5.2E0,-1.35E1,9.6E1));
#1803=LINE('',#1802,#1801);
#1804=DIRECTION('',(1.E0,0.E0,0.E0));
#1805=VECTOR('',#1804,1.04E1);
#1806=CARTESIAN_POINT('',(-5.2E0,-8.E0,9.6E1));
#1807=LINE('',#1806,#1805);
#1808=DIRECTION('',(2.944526501340E-13,0.E0,1.E0));
#1809=VECTOR('',#1808,1.485864329444E1);
#1810=CARTESIAN_POINT('',(-5.2E0,-8.E0,9.6E1));
#1811=LINE('',#1810,#1809);
#1812=CARTESIAN_POINT('',(0.E0,-8.E0,1.200981603760E2));
#1813=DIRECTION('',(0.E0,-1.E0,0.E0));
#1814=DIRECTION('',(-4.904598122609E-1,0.E0,-8.714638102394E-1));
#1815=AXIS2_PLACEMENT_3D('',#1812,#1813,#1814);
#1817=CARTESIAN_POINT('',(0.E0,-8.E0,1.200981603760E2));
#1818=DIRECTION('',(0.E0,-1.E0,0.E0));
#1819=DIRECTION('',(0.E0,0.E0,-1.E0));
#1820=AXIS2_PLACEMENT_3D('',#1817,#1818,#1819);
#1822=CARTESIAN_POINT('',(0.E0,-6.E0,1.200981603760E2));
#1823=DIRECTION('',(0.E0,-1.E0,0.E0));
#1824=DIRECTION('',(-6.044897932661E-1,0.E0,-7.966128858091E-1));
#1825=AXIS2_PLACEMENT_3D('',#1822,#1823,#1824);
#1827=CARTESIAN_POINT('',(5.200000000265E0,-6.E0,1.132454607066E2));
#1828=CARTESIAN_POINT('',(5.200000000265E0,-6.152770203481E0,1.132454607066E2));
#1829=CARTESIAN_POINT('',(5.199999999877E0,-6.456601910960E0,1.132084702210E2));
#1830=CARTESIAN_POINT('',(5.200000000033E0,-6.974829882506E0,1.129588335055E2));
#1831=CARTESIAN_POINT('',(5.199999999991E0,-7.354412645048E0,1.126280956225E2));
#1832=CARTESIAN_POINT('',(5.200000000002E0,-7.723029366376E0,1.120985568166E2));
#1833=CARTESIAN_POINT('',(5.200000000002E0,-7.928568848404E0,1.115627901033E2));
#1834=CARTESIAN_POINT('',(5.199999999995E0,-8.E0,1.111049424325E2));
#1835=CARTESIAN_POINT('',(5.199999999995E0,-8.E0,1.108586432944E2));
#1837=DIRECTION('',(0.E0,-1.E0,0.E0));
#1838=VECTOR('',#1837,1.2E1);
#1839=CARTESIAN_POINT('',(5.200000000265E0,6.E0,1.132454607066E2));
#1840=LINE('',#1839,#1838);
#1841=DIRECTION('',(0.E0,1.E0,0.E0));
#1842=VECTOR('',#1841,1.2E1);
#1843=CARTESIAN_POINT('',(-5.200000000265E0,-6.E0,1.132454607066E2));
#1844=LINE('',#1843,#1842);
#1845=CARTESIAN_POINT('',(-5.200000000265E0,6.E0,1.132454607066E2));
#1846=CARTESIAN_POINT('',(-5.200000000265E0,6.152770203482E0,1.132454607066E2));
#1847=CARTESIAN_POINT('',(-5.199999999877E0,6.456601910961E0,1.132084702210E2));
#1848=CARTESIAN_POINT('',(-5.200000000033E0,6.974829882506E0,1.129588335055E2));
#1849=CARTESIAN_POINT('',(-5.199999999991E0,7.354412645047E0,1.126280956225E2));
#1850=CARTESIAN_POINT('',(-5.200000000002E0,7.723029366377E0,1.120985568166E2));
#1851=CARTESIAN_POINT('',(-5.200000000002E0,7.928568848404E0,1.115627901033E2));
#1852=CARTESIAN_POINT('',(-5.199999999995E0,8.E0,1.111049424325E2));
#1853=CARTESIAN_POINT('',(-5.199999999995E0,8.E0,1.108586432944E2));
#1855=CARTESIAN_POINT('',(-2.264854970240E-14,6.E0,1.200981603760E2));
#1856=DIRECTION('',(0.E0,1.E0,0.E0));
#1857=DIRECTION('',(6.044897932661E-1,0.E0,-7.966128858091E-1));
#1858=AXIS2_PLACEMENT_3D('',#1855,#1856,#1857);
#1860=CARTESIAN_POINT('',(-2.264854970240E-14,8.E0,1.200981603760E2));
#1861=DIRECTION('',(0.E0,1.E0,0.E0));
#1862=DIRECTION('',(4.904598122606E-1,0.E0,-8.714638102396E-1));
#1863=AXIS2_PLACEMENT_3D('',#1860,#1861,#1862);
#1865=DIRECTION('',(1.E0,0.E0,0.E0));
#1866=VECTOR('',#1865,1.04E1);
#1867=CARTESIAN_POINT('',(-5.2E0,8.E0,9.6E1));
#1868=LINE('',#1867,#1866);
#1869=DIRECTION('',(-2.948113013522E-13,0.E0,1.E0));
#1870=VECTOR('',#1869,1.485864329444E1);
#1871=CARTESIAN_POINT('',(5.2E0,8.E0,9.6E1));
#1872=LINE('',#1871,#1870);
#1873=DIRECTION('',(0.E0,1.E0,0.E0));
#1874=VECTOR('',#1873,5.5E0);
#1875=CARTESIAN_POINT('',(-5.2E0,8.E0,9.6E1));
#1876=LINE('',#1875,#1874);
#1877=DIRECTION('',(-1.049665405100E-14,-1.E0,0.E0));
#1878=VECTOR('',#1877,5.5E0);
#1879=CARTESIAN_POINT('',(5.2E0,1.35E1,9.6E1));
#1880=LINE('',#1879,#1878);
#1881=CARTESIAN_POINT('',(-5.2E0,1.35E1,9.6E1));
#1882=CARTESIAN_POINT('',(-5.2E0,1.366179211699E1,9.6E1));
#1883=CARTESIAN_POINT('',(-5.215800817923E0,1.398746638207E1,9.598419918208E1));
#1884=CARTESIAN_POINT('',(-5.287450435234E0,1.447433178810E1,9.591254956477E1));
#1885=CARTESIAN_POINT('',(-5.410096016907E0,1.496417951179E1,9.578990398309E1));
#1886=CARTESIAN_POINT('',(-5.586660743273E0,1.545199160925E1,9.561333925673E1));
#1887=CARTESIAN_POINT('',(-5.823386292664E0,1.593864055762E1,9.537661370734E1));
#1888=CARTESIAN_POINT('',(-6.125124859123E0,1.641669149401E1,9.507487514088E1));
#1889=CARTESIAN_POINT('',(-6.498504533216E0,1.687979130566E1,9.470149546678E1));
#1890=CARTESIAN_POINT('',(-6.948018052041E0,1.731599356300E1,9.425198194796E1));
#1891=CARTESIAN_POINT('',(-7.474893788447E0,1.771009766660E1,9.372510621155E1));
#1892=CARTESIAN_POINT('',(-8.077250932714E0,1.804518916761E1,9.312274906729E1));
#1893=CARTESIAN_POINT('',(-8.745561919676E0,1.830211169999E1,9.245443808032E1));
#1894=CARTESIAN_POINT('',(-9.460230448384E0,1.846313433142E1,9.173976955162E1));
#1895=CARTESIAN_POINT('',(-9.951214162779E0,1.85E1,9.124878583722E1));
#1896=CARTESIAN_POINT('',(-1.02E1,1.85E1,9.1E1));
#1898=DIRECTION('',(1.E0,0.E0,0.E0));
#1899=VECTOR('',#1898,2.04E1);
#1900=CARTESIAN_POINT('',(-1.02E1,1.85E1,9.1E1));
#1901=LINE('',#1900,#1899);
#1902=DIRECTION('',(-1.E0,0.E0,0.E0));
#1903=VECTOR('',#1902,1.04E1);
#1904=CARTESIAN_POINT('',(5.2E0,1.35E1,9.6E1));
#1905=LINE('',#1904,#1903);
#1906=DIRECTION('',(0.E0,0.E0,-1.E0));
#1907=VECTOR('',#1906,3.E1);
#1908=CARTESIAN_POINT('',(5.2E0,1.35E1,1.26E2));
#1909=LINE('',#1908,#1907);
#1910=CARTESIAN_POINT('',(5.2E0,1.35E1,9.6E1));
#1911=CARTESIAN_POINT('',(5.2E0,1.366178242899E1,9.6E1));
#1912=CARTESIAN_POINT('',(5.215798978707E0,1.398746777548E1,9.598420102129E1));
#1913=CARTESIAN_POINT('',(5.287466130752E0,1.447443600604E1,9.591253386925E1));
#1914=CARTESIAN_POINT('',(5.410177195922E0,1.496447617061E1,9.578982280408E1));
#1915=CARTESIAN_POINT('',(5.586864302601E0,1.545247717420E1,9.561313569740E1));
#1916=CARTESIAN_POINT('',(5.823609321763E0,1.593903914066E1,9.537639067824E1));
#1917=CARTESIAN_POINT('',(6.125441151884E0,1.641714057400E1,9.507455884812E1));
#1918=CARTESIAN_POINT('',(6.498936649697E0,1.688027336991E1,9.470106335030E1));
#1919=CARTESIAN_POINT('',(6.948657646075E0,1.731654951064E1,9.425134235392E1));
#1920=CARTESIAN_POINT('',(7.475706456905E0,1.771062540888E1,9.372429354310E1));
#1921=CARTESIAN_POINT('',(8.078145425302E0,1.804561160175E1,9.312185457470E1));
#1922=CARTESIAN_POINT('',(8.746619846770E0,1.830243231176E1,9.245338015323E1));
#1923=CARTESIAN_POINT('',(9.461084071353E0,1.846323630314E1,9.173891592865E1));
#1924=CARTESIAN_POINT('',(9.951553142199E0,1.85E1,9.124844685780E1));
#1925=CARTESIAN_POINT('',(1.02E1,1.85E1,9.1E1));
#1927=DIRECTION('',(0.E0,0.E0,1.E0));
#1928=VECTOR('',#1927,3.5E1);
#1929=CARTESIAN_POINT('',(1.02E1,1.85E1,9.1E1));
#1930=LINE('',#1929,#1928);
#1931=DIRECTION('',(-2.661633673093E-10,1.564590464345E-10,-1.E0));
#1932=VECTOR('',#1931,9.172020010042E1);
#1933=CARTESIAN_POINT('',(2.579999999253E1,1.85E1,1.26E2));
#1934=LINE('',#1933,#1932);
#1935=DIRECTION('',(0.E0,0.E0,1.E0));
#1936=VECTOR('',#1935,8.524362945980E1);
#1937=CARTESIAN_POINT('',(3.08E1,1.35E1,4.075637054020E1));
#1938=LINE('',#1937,#1936);
#1939=DIRECTION('',(0.E0,1.110223024625E-13,-1.E0));
#1940=VECTOR('',#1939,1.E1);
#1941=CARTESIAN_POINT('',(-8.8E0,5.311622476540E0,1.26E2));
#1942=LINE('',#1941,#1940);
#1943=DIRECTION('',(0.E0,1.787903158856E-13,-1.E0));
#1944=VECTOR('',#1943,1.E1);
#1945=CARTESIAN_POINT('',(-8.799999999998E0,-5.311622476547E0,1.26E2));
#1946=LINE('',#1945,#1944);
#1947=DIRECTION('',(-2.334309487124E-13,1.E0,0.E0));
#1948=VECTOR('',#1947,1.062324495309E1);
#1949=CARTESIAN_POINT('',(-8.799999999998E0,-5.311622476545E0,1.16E2));
#1950=LINE('',#1949,#1948);
#1951=DIRECTION('',(-2.511768570912E-13,3.375077994860E-14,-1.E0));
#1952=VECTOR('',#1951,1.E1);
#1953=CARTESIAN_POINT('',(-1.8E1,-1.062324495309E1,1.26E2));
#1954=LINE('',#1953,#1952);
#1955=DIRECTION('',(0.E0,-1.110223024625E-13,-1.E0));
#1956=VECTOR('',#1955,1.E1);
#1957=CARTESIAN_POINT('',(-2.72E1,-5.311622476540E0,1.26E2));
#1958=LINE('',#1957,#1956);
#1959=DIRECTION('',(0.E0,-1.402433724706E-13,-1.E0));
#1960=VECTOR('',#1959,1.E1);
#1961=CARTESIAN_POINT('',(-2.72E1,5.311622476547E0,1.26E2));
#1962=LINE('',#1961,#1960);
#1963=DIRECTION('',(1.862765593593E-13,-1.E0,0.E0));
#1964=VECTOR('',#1963,1.062324495309E1);
#1965=CARTESIAN_POINT('',(-2.72E1,5.311622476545E0,1.16E2));
#1966=LINE('',#1965,#1964);
#1967=DIRECTION('',(2.174260771426E-13,-1.438849039914E-14,-1.E0));
#1968=VECTOR('',#1967,1.E1);
#1969=CARTESIAN_POINT('',(-1.8E1,1.062324495309E1,1.26E2));
#1970=LINE('',#1969,#1968);
#1971=DIRECTION('',(8.660254037843E-1,5.000000000002E-1,0.E0));
#1972=VECTOR('',#1971,1.062324495309E1);
#1973=CARTESIAN_POINT('',(-2.72E1,5.311622476545E0,1.16E2));
#1974=LINE('',#1973,#1972);
#1975=DIRECTION('',(8.660254037842E-1,-5.000000000004E-1,0.E0));
#1976=VECTOR('',#1975,1.062324495309E1);
#1977=CARTESIAN_POINT('',(-1.8E1,1.062324495309E1,1.16E2));
#1978=LINE('',#1977,#1976);
#1979=DIRECTION('',(-8.660254037843E-1,-5.000000000002E-1,0.E0));
#1980=VECTOR('',#1979,1.062324495309E1);
#1981=CARTESIAN_POINT('',(-8.799999999998E0,-5.311622476545E0,1.16E2));
#1982=LINE('',#1981,#1980);
#1983=DIRECTION('',(-8.660254037842E-1,5.000000000004E-1,0.E0));
#1984=VECTOR('',#1983,1.062324495309E1);
#1985=CARTESIAN_POINT('',(-1.8E1,-1.062324495309E1,1.16E2));
#1986=LINE('',#1985,#1984);
#1987=CARTESIAN_POINT('',(-1.8E1,0.E0,1.16E2));
#1988=DIRECTION('',(0.E0,0.E0,1.E0));
#1989=DIRECTION('',(-1.E0,0.E0,0.E0));
#1990=AXIS2_PLACEMENT_3D('',#1987,#1988,#1989);
#1992=CARTESIAN_POINT('',(-1.8E1,0.E0,1.16E2));
#1993=DIRECTION('',(0.E0,0.E0,1.E0));
#1994=DIRECTION('',(1.E0,0.E0,0.E0));
#1995=AXIS2_PLACEMENT_3D('',#1992,#1993,#1994);
#1997=CARTESIAN_POINT('',(-1.723850308396E1,-7.461235406439E0,
5.676161425367E1));
#1998=CARTESIAN_POINT('',(-1.692888956971E1,-7.429635928427E0,
5.769042633497E1));
#1999=CARTESIAN_POINT('',(-1.634047062098E1,-7.330638901425E0,
5.945558207263E1));
#2000=CARTESIAN_POINT('',(-1.555633321269E1,-7.105101283078E0,
6.180803493543E1));
#2001=CARTESIAN_POINT('',(-1.485550219383E1,-6.821971733338E0,
6.391051710312E1));
#2002=CARTESIAN_POINT('',(-1.422992551374E1,-6.495528383150E0,
6.578725006107E1));
#2003=CARTESIAN_POINT('',(-1.367220312796E1,-6.136646185448E0,
6.746041643661E1));
#2004=CARTESIAN_POINT('',(-1.317570599494E1,-5.753296498997E0,
6.894990804516E1));
#2005=CARTESIAN_POINT('',(-1.273552155021E1,-5.352335883097E0,
7.027046132322E1));
#2006=CARTESIAN_POINT('',(-1.234674389370E1,-4.938987901588E0,
7.143679430779E1));
#2007=CARTESIAN_POINT('',(-1.200327316698E1,-4.514956115670E0,
7.246720648391E1));
#2008=CARTESIAN_POINT('',(-1.170212742862E1,-4.083609384189E0,
7.337064370008E1));
#2009=CARTESIAN_POINT('',(-1.144030725986E1,-3.647449027814E0,
7.415610420606E1));
#2010=CARTESIAN_POINT('',(-1.121548182415E1,-3.209150158540E0,
7.483058051327E1));
#2011=CARTESIAN_POINT('',(-1.102566077374E1,-2.771596308206E0,
7.540004366448E1));
#2012=CARTESIAN_POINT('',(-1.086899821823E1,-2.338265390998E0,
7.587003133102E1));
#2013=CARTESIAN_POINT('',(-1.074317521964E1,-1.910845016079E0,
7.624750032678E1));
#2014=CARTESIAN_POINT('',(-1.064749268363E1,-1.499189361005E0,
7.653454793480E1));
#2015=CARTESIAN_POINT('',(-1.057771105796E1,-1.100586625163E0,
7.674389281182E1));
#2016=CARTESIAN_POINT('',(-1.053159201683E1,-7.206672120001E-1,
7.688224993520E1));
#2017=CARTESIAN_POINT('',(-1.050547164226E1,-3.544464017778E-1,
7.696061105891E1));
#2018=CARTESIAN_POINT('',(-1.05E1,-1.167910264511E-1,7.697702598570E1));
#2019=CARTESIAN_POINT('',(-1.05E1,0.E0,7.697702598570E1));
#2021=DIRECTION('',(0.E0,0.E0,-1.E0));
#2022=VECTOR('',#2021,5.25E1);
#2023=CARTESIAN_POINT('',(-2.55E1,0.E0,1.16E2));
#2024=LINE('',#2023,#2022);
#2025=CARTESIAN_POINT('',(-2.55E1,0.E0,6.35E1));
#2026=CARTESIAN_POINT('',(-2.55E1,-2.101858581451E-1,6.35E1));
#2027=CARTESIAN_POINT('',(-2.548225229550E1,-6.325954820833E-1,
6.348225229550E1));
#2028=CARTESIAN_POINT('',(-2.540188437945E1,-1.264745390617E0,
6.340188437945E1));
#2029=CARTESIAN_POINT('',(-2.526527812582E1,-1.899730360455E0,
6.326527812582E1));
#2030=CARTESIAN_POINT('',(-2.506971437792E1,-2.533835099882E0,
6.306971437792E1));
#2031=CARTESIAN_POINT('',(-2.480979760245E1,-3.168361060051E0,
6.280979760245E1));
#2032=CARTESIAN_POINT('',(-2.448106896603E1,-3.797405376286E0,
6.248106896603E1));
#2033=CARTESIAN_POINT('',(-2.407674495236E1,-4.417450990585E0,
6.207674495236E1));
#2034=CARTESIAN_POINT('',(-2.359114467771E1,-5.019660685884E0,
6.159114467771E1));
#2035=CARTESIAN_POINT('',(-2.302095465276E1,-5.591709939552E0,
6.102095465276E1));
#2036=CARTESIAN_POINT('',(-2.236245627067E1,-6.121012537509E0,
6.036245627067E1));
#2037=CARTESIAN_POINT('',(-2.161791179872E1,-6.590030151923E0,
5.961791179872E1));
#2038=CARTESIAN_POINT('',(-2.079326457824E1,-6.980961977816E0,
5.879326457824E1));
#2039=CARTESIAN_POINT('',(-1.990154460686E1,-7.275593725430E0,
5.790154460686E1));
#2040=CARTESIAN_POINT('',(-1.896360376278E1,-7.458380681186E0,
5.696360376278E1));
#2041=CARTESIAN_POINT('',(-1.832343714661E1,-7.500000026158E0,
5.632343714661E1));
#2042=CARTESIAN_POINT('',(-1.799999939426E1,-7.5E0,5.599999939426E1));
#2044=CARTESIAN_POINT('',(-1.799999939426E1,-7.5E0,5.599999939426E1));
#2045=CARTESIAN_POINT('',(-1.791486709973E1,-7.5E0,5.608513168878E1));
#2046=CARTESIAN_POINT('',(-1.774521557182E1,-7.497107197748E0,
5.625541801882E1));
#2047=CARTESIAN_POINT('',(-1.749129098570E1,-7.484170053668E0,
5.650936132052E1));
#2048=CARTESIAN_POINT('',(-1.732254268700E1,-7.469812575929E0,
5.667758855151E1));
#2049=CARTESIAN_POINT('',(-1.723850308396E1,-7.461235406439E0,
5.676161425367E1));
#2051=CARTESIAN_POINT('',(2.550000000001E1,0.E0,8.297702598570E1));
#2052=CARTESIAN_POINT('',(2.550000000001E1,9.817477042468E-1,8.297702598570E1));
#2053=CARTESIAN_POINT('',(2.510948893488E1,2.944785443497E0,8.336753684685E1));
#2054=CARTESIAN_POINT('',(2.344136727304E1,5.441383847818E0,8.503565859078E1));
#2055=CARTESIAN_POINT('',(2.094484670848E1,7.109484318626E0,8.753217913295E1));
#2056=CARTESIAN_POINT('',(1.799999993160E1,7.695257840687E0,9.047702591730E1));
#2057=CARTESIAN_POINT('',(1.505515314725E1,7.109484318626E0,9.342187269418E1));
#2058=CARTESIAN_POINT('',(1.255863260508E1,5.441383847818E0,9.591839325874E1));
#2059=CARTESIAN_POINT('',(1.089051086115E1,2.944785443497E0,9.758651492058E1));
#2060=CARTESIAN_POINT('',(1.05E1,9.817477042468E-1,9.797702598571E1));
#2061=CARTESIAN_POINT('',(1.05E1,0.E0,9.797702598571E1));
#2063=DIRECTION('',(1.581471464556E-13,0.E0,-1.E0));
#2064=VECTOR('',#2063,3.302297401430E1);
#2065=CARTESIAN_POINT('',(2.55E1,0.E0,1.16E2));
#2066=LINE('',#2065,#2064);
#2067=CARTESIAN_POINT('',(8.8E0,-5.311622476540E0,1.26E2));
#2068=CARTESIAN_POINT('',(8.8E0,-5.311622476541E0,1.16E2));
#2069=VERTEX_POINT('',#2067);
#2070=VERTEX_POINT('',#2068);
#2071=CARTESIAN_POINT('',(1.8E1,-1.062324495309E1,1.16E2));
#2072=VERTEX_POINT('',#2071);
#2073=CARTESIAN_POINT('',(1.8E1,-1.062324495309E1,1.26E2));
#2074=VERTEX_POINT('',#2073);
#2075=CARTESIAN_POINT('',(8.799999999998E0,5.311622476547E0,1.26E2));
#2076=CARTESIAN_POINT('',(8.799999999998E0,5.311622476545E0,1.16E2));
#2077=VERTEX_POINT('',#2075);
#2078=VERTEX_POINT('',#2076);
#2079=CARTESIAN_POINT('',(1.8E1,1.062324495309E1,1.26E2));
#2080=CARTESIAN_POINT('',(1.8E1,1.062324495309E1,1.16E2));
#2081=VERTEX_POINT('',#2079);
#2082=VERTEX_POINT('',#2080);
#2083=CARTESIAN_POINT('',(2.72E1,5.311622476540E0,1.26E2));
#2084=CARTESIAN_POINT('',(2.72E1,5.311622476541E0,1.16E2));
#2085=VERTEX_POINT('',#2083);
#2086=VERTEX_POINT('',#2084);
#2087=CARTESIAN_POINT('',(2.72E1,-5.311622476547E0,1.26E2));
#2088=CARTESIAN_POINT('',(2.72E1,-5.311622476545E0,1.16E2));
#2089=VERTEX_POINT('',#2087);
#2090=VERTEX_POINT('',#2088);
#2091=CARTESIAN_POINT('',(1.05E1,0.E0,1.16E2));
#2092=CARTESIAN_POINT('',(2.55E1,0.E0,1.16E2));
#2093=VERTEX_POINT('',#2091);
#2094=VERTEX_POINT('',#2092);
#2095=VERTEX_POINT('',#74);
#2096=VERTEX_POINT('',#84);
#2097=VERTEX_POINT('',#126);
#2098=VERTEX_POINT('',#129);
#2099=VERTEX_POINT('',#113);
#2100=CARTESIAN_POINT('',(-1.05E1,0.E0,7.697702598570E1));
#2101=VERTEX_POINT('',#2100);
#2102=VERTEX_POINT('',#119);
#2103=VERTEX_POINT('',#2044);
#2104=VERTEX_POINT('',#2025);
#2105=CARTESIAN_POINT('',(-2.55E1,0.E0,4.85E1));
#2106=VERTEX_POINT('',#2105);
#2107=CARTESIAN_POINT('',(-9.319438570571E0,0.E0,4.849999999999E1));
#2108=VERTEX_POINT('',#2107);
#2109=CARTESIAN_POINT('',(-8.977025985712E0,0.E0,4.849999999999E1));
#2110=CARTESIAN_POINT('',(-9.148232278845E0,0.E0,4.832879370685E1));
#2111=VERTEX_POINT('',#2109);
#2112=VERTEX_POINT('',#2110);
#2113=VERTEX_POINT('',#199);
#2114=VERTEX_POINT('',#155);
#2115=VERTEX_POINT('',#239);
#2116=VERTEX_POINT('',#246);
#2117=CARTESIAN_POINT('',(-2.55E1,0.E0,1.16E2));
#2118=VERTEX_POINT('',#2117);
#2119=CARTESIAN_POINT('',(-1.05E1,0.E0,1.16E2));
#2120=VERTEX_POINT('',#2119);
#2121=CARTESIAN_POINT('',(2.08E1,0.E0,6.35E1));
#2122=VERTEX_POINT('',#2121);
#2123=CARTESIAN_POINT('',(2.08E1,0.E0,4.85E1));
#2124=VERTEX_POINT('',#2123);
#2125=CARTESIAN_POINT('',(2.08E1,5.311622476545E0,6.52E1));
#2126=CARTESIAN_POINT('',(2.08E1,-5.311622476541E0,6.52E1));
#2127=VERTEX_POINT('',#2125);
#2128=VERTEX_POINT('',#2126);
#2129=CARTESIAN_POINT('',(2.08E1,1.062324495309E1,5.6E1));
#2130=VERTEX_POINT('',#2129);
#2131=CARTESIAN_POINT('',(2.08E1,5.311622476541E0,4.68E1));
#2132=VERTEX_POINT('',#2131);
#2133=CARTESIAN_POINT('',(2.08E1,-5.311622476545E0,4.68E1));
#2134=VERTEX_POINT('',#2133);
#2135=CARTESIAN_POINT('',(2.08E1,-1.062324495309E1,5.6E1));
#2136=VERTEX_POINT('',#2135);
#2137=CARTESIAN_POINT('',(3.08E1,-5.311622476540E0,6.52E1));
#2138=VERTEX_POINT('',#2137);
#2139=CARTESIAN_POINT('',(3.08E1,5.311622476547E0,6.52E1));
#2140=VERTEX_POINT('',#2139);
#2141=CARTESIAN_POINT('',(3.08E1,-1.062324495309E1,5.6E1));
#2142=VERTEX_POINT('',#2141);
#2143=CARTESIAN_POINT('',(3.08E1,-5.311622476547E0,4.68E1));
#2144=VERTEX_POINT('',#2143);
#2145=CARTESIAN_POINT('',(3.08E1,5.311622476540E0,4.68E1));
#2146=VERTEX_POINT('',#2145);
#2147=CARTESIAN_POINT('',(3.08E1,1.062324495309E1,5.6E1));
#2148=VERTEX_POINT('',#2147);
#2149=CARTESIAN_POINT('',(3.080000038100E1,-1.350000000487E1,4.075637128049E1));
#2150=CARTESIAN_POINT('',(3.08E1,1.35E1,4.075637054020E1));
#2151=VERTEX_POINT('',#2149);
#2152=VERTEX_POINT('',#2150);
#2153=CARTESIAN_POINT('',(3.08E1,-1.350000000059E1,1.26E2));
#2154=VERTEX_POINT('',#2153);
#2155=CARTESIAN_POINT('',(3.08E1,1.35E1,1.26E2));
#2156=VERTEX_POINT('',#2155);
#2157=CARTESIAN_POINT('',(3.061476432901E1,1.35E1,3.991575741268E1));
#2158=VERTEX_POINT('',#2157);
#2159=CARTESIAN_POINT('',(3.061476443055E1,-1.350000125304E1,3.991575763185E1));
#2160=VERTEX_POINT('',#2159);
#2161=CARTESIAN_POINT('',(2.579999999995E1,1.85E1,3.427979978393E1));
#2162=CARTESIAN_POINT('',(2.761476417656E1,1.650000000574E1,3.343918632741E1));
#2163=VERTEX_POINT('',#2161);
#2164=VERTEX_POINT('',#2162);
#2165=CARTESIAN_POINT('',(2.668307229172E1,1.650000000574E1,3.142779685549E1));
#2166=CARTESIAN_POINT('',(2.486830811502E1,1.85E1,3.226841031201E1));
#2167=VERTEX_POINT('',#2165);
#2168=VERTEX_POINT('',#2166);
#2169=CARTESIAN_POINT('',(2.486830811510E1,1.789777056799E1,3.083794275233E1));
#2170=VERTEX_POINT('',#2169);
#2171=CARTESIAN_POINT('',(1.261165929427E1,1.789777056798E1,3.083794275230E1));
#2172=VERTEX_POINT('',#2171);
#2173=CARTESIAN_POINT('',(1.297957550059E1,1.849999999920E1,3.226841030614E1));
#2174=VERTEX_POINT('',#2173);
#2175=CARTESIAN_POINT('',(1.127325812570E1,7.246841165022E0,2.043046755967E1));
#2176=VERTEX_POINT('',#2175);
#2177=CARTESIAN_POINT('',(2.004748136080E1,7.246841165043E0,2.043046755970E1));
#2178=VERTEX_POINT('',#2177);
#2179=CARTESIAN_POINT('',(1.108037122422E1,1.85E1,3.041854944685E1));
#2180=VERTEX_POINT('',#2179);
#2181=VERTEX_POINT('',#512);
#2182=CARTESIAN_POINT('',(9.094566363386E0,7.092593645632E0,1.773855645378E1));
#2183=VERTEX_POINT('',#2182);
#2184=CARTESIAN_POINT('',(-1.02E1,1.85E1,1.26E2));
#2185=CARTESIAN_POINT('',(-1.02E1,1.85E1,9.1E1));
#2186=VERTEX_POINT('',#2184);
#2187=VERTEX_POINT('',#2185);
#2188=CARTESIAN_POINT('',(-2.58E1,1.85E1,1.26E2));
#2189=VERTEX_POINT('',#2188);
#2190=CARTESIAN_POINT('',(-2.580000286844E1,1.850000020760E1,3.427980941662E1));
#2191=VERTEX_POINT('',#2190);
#2192=CARTESIAN_POINT('',(-2.486830811507E1,1.85E1,3.226841031363E1));
#2193=VERTEX_POINT('',#2192);
#2194=CARTESIAN_POINT('',(-1.297954419592E1,1.849999999777E1,3.226841032278E1));
#2195=VERTEX_POINT('',#2194);
#2196=VERTEX_POINT('',#1318);
#2197=VERTEX_POINT('',#1296);
#2198=CARTESIAN_POINT('',(-8.999999999980E0,1.85E1,1.7E1));
#2199=VERTEX_POINT('',#2198);
#2200=CARTESIAN_POINT('',(8.999682544361E0,1.85E1,1.700001737320E1));
#2201=VERTEX_POINT('',#2200);
#2202=CARTESIAN_POINT('',(2.579999999253E1,1.85E1,1.26E2));
#2203=VERTEX_POINT('',#2202);
#2204=CARTESIAN_POINT('',(1.02E1,1.85E1,1.26E2));
#2205=VERTEX_POINT('',#2204);
#2206=CARTESIAN_POINT('',(1.02E1,1.85E1,9.1E1));
#2207=VERTEX_POINT('',#2206);
#2208=CARTESIAN_POINT('',(-5.2E0,1.35E1,1.26E2));
#2209=VERTEX_POINT('',#2208);
#2210=VERTEX_POINT('',#1881);
#2211=CARTESIAN_POINT('',(-5.2E0,-1.35E1,1.26E2));
#2212=VERTEX_POINT('',#2211);
#2213=CARTESIAN_POINT('',(-1.02E1,-1.85E1,1.26E2));
#2214=VERTEX_POINT('',#2213);
#2215=CARTESIAN_POINT('',(-2.580000002923E1,-1.85E1,1.26E2));
#2216=VERTEX_POINT('',#2215);
#2217=CARTESIAN_POINT('',(-3.08E1,-1.35E1,1.26E2));
#2218=VERTEX_POINT('',#2217);
#2219=CARTESIAN_POINT('',(-3.08E1,1.35E1,1.26E2));
#2220=VERTEX_POINT('',#2219);
#2221=CARTESIAN_POINT('',(-8.8E0,5.311622476540E0,1.26E2));
#2222=CARTESIAN_POINT('',(-1.8E1,1.062324495309E1,1.26E2));
#2223=VERTEX_POINT('',#2221);
#2224=VERTEX_POINT('',#2222);
#2225=CARTESIAN_POINT('',(-2.72E1,5.311622476547E0,1.26E2));
#2226=VERTEX_POINT('',#2225);
#2227=CARTESIAN_POINT('',(-2.72E1,-5.311622476540E0,1.26E2));
#2228=VERTEX_POINT('',#2227);
#2229=CARTESIAN_POINT('',(-1.8E1,-1.062324495309E1,1.26E2));
#2230=VERTEX_POINT('',#2229);
#2231=CARTESIAN_POINT('',(-8.799999999998E0,-5.311622476547E0,1.26E2));
#2232=VERTEX_POINT('',#2231);
#2233=CARTESIAN_POINT('',(-5.2E0,-1.35E1,9.6E1));
#2234=VERTEX_POINT('',#2233);
#2235=CARTESIAN_POINT('',(-5.2E0,8.E0,9.6E1));
#2236=VERTEX_POINT('',#2235);
#2237=CARTESIAN_POINT('',(-5.199999999995E0,8.E0,1.108586432944E2));
#2238=VERTEX_POINT('',#2237);
#2239=VERTEX_POINT('',#1845);
#2240=CARTESIAN_POINT('',(-5.200000000265E0,-6.E0,1.132454607066E2));
#2241=VERTEX_POINT('',#2240);
#2242=VERTEX_POINT('',#637);
#2243=CARTESIAN_POINT('',(-5.2E0,-8.E0,9.6E1));
#2244=VERTEX_POINT('',#2243);
#2245=VERTEX_POINT('',#658);
#2246=VERTEX_POINT('',#664);
#2247=VERTEX_POINT('',#679);
#2248=CARTESIAN_POINT('',(1.02E1,-1.85E1,1.26E2));
#2249=CARTESIAN_POINT('',(5.2E0,-1.35E1,1.26E2));
#2250=VERTEX_POINT('',#2248);
#2251=VERTEX_POINT('',#2249);
#2252=CARTESIAN_POINT('',(2.58E1,-1.85E1,1.26E2));
#2253=VERTEX_POINT('',#2252);
#2254=CARTESIAN_POINT('',(5.2E0,1.35E1,1.26E2));
#2255=VERTEX_POINT('',#2254);
#2256=CARTESIAN_POINT('',(2.580000221170E1,-1.850000026007E1,3.427980720831E1));
#2257=VERTEX_POINT('',#2256);
#2258=CARTESIAN_POINT('',(2.487296922620E1,-1.85E1,3.227847298410E1));
#2259=VERTEX_POINT('',#2258);
#2260=CARTESIAN_POINT('',(1.298083794233E1,-1.849999999863E1,3.227847297908E1));
#2261=VERTEX_POINT('',#2260);
#2262=VERTEX_POINT('',#1686);
#2263=VERTEX_POINT('',#1671);
#2264=CARTESIAN_POINT('',(8.999999999981E0,-1.85E1,1.7E1));
#2265=VERTEX_POINT('',#2264);
#2266=CARTESIAN_POINT('',(-8.999999999980E0,-1.85E1,1.7E1));
#2267=VERTEX_POINT('',#2266);
#2268=CARTESIAN_POINT('',(-1.053105194851E1,-1.850000000001E1,
2.890818182181E1));
#2269=VERTEX_POINT('',#2268);
#2270=VERTEX_POINT('',#1489);
#2271=VERTEX_POINT('',#1510);
#2272=CARTESIAN_POINT('',(-2.487296922619E1,-1.85E1,3.227847298617E1));
#2273=VERTEX_POINT('',#2272);
#2274=CARTESIAN_POINT('',(-2.580000029436E1,-1.850000003375E1,
3.427980070581E1));
#2275=VERTEX_POINT('',#2274);
#2276=VERTEX_POINT('',#823);
#2277=CARTESIAN_POINT('',(2.186224553741E1,5.849070597086E0,2.102032166285E1));
#2278=VERTEX_POINT('',#2277);
#2279=VERTEX_POINT('',#805);
#2280=CARTESIAN_POINT('',(2.E1,-4.622646456990E0,1.7E1));
#2281=VERTEX_POINT('',#2280);
#2282=VERTEX_POINT('',#817);
#2283=CARTESIAN_POINT('',(2.668773340284E1,-1.650000002601E1,3.143785952758E1));
#2284=VERTEX_POINT('',#2283);
#2285=VERTEX_POINT('',#850);
#2286=CARTESIAN_POINT('',(3.25E1,0.E0,1.7E1));
#2287=CARTESIAN_POINT('',(-3.25E1,0.E0,1.7E1));
#2288=VERTEX_POINT('',#2286);
#2289=VERTEX_POINT('',#2287);
#2290=CARTESIAN_POINT('',(-3.154212579970E1,7.832260212466E0,1.7E1));
#2291=VERTEX_POINT('',#2290);
#2292=CARTESIAN_POINT('',(8.999588012705E0,8.644611732990E0,1.7E1));
#2293=VERTEX_POINT('',#2292);
#2294=CARTESIAN_POINT('',(8.999642024586E0,1.136881685970E1,1.700001302990E1));
#2295=VERTEX_POINT('',#2294);
#2296=CARTESIAN_POINT('',(-8.999999999974E0,1.136881700090E1,1.7E1));
#2297=VERTEX_POINT('',#2296);
#2298=CARTESIAN_POINT('',(-8.999999999938E0,8.644611735276E0,1.7E1));
#2299=VERTEX_POINT('',#2298);
#2300=CARTESIAN_POINT('',(-1.686943937080E1,8.644611744422E0,1.699999952470E1));
#2301=VERTEX_POINT('',#2300);
#2302=VERTEX_POINT('',#908);
#2303=CARTESIAN_POINT('',(-2.000000000001E1,-4.622647024634E0,1.7E1));
#2304=VERTEX_POINT('',#2303);
#2305=VERTEX_POINT('',#1441);
#2306=CARTESIAN_POINT('',(-8.999999999981E0,-8.450939011150E0,1.7E1));
#2307=VERTEX_POINT('',#2306);
#2308=CARTESIAN_POINT('',(-8.999999999974E0,-1.136881700090E1,1.7E1));
#2309=VERTEX_POINT('',#2308);
#2310=CARTESIAN_POINT('',(8.999999999974E0,-1.136881700090E1,1.7E1));
#2311=VERTEX_POINT('',#2310);
#2312=CARTESIAN_POINT('',(8.999999999981E0,-8.450939011150E0,1.7E1));
#2313=VERTEX_POINT('',#2312);
#2314=CARTESIAN_POINT('',(1.686943937654E1,-8.450939024230E0,1.699999952457E1));
#2315=VERTEX_POINT('',#2314);
#2316=CARTESIAN_POINT('',(-1.167766952970E1,-1.767766952970E1,1.7E1));
#2317=CARTESIAN_POINT('',(-2.367766952970E1,-1.767766952970E1,1.7E1));
#2318=VERTEX_POINT('',#2316);
#2319=VERTEX_POINT('',#2317);
#2320=CARTESIAN_POINT('',(2.367766952970E1,1.767766952970E1,1.7E1));
#2321=CARTESIAN_POINT('',(1.167766952970E1,1.767766952970E1,1.7E1));
#2322=VERTEX_POINT('',#2320);
#2323=VERTEX_POINT('',#2321);
#2324=CARTESIAN_POINT('',(1.767766952970E1,-1.167766952970E1,1.7E1));
#2325=CARTESIAN_POINT('',(1.767766952970E1,-2.367766952970E1,1.7E1));
#2326=VERTEX_POINT('',#2324);
#2327=VERTEX_POINT('',#2325);
#2328=CARTESIAN_POINT('',(-1.767766952970E1,2.367766952970E1,1.7E1));
#2329=CARTESIAN_POINT('',(-1.767766952970E1,1.167766952970E1,1.7E1));
#2330=VERTEX_POINT('',#2328);
#2331=VERTEX_POINT('',#2329);
#2332=CARTESIAN_POINT('',(-3.4E1,2.743638649605E-14,1.55E1));
#2333=VERTEX_POINT('',#2332);
#2334=CARTESIAN_POINT('',(3.4E1,0.E0,1.55E1));
#2335=VERTEX_POINT('',#2334);
#2336=CARTESIAN_POINT('',(-3.299791622123E1,8.193749145348E0,1.55E1));
#2337=VERTEX_POINT('',#2336);
#2338=CARTESIAN_POINT('',(-3.4E1,0.E0,1.5E0));
#2339=VERTEX_POINT('',#2338);
#2340=CARTESIAN_POINT('',(-3.299791622123E1,8.193749145348E0,1.5E0));
#2341=VERTEX_POINT('',#2340);
#2342=CARTESIAN_POINT('',(3.4E1,-9.868012779181E-8,1.5E0));
#2343=VERTEX_POINT('',#2342);
#2344=CARTESIAN_POINT('',(-3.25E1,1.598721155460E-14,0.E0));
#2345=VERTEX_POINT('',#2344);
#2346=CARTESIAN_POINT('',(3.25E1,-3.773063734613E-7,0.E0));
#2347=VERTEX_POINT('',#2346);
#2348=CARTESIAN_POINT('',(-3.154212579970E1,7.832260212466E0,0.E0));
#2349=VERTEX_POINT('',#2348);
#2350=CARTESIAN_POINT('',(-1.417766952970E1,-1.767766952970E1,0.E0));
#2351=CARTESIAN_POINT('',(-2.117766952970E1,-1.767766952970E1,0.E0));
#2352=VERTEX_POINT('',#2350);
#2353=VERTEX_POINT('',#2351);
#2354=CARTESIAN_POINT('',(2.117766952970E1,-1.767766952970E1,0.E0));
#2355=CARTESIAN_POINT('',(1.767766952970E1,-2.117766952970E1,0.E0));
#2356=VERTEX_POINT('',#2354);
#2357=VERTEX_POINT('',#2355);
#2358=CARTESIAN_POINT('',(1.767766952970E1,-1.417766952970E1,0.E0));
#2359=VERTEX_POINT('',#2358);
#2360=CARTESIAN_POINT('',(1.417766952970E1,1.767766952970E1,0.E0));
#2361=CARTESIAN_POINT('',(2.117766952970E1,1.767766952970E1,0.E0));
#2362=VERTEX_POINT('',#2360);
#2363=VERTEX_POINT('',#2361);
#2364=CARTESIAN_POINT('',(-1.767766952970E1,1.417766952970E1,0.E0));
#2365=CARTESIAN_POINT('',(-1.767766952970E1,2.117766952970E1,0.E0));
#2366=VERTEX_POINT('',#2364);
#2367=VERTEX_POINT('',#2365);
#2368=CARTESIAN_POINT('',(-1.417766952970E1,1.767766952970E1,0.E0));
#2369=VERTEX_POINT('',#2368);
#2370=CARTESIAN_POINT('',(-2.117766952970E1,-1.767766952970E1,1.55E1));
#2371=CARTESIAN_POINT('',(-1.417766952970E1,-1.767766952970E1,1.55E1));
#2372=VERTEX_POINT('',#2370);
#2373=VERTEX_POINT('',#2371);
#2374=CARTESIAN_POINT('',(-1.167766952970E1,-1.767766952970E1,1.55E1));
#2375=CARTESIAN_POINT('',(-2.367766952970E1,-1.767766952970E1,1.55E1));
#2376=VERTEX_POINT('',#2374);
#2377=VERTEX_POINT('',#2375);
#2378=CARTESIAN_POINT('',(1.767766952970E1,-2.117766952970E1,1.55E1));
#2379=CARTESIAN_POINT('',(1.767766952970E1,-1.417766952970E1,1.55E1));
#2380=VERTEX_POINT('',#2378);
#2381=VERTEX_POINT('',#2379);
#2382=CARTESIAN_POINT('',(2.367766952970E1,-1.767766952970E1,1.55E1));
#2383=CARTESIAN_POINT('',(1.767766952970E1,-2.367766952970E1,1.55E1));
#2384=VERTEX_POINT('',#2382);
#2385=VERTEX_POINT('',#2383);
#2386=CARTESIAN_POINT('',(1.767766952970E1,-1.167766952970E1,1.55E1));
#2387=VERTEX_POINT('',#2386);
#2388=CARTESIAN_POINT('',(2.117766952970E1,1.767766952970E1,1.55E1));
#2389=CARTESIAN_POINT('',(1.417766952970E1,1.767766952970E1,1.55E1));
#2390=VERTEX_POINT('',#2388);
#2391=VERTEX_POINT('',#2389);
#2392=CARTESIAN_POINT('',(1.167766952970E1,1.767766952970E1,1.55E1));
#2393=CARTESIAN_POINT('',(2.367766952970E1,1.767766952970E1,1.55E1));
#2394=VERTEX_POINT('',#2392);
#2395=VERTEX_POINT('',#2393);
#2396=CARTESIAN_POINT('',(-1.767766952970E1,2.117766952970E1,1.55E1));
#2397=CARTESIAN_POINT('',(-1.767766952970E1,1.417766952970E1,1.55E1));
#2398=VERTEX_POINT('',#2396);
#2399=VERTEX_POINT('',#2397);
#2400=CARTESIAN_POINT('',(-1.767766952970E1,1.167766952970E1,1.55E1));
#2401=CARTESIAN_POINT('',(-1.767766952970E1,2.367766952970E1,1.55E1));
#2402=VERTEX_POINT('',#2400);
#2403=VERTEX_POINT('',#2401);
#2404=CARTESIAN_POINT('',(-1.167766952970E1,1.767766952970E1,1.55E1));
#2405=VERTEX_POINT('',#2404);
#2406=CARTESIAN_POINT('',(-9.094953265670E0,7.092618890843E0,1.773852539411E1));
#2407=VERTEX_POINT('',#2406);
#2408=CARTESIAN_POINT('',(-1.261170965890E1,1.789777050930E1,3.083794269500E1));
#2409=VERTEX_POINT('',#2408);
#2410=CARTESIAN_POINT('',(-1.127360571297E1,7.246841165017E0,2.043046755967E1));
#2411=VERTEX_POINT('',#2410);
#2412=CARTESIAN_POINT('',(-2.486830811510E1,1.789777056799E1,3.083794275233E1));
#2413=VERTEX_POINT('',#2412);
#2414=CARTESIAN_POINT('',(-2.004748136080E1,7.246841164995E0,2.043046755967E1));
#2415=VERTEX_POINT('',#2414);
#2416=CARTESIAN_POINT('',(-2.668307229172E1,1.649999999998E1,3.142779685550E1));
#2417=VERTEX_POINT('',#2416);
#2418=CARTESIAN_POINT('',(-2.186224553746E1,5.849070597087E0,2.102032166292E1));
#2419=VERTEX_POINT('',#2418);
#2420=CARTESIAN_POINT('',(-2.059583247174E1,7.060574197605E0,2.036709105627E1));
#2421=VERTEX_POINT('',#2420);
#2422=CARTESIAN_POINT('',(-2.761476982979E1,1.650000013808E1,3.343919853186E1));
#2423=VERTEX_POINT('',#2422);
#2424=CARTESIAN_POINT('',(-2.668773340284E1,-1.650000000337E1,
3.143785952757E1));
#2425=CARTESIAN_POINT('',(-2.761476475049E1,-1.649998978200E1,
3.343918756654E1));
#2426=VERTEX_POINT('',#2424);
#2427=VERTEX_POINT('',#2425);
#2428=CARTESIAN_POINT('',(-2.187324771048E1,-5.679917203990E0,
2.104407378029E1));
#2429=VERTEX_POINT('',#2428);
#2430=VERTEX_POINT('',#1407);
#2431=CARTESIAN_POINT('',(-3.061476324021E1,-1.350000076715E1,
3.991575506214E1));
#2432=VERTEX_POINT('',#2431);
#2433=CARTESIAN_POINT('',(-2.487296845815E1,-1.788551489611E1,
3.083613166782E1));
#2434=VERTEX_POINT('',#2433);
#2435=CARTESIAN_POINT('',(-2.005848079121E1,-7.065424470495E0,
2.044234165777E1));
#2436=VERTEX_POINT('',#2435);
#2437=VERTEX_POINT('',#1496);
#2438=VERTEX_POINT('',#1508);
#2439=CARTESIAN_POINT('',(-1.260995013355E1,-1.788551464300E1,
3.083613142469E1));
#2440=VERTEX_POINT('',#2439);
#2441=CARTESIAN_POINT('',(-3.08E1,-1.35E1,4.075637054020E1));
#2442=VERTEX_POINT('',#2441);
#2443=CARTESIAN_POINT('',(-3.08E1,1.35E1,4.075637054020E1));
#2444=VERTEX_POINT('',#2443);
#2445=CARTESIAN_POINT('',(9.096814493938E0,-6.887291031558E0,1.775300161560E1));
#2446=VERTEX_POINT('',#2445);
#2447=CARTESIAN_POINT('',(1.260995014286E1,-1.788551471834E1,3.083613149707E1));
#2448=VERTEX_POINT('',#2447);
#2449=CARTESIAN_POINT('',(1.127360571300E1,-7.065424292760E0,2.044234148701E1));
#2450=VERTEX_POINT('',#2449);
#2451=CARTESIAN_POINT('',(2.487296922620E1,-1.788551471838E1,3.083613149709E1));
#2452=VERTEX_POINT('',#2451);
#2453=CARTESIAN_POINT('',(2.005848155933E1,-7.065424292779E0,2.044234148702E1));
#2454=VERTEX_POINT('',#2453);
#2455=CARTESIAN_POINT('',(5.2E0,-8.E0,9.6E1));
#2456=VERTEX_POINT('',#2455);
#2457=CARTESIAN_POINT('',(5.199999999995E0,-8.E0,1.108586432944E2));
#2458=VERTEX_POINT('',#2457);
#2459=VERTEX_POINT('',#1827);
#2460=CARTESIAN_POINT('',(5.200000000265E0,6.E0,1.132454607066E2));
#2461=VERTEX_POINT('',#2460);
#2462=VERTEX_POINT('',#1790);
#2463=CARTESIAN_POINT('',(5.2E0,8.E0,9.6E1));
#2464=VERTEX_POINT('',#2463);
#2465=CARTESIAN_POINT('',(5.2E0,1.35E1,9.6E1));
#2466=VERTEX_POINT('',#2465);
#2467=CARTESIAN_POINT('',(1.243449787580E-14,-8.E0,1.094958645915E2));
#2468=VERTEX_POINT('',#2467);
#2469=CARTESIAN_POINT('',(-8.8E0,5.311622476541E0,1.16E2));
#2470=VERTEX_POINT('',#2469);
#2471=CARTESIAN_POINT('',(-1.8E1,1.062324495309E1,1.16E2));
#2472=VERTEX_POINT('',#2471);
#2473=CARTESIAN_POINT('',(-8.799999999998E0,-5.311622476545E0,1.16E2));
#2474=VERTEX_POINT('',#2473);
#2475=CARTESIAN_POINT('',(-1.8E1,-1.062324495309E1,1.16E2));
#2476=VERTEX_POINT('',#2475);
#2477=CARTESIAN_POINT('',(-2.72E1,-5.311622476541E0,1.16E2));
#2478=VERTEX_POINT('',#2477);
#2479=CARTESIAN_POINT('',(-2.72E1,5.311622476545E0,1.16E2));
#2480=VERTEX_POINT('',#2479);
#2481=CARTESIAN_POINT('',(8.8E0,-5.311622476540E0,1.26E2));
#2482=DIRECTION('',(5.000000000002E-1,8.660254037843E-1,0.E0));
#2483=DIRECTION('',(8.660254037843E-1,-5.000000000002E-1,0.E0));
#2484=AXIS2_PLACEMENT_3D('',#2481,#2482,#2483);
#2485=PLANE('',#2484);
#2487=ORIENTED_EDGE('',*,*,#2486,.T.);
#2489=ORIENTED_EDGE('',*,*,#2488,.F.);
#2491=ORIENTED_EDGE('',*,*,#2490,.F.);
#2493=ORIENTED_EDGE('',*,*,#2492,.F.);
#2494=EDGE_LOOP('',(#2487,#2489,#2491,#2493));
#2495=FACE_OUTER_BOUND('',#2494,.F.);
#2497=CARTESIAN_POINT('',(8.8E0,5.311622476540E0,1.26E2));
#2498=DIRECTION('',(1.E0,0.E0,0.E0));
#2499=DIRECTION('',(0.E0,-1.E0,0.E0));
#2500=AXIS2_PLACEMENT_3D('',#2497,#2498,#2499);
#2501=PLANE('',#2500);
#2503=ORIENTED_EDGE('',*,*,#2502,.T.);
#2505=ORIENTED_EDGE('',*,*,#2504,.T.);
#2506=ORIENTED_EDGE('',*,*,#2486,.F.);
#2508=ORIENTED_EDGE('',*,*,#2507,.F.);
#2509=EDGE_LOOP('',(#2503,#2505,#2506,#2508));
#2510=FACE_OUTER_BOUND('',#2509,.F.);
#2512=CARTESIAN_POINT('',(1.8E1,1.062324495310E1,1.26E2));
#2513=DIRECTION('',(5.000000000002E-1,-8.660254037843E-1,0.E0));
#2514=DIRECTION('',(-8.660254037843E-1,-5.000000000002E-1,0.E0));
#2515=AXIS2_PLACEMENT_3D('',#2512,#2513,#2514);
#2516=PLANE('',#2515);
#2518=ORIENTED_EDGE('',*,*,#2517,.T.);
#2520=ORIENTED_EDGE('',*,*,#2519,.F.);
#2521=ORIENTED_EDGE('',*,*,#2502,.F.);
#2523=ORIENTED_EDGE('',*,*,#2522,.F.);
#2524=EDGE_LOOP('',(#2518,#2520,#2521,#2523));
#2525=FACE_OUTER_BOUND('',#2524,.F.);
#2527=CARTESIAN_POINT('',(2.72E1,5.311622476540E0,1.26E2));
#2528=DIRECTION('',(-5.000000000002E-1,-8.660254037843E-1,0.E0));
#2529=DIRECTION('',(-8.660254037843E-1,5.000000000002E-1,0.E0));
#2530=AXIS2_PLACEMENT_3D('',#2527,#2528,#2529);
#2531=PLANE('',#2530);
#2533=ORIENTED_EDGE('',*,*,#2532,.T.);
#2535=ORIENTED_EDGE('',*,*,#2534,.F.);
#2536=ORIENTED_EDGE('',*,*,#2517,.F.);
#2538=ORIENTED_EDGE('',*,*,#2537,.F.);
#2539=EDGE_LOOP('',(#2533,#2535,#2536,#2538));
#2540=FACE_OUTER_BOUND('',#2539,.F.);
#2542=CARTESIAN_POINT('',(2.72E1,-5.311622476540E0,1.26E2));
#2543=DIRECTION('',(-1.E0,0.E0,0.E0));
#2544=DIRECTION('',(0.E0,1.E0,0.E0));
#2545=AXIS2_PLACEMENT_3D('',#2542,#2543,#2544);
#2546=PLANE('',#2545);
#2548=ORIENTED_EDGE('',*,*,#2547,.T.);
#2550=ORIENTED_EDGE('',*,*,#2549,.T.);
#2551=ORIENTED_EDGE('',*,*,#2532,.F.);
#2553=ORIENTED_EDGE('',*,*,#2552,.F.);
#2554=EDGE_LOOP('',(#2548,#2550,#2551,#2553));
#2555=FACE_OUTER_BOUND('',#2554,.F.);
#2557=CARTESIAN_POINT('',(1.8E1,-1.062324495310E1,1.26E2));
#2558=DIRECTION('',(-5.000000000002E-1,8.660254037843E-1,0.E0));
#2559=DIRECTION('',(8.660254037843E-1,5.000000000002E-1,0.E0));
#2560=AXIS2_PLACEMENT_3D('',#2557,#2558,#2559);
#2561=PLANE('',#2560);
#2562=ORIENTED_EDGE('',*,*,#2490,.T.);
#2564=ORIENTED_EDGE('',*,*,#2563,.F.);
#2565=ORIENTED_EDGE('',*,*,#2547,.F.);
#2567=ORIENTED_EDGE('',*,*,#2566,.F.);
#2568=EDGE_LOOP('',(#2562,#2564,#2565,#2567));
#2569=FACE_OUTER_BOUND('',#2568,.F.);
#2571=CARTESIAN_POINT('',(0.E0,0.E0,1.16E2));
#2572=DIRECTION('',(0.E0,0.E0,1.E0));
#2573=DIRECTION('',(-1.E0,0.E0,0.E0));
#2574=AXIS2_PLACEMENT_3D('',#2571,#2572,#2573);
#2575=PLANE('',#2574);
#2576=ORIENTED_EDGE('',*,*,#2549,.F.);
#2577=ORIENTED_EDGE('',*,*,#2563,.T.);
#2578=ORIENTED_EDGE('',*,*,#2488,.T.);
#2579=ORIENTED_EDGE('',*,*,#2504,.F.);
#2580=ORIENTED_EDGE('',*,*,#2519,.T.);
#2581=ORIENTED_EDGE('',*,*,#2534,.T.);
#2582=EDGE_LOOP('',(#2576,#2577,#2578,#2579,#2580,#2581));
#2583=FACE_OUTER_BOUND('',#2582,.F.);
#2585=ORIENTED_EDGE('',*,*,#2584,.T.);
#2587=ORIENTED_EDGE('',*,*,#2586,.T.);
#2588=EDGE_LOOP('',(#2585,#2587));
#2589=FACE_BOUND('',#2588,.F.);
#2591=CARTESIAN_POINT('',(1.8E1,0.E0,1.035E2));
#2592=DIRECTION('',(0.E0,0.E0,1.E0));
#2593=DIRECTION('',(-1.E0,0.E0,0.E0));
#2594=AXIS2_PLACEMENT_3D('',#2591,#2592,#2593);
#2595=CYLINDRICAL_SURFACE('',#2594,7.5E0);
#2597=ORIENTED_EDGE('',*,*,#2596,.T.);
#2599=ORIENTED_EDGE('',*,*,#2598,.F.);
#2600=ORIENTED_EDGE('',*,*,#2584,.F.);
#2602=ORIENTED_EDGE('',*,*,#2601,.T.);
#2603=EDGE_LOOP('',(#2597,#2599,#2600,#2602));
#2604=FACE_OUTER_BOUND('',#2603,.F.);
#2606=CARTESIAN_POINT('',(1.8E1,0.E0,9.047702598570E1));
#2607=DIRECTION('',(7.071067811865E-1,0.E0,7.071067811865E-1));
#2608=DIRECTION('',(-7.071067811865E-1,0.E0,7.071067811865E-1));
#2609=AXIS2_PLACEMENT_3D('',#2606,#2607,#2608);
#2612=DIRECTION('',(-7.071067811865E-1,0.E0,-7.071067811865E-1));
#2613=VECTOR('',#2612,1.E0);
#2614=SURFACE_OF_LINEAR_EXTRUSION('',#2611,#2613);
#2616=ORIENTED_EDGE('',*,*,#2615,.F.);
#2618=ORIENTED_EDGE('',*,*,#2617,.T.);
#2620=ORIENTED_EDGE('',*,*,#2619,.F.);
#2621=ORIENTED_EDGE('',*,*,#2596,.F.);
#2623=ORIENTED_EDGE('',*,*,#2622,.T.);
#2625=ORIENTED_EDGE('',*,*,#2624,.F.);
#2626=EDGE_LOOP('',(#2616,#2618,#2620,#2621,#2623,#2625));
#2627=FACE_OUTER_BOUND('',#2626,.F.);
#2629=CARTESIAN_POINT('',(4.75E0,0.E0,5.6E1));
#2630=DIRECTION('',(1.E0,0.E0,0.E0));
#2631=DIRECTION('',(0.E0,0.E0,1.E0));
#2632=AXIS2_PLACEMENT_3D('',#2629,#2630,#2631);
#2633=CYLINDRICAL_SURFACE('',#2632,7.5E0);
#2635=ORIENTED_EDGE('',*,*,#2634,.T.);
#2636=ORIENTED_EDGE('',*,*,#2615,.T.);
#2638=ORIENTED_EDGE('',*,*,#2637,.F.);
#2640=ORIENTED_EDGE('',*,*,#2639,.F.);
#2642=ORIENTED_EDGE('',*,*,#2641,.F.);
#2644=ORIENTED_EDGE('',*,*,#2643,.F.);
#2646=ORIENTED_EDGE('',*,*,#2645,.T.);
#2647=EDGE_LOOP('',(#2635,#2636,#2638,#2640,#2642,#2644,#2646));
#2648=FACE_OUTER_BOUND('',#2647,.F.);
#2650=CARTESIAN_POINT('',(1.8E1,0.E0,9.047702598570E1));
#2651=DIRECTION('',(7.071067811865E-1,0.E0,7.071067811865E-1));
#2652=DIRECTION('',(-7.071067811865E-1,0.E0,7.071067811865E-1));
#2653=AXIS2_PLACEMENT_3D('',#2650,#2651,#2652);
#2656=DIRECTION('',(-7.071067811865E-1,0.E0,-7.071067811865E-1));
#2657=VECTOR('',#2656,1.E0);
#2658=SURFACE_OF_LINEAR_EXTRUSION('',#2655,#2657);
#2660=ORIENTED_EDGE('',*,*,#2659,.F.);
#2662=ORIENTED_EDGE('',*,*,#2661,.F.);
#2663=ORIENTED_EDGE('',*,*,#2634,.F.);
#2665=ORIENTED_EDGE('',*,*,#2664,.F.);
#2666=EDGE_LOOP('',(#2660,#2662,#2663,#2665));
#2667=FACE_OUTER_BOUND('',#2666,.F.);
#2669=CARTESIAN_POINT('',(1.8E1,-1.424116139486E-14,9.047702598570E1));
#2670=DIRECTION('',(7.071067811865E-1,0.E0,7.071067811865E-1));
#2671=DIRECTION('',(-7.071067811865E-1,0.E0,7.071067811865E-1));
#2672=AXIS2_PLACEMENT_3D('',#2669,#2670,#2671);
#2675=DIRECTION('',(-7.071067811865E-1,0.E0,-7.071067811865E-1));
#2676=VECTOR('',#2675,1.E0);
#2677=SURFACE_OF_LINEAR_EXTRUSION('',#2674,#2676);
#2679=ORIENTED_EDGE('',*,*,#2678,.F.);
#2681=ORIENTED_EDGE('',*,*,#2680,.T.);
#2683=ORIENTED_EDGE('',*,*,#2682,.F.);
#2684=ORIENTED_EDGE('',*,*,#2659,.T.);
#2685=EDGE_LOOP('',(#2679,#2681,#2683,#2684));
#2686=FACE_OUTER_BOUND('',#2685,.F.);
#2688=CARTESIAN_POINT('',(1.959028071470E1,0.E0,1.959028071470E1));
#2689=DIRECTION('',(7.071067811865E-1,0.E0,7.071067811865E-1));
#2690=DIRECTION('',(-7.071067811865E-1,0.E0,7.071067811865E-1));
#2691=AXIS2_PLACEMENT_3D('',#2688,#2689,#2690);
#2692=PLANE('',#2691);
#2693=ORIENTED_EDGE('',*,*,#2664,.T.);
#2694=ORIENTED_EDGE('',*,*,#2645,.F.);
#2696=ORIENTED_EDGE('',*,*,#2695,.T.);
#2697=ORIENTED_EDGE('',*,*,#2678,.T.);
#2698=EDGE_LOOP('',(#2693,#2694,#2696,#2697));
#2699=FACE_OUTER_BOUND('',#2698,.F.);
#2701=CARTESIAN_POINT('',(4.75E0,0.E0,5.6E1));
#2702=DIRECTION('',(1.E0,0.E0,0.E0));
#2703=DIRECTION('',(0.E0,0.E0,1.E0));
#2704=AXIS2_PLACEMENT_3D('',#2701,#2702,#2703);
#2705=CYLINDRICAL_SURFACE('',#2704,7.5E0);
#2706=ORIENTED_EDGE('',*,*,#2695,.F.);
#2707=ORIENTED_EDGE('',*,*,#2643,.T.);
#2709=ORIENTED_EDGE('',*,*,#2708,.F.);
#2711=ORIENTED_EDGE('',*,*,#2710,.T.);
#2713=ORIENTED_EDGE('',*,*,#2712,.T.);
#2715=ORIENTED_EDGE('',*,*,#2714,.T.);
#2716=ORIENTED_EDGE('',*,*,#2680,.F.);
#2717=EDGE_LOOP('',(#2706,#2707,#2709,#2711,#2713,#2715,#2716));
#2718=FACE_OUTER_BOUND('',#2717,.F.);
#2720=CARTESIAN_POINT('',(-2.55E1,0.E0,0.E0));
#2721=DIRECTION('',(1.E0,0.E0,0.E0));
#2722=DIRECTION('',(0.E0,0.E0,1.E0));
#2723=AXIS2_PLACEMENT_3D('',#2720,#2721,#2722);
#2724=PLANE('',#2723);
#2725=ORIENTED_EDGE('',*,*,#2641,.T.);
#2726=ORIENTED_EDGE('',*,*,#2708,.T.);
#2727=EDGE_LOOP('',(#2725,#2726));
#2728=FACE_OUTER_BOUND('',#2727,.F.);
#2730=CARTESIAN_POINT('',(-1.8E1,0.E0,9.1E1));
#2731=DIRECTION('',(0.E0,0.E0,1.E0));
#2732=DIRECTION('',(-1.E0,0.E0,0.E0));
#2733=AXIS2_PLACEMENT_3D('',#2730,#2731,#2732);
#2734=CYLINDRICAL_SURFACE('',#2733,7.5E0);
#2736=ORIENTED_EDGE('',*,*,#2735,.F.);
#2737=ORIENTED_EDGE('',*,*,#2712,.F.);
#2738=ORIENTED_EDGE('',*,*,#2710,.F.);
#2740=ORIENTED_EDGE('',*,*,#2739,.F.);
#2742=ORIENTED_EDGE('',*,*,#2741,.F.);
#2744=ORIENTED_EDGE('',*,*,#2743,.T.);
#2745=EDGE_LOOP('',(#2736,#2737,#2738,#2740,#2742,#2744));
#2746=FACE_OUTER_BOUND('',#2745,.F.);
#2748=CARTESIAN_POINT('',(1.8E1,0.E0,9.047702598570E1));
#2749=DIRECTION('',(7.071067811865E-1,0.E0,7.071067811865E-1));
#2750=DIRECTION('',(-7.071067811865E-1,0.E0,7.071067811865E-1));
#2751=AXIS2_PLACEMENT_3D('',#2748,#2749,#2750);
#2754=DIRECTION('',(-7.071067811865E-1,0.E0,-7.071067811865E-1));
#2755=VECTOR('',#2754,1.E0);
#2756=SURFACE_OF_LINEAR_EXTRUSION('',#2753,#2755);
#2757=ORIENTED_EDGE('',*,*,#2619,.T.);
#2759=ORIENTED_EDGE('',*,*,#2758,.F.);
#2760=ORIENTED_EDGE('',*,*,#2714,.F.);
#2761=ORIENTED_EDGE('',*,*,#2735,.T.);
#2762=ORIENTED_EDGE('',*,*,#2622,.F.);
#2764=ORIENTED_EDGE('',*,*,#2763,.F.);
#2765=EDGE_LOOP('',(#2757,#2759,#2760,#2761,#2762,#2764));
#2766=FACE_OUTER_BOUND('',#2765,.F.);
#2768=CARTESIAN_POINT('',(4.75E0,0.E0,5.6E1));
#2769=DIRECTION('',(1.E0,0.E0,0.E0));
#2770=DIRECTION('',(0.E0,0.E0,1.E0));
#2771=AXIS2_PLACEMENT_3D('',#2768,#2769,#2770);
#2772=CYLINDRICAL_SURFACE('',#2771,7.5E0);
#2773=ORIENTED_EDGE('',*,*,#2758,.T.);
#2775=ORIENTED_EDGE('',*,*,#2774,.F.);
#2777=ORIENTED_EDGE('',*,*,#2776,.F.);
#2779=ORIENTED_EDGE('',*,*,#2778,.T.);
#2780=ORIENTED_EDGE('',*,*,#2682,.T.);
#2781=EDGE_LOOP('',(#2773,#2775,#2777,#2779,#2780));
#2782=FACE_OUTER_BOUND('',#2781,.F.);
#2784=CARTESIAN_POINT('',(4.75E0,0.E0,5.6E1));
#2785=DIRECTION('',(1.E0,0.E0,0.E0));
#2786=DIRECTION('',(0.E0,0.E0,1.E0));
#2787=AXIS2_PLACEMENT_3D('',#2784,#2785,#2786);
#2788=CYLINDRICAL_SURFACE('',#2787,7.5E0);
#2789=ORIENTED_EDGE('',*,*,#2661,.T.);
#2790=ORIENTED_EDGE('',*,*,#2778,.F.);
#2792=ORIENTED_EDGE('',*,*,#2791,.F.);
#2793=ORIENTED_EDGE('',*,*,#2774,.T.);
#2794=ORIENTED_EDGE('',*,*,#2617,.F.);
#2795=EDGE_LOOP('',(#2789,#2790,#2792,#2793,#2794));
#2796=FACE_OUTER_BOUND('',#2795,.F.);
#2798=CARTESIAN_POINT('',(2.08E1,0.E0,0.E0));
#2799=DIRECTION('',(1.E0,0.E0,0.E0));
#2800=DIRECTION('',(0.E0,0.E0,1.E0));
#2801=AXIS2_PLACEMENT_3D('',#2798,#2799,#2800);
#2802=PLANE('',#2801);
#2804=ORIENTED_EDGE('',*,*,#2803,.F.);
#2806=ORIENTED_EDGE('',*,*,#2805,.T.);
#2808=ORIENTED_EDGE('',*,*,#2807,.T.);
#2810=ORIENTED_EDGE('',*,*,#2809,.F.);
#2812=ORIENTED_EDGE('',*,*,#2811,.T.);
#2814=ORIENTED_EDGE('',*,*,#2813,.T.);
#2815=EDGE_LOOP('',(#2804,#2806,#2808,#2810,#2812,#2814));
#2816=FACE_OUTER_BOUND('',#2815,.F.);
#2817=ORIENTED_EDGE('',*,*,#2791,.T.);
#2818=ORIENTED_EDGE('',*,*,#2776,.T.);
#2819=EDGE_LOOP('',(#2817,#2818));
#2820=FACE_BOUND('',#2819,.F.);
#2822=CARTESIAN_POINT('',(3.5E1,5.311622476540E0,6.52E1));
#2823=DIRECTION('',(0.E0,0.E0,-1.E0));
#2824=DIRECTION('',(0.E0,-1.E0,0.E0));
#2825=AXIS2_PLACEMENT_3D('',#2822,#2823,#2824);
#2826=PLANE('',#2825);
#2828=ORIENTED_EDGE('',*,*,#2827,.F.);
#2830=ORIENTED_EDGE('',*,*,#2829,.F.);
#2832=ORIENTED_EDGE('',*,*,#2831,.T.);
#2833=ORIENTED_EDGE('',*,*,#2803,.T.);
#2834=EDGE_LOOP('',(#2828,#2830,#2832,#2833));
#2835=FACE_OUTER_BOUND('',#2834,.F.);
#2837=CARTESIAN_POINT('',(3.5E1,-5.311622476540E0,6.52E1));
#2838=DIRECTION('',(0.E0,8.660254037843E-1,-5.000000000002E-1));
#2839=DIRECTION('',(0.E0,-5.000000000002E-1,-8.660254037843E-1));
#2840=AXIS2_PLACEMENT_3D('',#2837,#2838,#2839);
#2841=PLANE('',#2840);
#2843=ORIENTED_EDGE('',*,*,#2842,.F.);
#2845=ORIENTED_EDGE('',*,*,#2844,.F.);
#2846=ORIENTED_EDGE('',*,*,#2827,.T.);
#2847=ORIENTED_EDGE('',*,*,#2813,.F.);
#2848=EDGE_LOOP('',(#2843,#2845,#2846,#2847));
#2849=FACE_OUTER_BOUND('',#2848,.F.);
#2851=CARTESIAN_POINT('',(3.5E1,-1.062324495310E1,5.6E1));
#2852=DIRECTION('',(0.E0,8.660254037843E-1,5.000000000002E-1));
#2853=DIRECTION('',(0.E0,5.000000000002E-1,-8.660254037843E-1));
#2854=AXIS2_PLACEMENT_3D('',#2851,#2852,#2853);
#2855=PLANE('',#2854);
#2857=ORIENTED_EDGE('',*,*,#2856,.F.);
#2859=ORIENTED_EDGE('',*,*,#2858,.F.);
#2860=ORIENTED_EDGE('',*,*,#2842,.T.);
#2861=ORIENTED_EDGE('',*,*,#2811,.F.);
#2862=EDGE_LOOP('',(#2857,#2859,#2860,#2861));
#2863=FACE_OUTER_BOUND('',#2862,.F.);
#2865=CARTESIAN_POINT('',(3.5E1,-5.311622476540E0,4.68E1));
#2866=DIRECTION('',(0.E0,0.E0,1.E0));
#2867=DIRECTION('',(0.E0,1.E0,0.E0));
#2868=AXIS2_PLACEMENT_3D('',#2865,#2866,#2867);
#2869=PLANE('',#2868);
#2871=ORIENTED_EDGE('',*,*,#2870,.F.);
#2873=ORIENTED_EDGE('',*,*,#2872,.F.);
#2874=ORIENTED_EDGE('',*,*,#2856,.T.);
#2875=ORIENTED_EDGE('',*,*,#2809,.T.);
#2876=EDGE_LOOP('',(#2871,#2873,#2874,#2875));
#2877=FACE_OUTER_BOUND('',#2876,.F.);
#2879=CARTESIAN_POINT('',(3.5E1,5.311622476540E0,4.68E1));
#2880=DIRECTION('',(0.E0,-8.660254037843E-1,5.000000000002E-1));
#2881=DIRECTION('',(0.E0,5.000000000002E-1,8.660254037843E-1));
#2882=AXIS2_PLACEMENT_3D('',#2879,#2880,#2881);
#2883=PLANE('',#2882);
#2885=ORIENTED_EDGE('',*,*,#2884,.F.);
#2887=ORIENTED_EDGE('',*,*,#2886,.F.);
#2888=ORIENTED_EDGE('',*,*,#2870,.T.);
#2889=ORIENTED_EDGE('',*,*,#2807,.F.);
#2890=EDGE_LOOP('',(#2885,#2887,#2888,#2889));
#2891=FACE_OUTER_BOUND('',#2890,.F.);
#2893=CARTESIAN_POINT('',(3.5E1,1.062324495310E1,5.6E1));
#2894=DIRECTION('',(0.E0,-8.660254037843E-1,-5.000000000002E-1));
#2895=DIRECTION('',(0.E0,-5.000000000002E-1,8.660254037843E-1));
#2896=AXIS2_PLACEMENT_3D('',#2893,#2894,#2895);
#2897=PLANE('',#2896);
#2898=ORIENTED_EDGE('',*,*,#2831,.F.);
#2900=ORIENTED_EDGE('',*,*,#2899,.F.);
#2901=ORIENTED_EDGE('',*,*,#2884,.T.);
#2902=ORIENTED_EDGE('',*,*,#2805,.F.);
#2903=EDGE_LOOP('',(#2898,#2900,#2901,#2902));
#2904=FACE_OUTER_BOUND('',#2903,.F.);
#2906=CARTESIAN_POINT('',(3.08E1,1.85E1,9.6E1));
#2907=DIRECTION('',(-1.E0,0.E0,0.E0));
#2908=DIRECTION('',(0.E0,-1.E0,0.E0));
#2909=AXIS2_PLACEMENT_3D('',#2906,#2907,#2908);
#2910=PLANE('',#2909);
#2912=ORIENTED_EDGE('',*,*,#2911,.F.);
#2914=ORIENTED_EDGE('',*,*,#2913,.F.);
#2916=ORIENTED_EDGE('',*,*,#2915,.T.);
#2918=ORIENTED_EDGE('',*,*,#2917,.F.);
#2919=EDGE_LOOP('',(#2912,#2914,#2916,#2918));
#2920=FACE_OUTER_BOUND('',#2919,.F.);
#2921=ORIENTED_EDGE('',*,*,#2844,.T.);
#2922=ORIENTED_EDGE('',*,*,#2858,.T.);
#2923=ORIENTED_EDGE('',*,*,#2872,.T.);
#2924=ORIENTED_EDGE('',*,*,#2886,.T.);
#2925=ORIENTED_EDGE('',*,*,#2899,.T.);
#2926=ORIENTED_EDGE('',*,*,#2829,.T.);
#2927=EDGE_LOOP('',(#2921,#2922,#2923,#2924,#2925,#2926));
#2928=FACE_BOUND('',#2927,.F.);
#2930=CARTESIAN_POINT('',(2.88E1,-1.289007459340E-3,4.075637054020E1));
#2931=DIRECTION('',(0.E0,1.E0,0.E0));
#2932=DIRECTION('',(1.E0,0.E0,0.E0));
#2933=AXIS2_PLACEMENT_3D('',#2930,#2931,#2932);
#2934=CYLINDRICAL_SURFACE('',#2933,2.E0);
#2936=ORIENTED_EDGE('',*,*,#2935,.F.);
#2938=ORIENTED_EDGE('',*,*,#2937,.T.);
#2940=ORIENTED_EDGE('',*,*,#2939,.F.);
#2941=ORIENTED_EDGE('',*,*,#2911,.T.);
#2942=EDGE_LOOP('',(#2936,#2938,#2940,#2941));
#2943=FACE_OUTER_BOUND('',#2942,.F.);
#2945=CARTESIAN_POINT('',(2.541282631949E1,1.846451419220E1,3.432142419004E1));
#2946=CARTESIAN_POINT('',(2.575012604587E1,1.853653785107E1,3.416466148184E1));
#2947=CARTESIAN_POINT('',(2.635359031040E1,1.846842349135E1,3.388562860282E1));
#2948=CARTESIAN_POINT('',(2.705672280138E1,1.796161931404E1,3.356361671901E1));
#2949=CARTESIAN_POINT('',(2.752954888148E1,1.719414048015E1,3.335017807950E1));
#2950=CARTESIAN_POINT('',(2.760127468955E1,1.652826421664E1,3.332179316045E1));
#2951=CARTESIAN_POINT('',(2.754057846206E1,1.615382481527E1,3.335262936603E1));
#2952=CARTESIAN_POINT('',(2.592713763169E1,1.850696735233E1,3.496126226162E1));
#2953=CARTESIAN_POINT('',(2.625300862451E1,1.853706331522E1,3.481342670595E1));
#2954=CARTESIAN_POINT('',(2.681298330797E1,1.841747413498E1,3.455173314446E1));
#2955=CARTESIAN_POINT('',(2.743929799130E1,1.789682079892E1,3.424189333679E1));
#2956=CARTESIAN_POINT('',(2.784674244742E1,1.715718125172E1,3.402295848842E1));
#2957=CARTESIAN_POINT('',(2.789802337763E1,1.653171540186E1,3.397289084703E1));
#2958=CARTESIAN_POINT('',(2.783793414975E1,1.617801524062E1,3.398594103377E1));
#2959=CARTESIAN_POINT('',(2.694266473318E1,1.843553430557E1,3.621215080646E1));
#2960=CARTESIAN_POINT('',(2.722977631951E1,1.839437543812E1,3.607811808309E1));
#2961=CARTESIAN_POINT('',(2.769090295859E1,1.819600899997E1,3.584313202093E1));
#2962=CARTESIAN_POINT('',(2.816966157379E1,1.767017744890E1,3.555260331151E1));
#2963=CARTESIAN_POINT('',(2.845984436136E1,1.699627304173E1,3.532592298556E1));
#2964=CARTESIAN_POINT('',(2.847724162772E1,1.645156869308E1,3.524174478008E1));
#2965=CARTESIAN_POINT('',(2.841911822188E1,1.614037115959E1,3.522538362992E1));
#2966=CARTESIAN_POINT('',(2.826567452737E1,1.791222491444E1,3.781813782025E1));
#2967=CARTESIAN_POINT('',(2.847311883865E1,1.781413516972E1,3.769693759576E1));
#2968=CARTESIAN_POINT('',(2.878485942957E1,1.757214352469E1,3.748664547440E1));
#2969=CARTESIAN_POINT('',(2.907997496019E1,1.709476509815E1,3.721471788779E1));
#2970=CARTESIAN_POINT('',(2.923701620221E1,1.653759688673E1,3.698186438483E1));
#2971=CARTESIAN_POINT('',(2.921988479994E1,1.610723868708E1,3.686522938845E1));
#2972=CARTESIAN_POINT('',(2.916502200228E1,1.585872057502E1,3.681883198076E1));
#2973=CARTESIAN_POINT('',(2.917908307064E1,1.721458420329E1,3.891703742417E1));
#2974=CARTESIAN_POINT('',(2.931963828335E1,1.710329868308E1,3.880300925389E1));
#2975=CARTESIAN_POINT('',(2.952064772536E1,1.687069878442E1,3.860646642817E1));
#2976=CARTESIAN_POINT('',(2.969274817003E1,1.646635732632E1,3.834518091098E1));
#2977=CARTESIAN_POINT('',(2.976535965808E1,1.601779198781E1,3.810927753255E1));
#2978=CARTESIAN_POINT('',(2.972777665274E1,1.568045385334E1,3.797422855197E1));
#2979=CARTESIAN_POINT('',(2.967530140643E1,1.548438082392E1,3.790997078316E1));
#2980=CARTESIAN_POINT('',(2.973270135962E1,1.660165367854E1,3.958021590795E1));
#2981=CARTESIAN_POINT('',(2.982929953453E1,1.649527845574E1,3.947010196705E1));
#2982=CARTESIAN_POINT('',(2.996112658112E1,1.628784508237E1,3.928104795044E1));
#2983=CARTESIAN_POINT('',(3.005978494E1,1.594929149774E1,3.902564109542E1));
#2984=CARTESIAN_POINT('',(3.008330346668E1,1.558419494962E1,3.878818971982E1));
#2985=CARTESIAN_POINT('',(3.003422790600E1,1.531388524158E1,3.864301383402E1));
#2986=CARTESIAN_POINT('',(2.998322155984E1,1.515616212522E1,3.856869234357E1));
#2987=CARTESIAN_POINT('',(3.009212874454E1,1.608336104993E1,4.000964967680E1));
#2988=CARTESIAN_POINT('',(3.015885514912E1,1.598761045352E1,3.990191703222E1));
#2989=CARTESIAN_POINT('',(3.024497988812E1,1.580792876509E1,3.971741308925E1));
#2990=CARTESIAN_POINT('',(3.029639940858E1,1.552552906402E1,3.946561024537E1));
#2991=CARTESIAN_POINT('',(3.028884415804E1,1.522640913396E1,3.922726297854E1));
#2992=CARTESIAN_POINT('',(3.023264734285E1,1.500718993033E1,3.907589627847E1));
#2993=CARTESIAN_POINT('',(3.018260002172E1,1.487895108653E1,3.899532706167E1));
#2994=CARTESIAN_POINT('',(3.038707934736E1,1.551377808551E1,4.036134166213E1));
#2995=CARTESIAN_POINT('',(3.042845712744E1,1.543473483522E1,4.025546760370E1));
#2996=CARTESIAN_POINT('',(3.047659618176E1,1.529046688373E1,4.007451135711E1));
#2997=CARTESIAN_POINT('',(3.048953092297E1,1.507010827827E1,3.982553830823E1));
#2998=CARTESIAN_POINT('',(3.045696958401E1,1.483997183053E1,3.958652001306E1));
#2999=CARTESIAN_POINT('',(3.039513551438E1,1.467267671510E1,3.943030328043E1));
#3000=CARTESIAN_POINT('',(3.034587704409E1,1.457461110650E1,3.934478028943E1));
#3001=CARTESIAN_POINT('',(3.061142643891E1,1.490590006065E1,4.062843325371E1));
#3002=CARTESIAN_POINT('',(3.063303427022E1,1.484841217527E1,4.052391883658E1));
#3003=CARTESIAN_POINT('',(3.065200310763E1,1.474551497362E1,4.034555580766E1));
#3004=CARTESIAN_POINT('',(3.063583048733E1,1.459157122839E1,4.009866263902E1));
#3005=CARTESIAN_POINT('',(3.058453475877E1,1.443248022072E1,3.985916981552E1));
#3006=CARTESIAN_POINT('',(3.051853106295E1,1.431754107818E1,3.969939464493E1));
#3007=CARTESIAN_POINT('',(3.046987310011E1,1.425006016789E1,3.961020264321E1));
#3008=CARTESIAN_POINT('',(3.077162007461E1,1.418203631543E1,4.081893821481E1));
#3009=CARTESIAN_POINT('',(3.077886376601E1,1.415328916098E1,4.071536796685E1));
#3010=CARTESIAN_POINT('',(3.077686509640E1,1.410256673049E1,4.053880468521E1));
#3011=CARTESIAN_POINT('',(3.073999252661E1,1.402785108396E1,4.029336073664E1));
#3012=CARTESIAN_POINT('',(3.067546323758E1,1.395125604131E1,4.005354662987E1));
#3013=CARTESIAN_POINT('',(3.060654114647E1,1.389618069270E1,3.989129518407E1));
#3014=CARTESIAN_POINT('',(3.055831203653E1,1.386380662070E1,3.979953254629E1));
#3015=CARTESIAN_POINT('',(3.080435704977E1,1.364567836115E1,4.085783421738E1));
#3016=CARTESIAN_POINT('',(3.080862379590E1,1.363956950879E1,4.075445256872E1));
#3017=CARTESIAN_POINT('',(3.080231725635E1,1.362876494472E1,4.057824861716E1));
#3018=CARTESIAN_POINT('',(3.076122859365E1,1.361280743758E1,4.033309495652E1));
#3019=CARTESIAN_POINT('',(3.069401878987E1,1.359642591676E1,4.009321802953E1));
#3020=CARTESIAN_POINT('',(3.062451003234E1,1.358463717082E1,3.993047109362E1));
#3021=CARTESIAN_POINT('',(3.057636856491E1,1.357770903310E1,3.983819120598E1));
#3022=CARTESIAN_POINT('',(3.079563918332E1,1.335539304551E1,4.084747480098E1));
#3023=CARTESIAN_POINT('',(3.080069704849E1,1.336146478927E1,4.074404275615E1));
#3024=CARTESIAN_POINT('',(3.079553678689E1,1.337219722794E1,4.056774277997E1));
#3025=CARTESIAN_POINT('',(3.075557142986E1,1.338803768773E1,4.032251158318E1));
#3026=CARTESIAN_POINT('',(3.068907639286E1,1.340429340523E1,4.008265149749E1));
#3027=CARTESIAN_POINT('',(3.061972424991E1,1.341598920485E1,3.992003692853E1));
#3028=CARTESIAN_POINT('',(3.057155944335E1,1.342286308120E1,3.982789510449E1));
#3029=B_SPLINE_SURFACE_WITH_KNOTS('',3,3,((#2945,#2946,#2947,#2948,#2949,#2950,
#2951),(#2952,#2953,#2954,#2955,#2956,#2957,#2958),(#2959,#2960,#2961,#2962,
#2963,#2964,#2965),(#2966,#2967,#2968,#2969,#2970,#2971,#2972),(#2973,#2974,
#2975,#2976,#2977,#2978,#2979),(#2980,#2981,#2982,#2983,#2984,#2985,#2986),(
#2987,#2988,#2989,#2990,#2991,#2992,#2993),(#2994,#2995,#2996,#2997,#2998,#2999,
#3000),(#3001,#3002,#3003,#3004,#3005,#3006,#3007),(#3008,#3009,#3010,#3011,
#3012,#3013,#3014),(#3015,#3016,#3017,#3018,#3019,#3020,#3021),(#3022,#3023,
#3024,#3025,#3026,#3027,#3028)),.UNSPECIFIED.,.F.,.F.,.F.,(4,1,1,1,1,1,1,1,1,4),
(4,1,1,1,4),(1.870088598214E1,2.196416404330E1,2.505689105060E1,
2.703737001260E1,2.802760949360E1,2.901784897460E1,2.983329295530E1,
3.064873693600E1,3.146418091670E1,3.244183651766E1),(-2.160228055529E-1,5.E-1,
1.E0,1.5E0,2.219237762435E0),.UNSPECIFIED.);
#3031=ORIENTED_EDGE('',*,*,#3030,.T.);
#3033=ORIENTED_EDGE('',*,*,#3032,.F.);
#3034=ORIENTED_EDGE('',*,*,#2935,.T.);
#3036=ORIENTED_EDGE('',*,*,#3035,.T.);
#3037=EDGE_LOOP('',(#3031,#3033,#3034,#3036));
#3038=FACE_OUTER_BOUND('',#3037,.F.);
#3040=CARTESIAN_POINT('',(2.190896020100E1,1.65E1,2.587960159280E1));
#3041=DIRECTION('',(-4.203067282602E-1,0.E0,-9.073820883064E-1));
#3042=DIRECTION('',(0.E0,1.E0,0.E0));
#3043=AXIS2_PLACEMENT_3D('',#3040,#3041,#3042);
#3044=CYLINDRICAL_SURFACE('',#3043,2.E0);
#3046=ORIENTED_EDGE('',*,*,#3045,.F.);
#3048=ORIENTED_EDGE('',*,*,#3047,.T.);
#3049=ORIENTED_EDGE('',*,*,#3030,.F.);
#3051=ORIENTED_EDGE('',*,*,#3050,.F.);
#3052=EDGE_LOOP('',(#3046,#3048,#3049,#3051));
#3053=FACE_OUTER_BOUND('',#3052,.F.);
#3055=CARTESIAN_POINT('',(2.486830811510E1,1.65E1,3.226841031200E1));
#3056=DIRECTION('',(9.073820883091E-1,0.E0,-4.203067282542E-1));
#3057=DIRECTION('',(-2.842807911049E-1,7.365665533330E-1,-6.137215527582E-1));
#3058=AXIS2_PLACEMENT_3D('',#3055,#3056,#3057);
#3059=SPHERICAL_SURFACE('',#3058,2.E0);
#3061=ORIENTED_EDGE('',*,*,#3060,.T.);
#3063=ORIENTED_EDGE('',*,*,#3062,.T.);
#3064=ORIENTED_EDGE('',*,*,#3045,.T.);
#3065=EDGE_LOOP('',(#3061,#3063,#3064));
#3066=FACE_OUTER_BOUND('',#3065,.F.);
#3068=CARTESIAN_POINT('',(0.E0,1.65E1,3.226841031200E1));
#3069=DIRECTION('',(1.E0,0.E0,0.E0));
#3070=DIRECTION('',(0.E0,6.988852839928E-1,-7.152337798358E-1));
#3071=AXIS2_PLACEMENT_3D('',#3068,#3069,#3070);
#3072=CYLINDRICAL_SURFACE('',#3071,2.E0);
#3074=ORIENTED_EDGE('',*,*,#3073,.T.);
#3075=ORIENTED_EDGE('',*,*,#3060,.F.);
#3077=ORIENTED_EDGE('',*,*,#3076,.T.);
#3079=ORIENTED_EDGE('',*,*,#3078,.T.);
#3080=EDGE_LOOP('',(#3074,#3075,#3077,#3079));
#3081=FACE_OUTER_BOUND('',#3080,.F.);
#3083=CARTESIAN_POINT('',(-1.8E1,1.85E1,3.142640669160E1));
#3084=DIRECTION('',(0.E0,-6.988852839928E-1,7.152337798358E-1));
#3085=DIRECTION('',(0.E0,-7.152337798358E-1,-6.988852839928E-1));
#3086=AXIS2_PLACEMENT_3D('',#3083,#3084,#3085);
#3087=PLANE('',#3086);
#3089=ORIENTED_EDGE('',*,*,#3088,.T.);
#3091=ORIENTED_EDGE('',*,*,#3090,.F.);
#3093=ORIENTED_EDGE('',*,*,#3092,.T.);
#3094=ORIENTED_EDGE('',*,*,#3073,.F.);
#3095=EDGE_LOOP('',(#3089,#3091,#3093,#3094));
#3096=FACE_OUTER_BOUND('',#3095,.F.);
#3098=CARTESIAN_POINT('',(1.179908641780E1,1.282912692090E1,2.308886739960E1));
#3099=DIRECTION('',(-8.951581933607E-2,-7.123624026897E-1,-6.960795395087E-1));
#3100=DIRECTION('',(3.579758503497E-14,-6.988852839925E-1,7.152337798361E-1));
#3101=AXIS2_PLACEMENT_3D('',#3098,#3099,#3100);
#3102=CYLINDRICAL_SURFACE('',#3101,2.E0);
#3104=ORIENTED_EDGE('',*,*,#3103,.F.);
#3106=ORIENTED_EDGE('',*,*,#3105,.T.);
#3108=ORIENTED_EDGE('',*,*,#3107,.F.);
#3110=ORIENTED_EDGE('',*,*,#3109,.T.);
#3111=ORIENTED_EDGE('',*,*,#3088,.F.);
#3112=EDGE_LOOP('',(#3104,#3106,#3108,#3110,#3111));
#3113=FACE_OUTER_BOUND('',#3112,.F.);
#3115=CARTESIAN_POINT('',(1.268985766853E1,1.782548313253E1,3.076768707776E1));
#3116=CARTESIAN_POINT('',(1.251334506461E1,1.783112563982E1,3.078404863563E1));
#3117=CARTESIAN_POINT('',(1.218977277401E1,1.787038147777E1,3.078157222970E1));
#3118=CARTESIAN_POINT('',(1.174489033039E1,1.799982437166E1,3.069341251791E1));
#3119=CARTESIAN_POINT('',(1.134340305820E1,1.818846730995E1,3.053318882594E1));
#3120=CARTESIAN_POINT('',(1.111448761665E1,1.835685020235E1,3.037352611800E1));
#3121=CARTESIAN_POINT('',(1.100774054370E1,1.845766436368E1,3.027403527796E1));
#3122=CARTESIAN_POINT('',(1.271834888666E1,1.794828630366E1,3.087606027957E1));
#3123=CARTESIAN_POINT('',(1.254111877294E1,1.795362091190E1,3.089391356139E1));
#3124=CARTESIAN_POINT('',(1.221621235714E1,1.799525850118E1,3.089623692821E1));
#3125=CARTESIAN_POINT('',(1.176972745339E1,1.813562790882E1,3.082007500319E1));
#3126=CARTESIAN_POINT('',(1.136721445370E1,1.834135554817E1,3.067585713123E1));
#3127=CARTESIAN_POINT('',(1.113820850776E1,1.852553292456E1,3.052976032571E1));
#3128=CARTESIAN_POINT('',(1.103164309301E1,1.863590121750E1,3.043825110376E1));
#3129=CARTESIAN_POINT('',(1.277710238822E1,1.814619730939E1,3.109968627248E1));
#3130=CARTESIAN_POINT('',(1.259837329812E1,1.815019693925E1,3.112026201378E1));
#3131=CARTESIAN_POINT('',(1.227067961306E1,1.819440256488E1,3.113195732211E1));
#3132=CARTESIAN_POINT('',(1.182084816240E1,1.835129870532E1,3.108010707836E1));
#3133=CARTESIAN_POINT('',(1.141619527203E1,1.858415927405E1,3.096875716267E1));
#3134=CARTESIAN_POINT('',(1.118700325224E1,1.879398681957E1,3.085073755230E1));
#3135=CARTESIAN_POINT('',(1.108081867660E1,1.891996931487E1,3.077578867411E1));
#3136=CARTESIAN_POINT('',(1.287605819285E1,1.835375885331E1,3.147697546099E1));
#3137=CARTESIAN_POINT('',(1.269471447358E1,1.835397476032E1,3.150052501418E1));
#3138=CARTESIAN_POINT('',(1.236215855605E1,1.839724668641E1,3.152559458141E1));
#3139=CARTESIAN_POINT('',(1.190649552759E1,1.856836503476E1,3.151270474068E1));
#3140=CARTESIAN_POINT('',(1.149812419664E1,1.882851742606E1,3.145606003351E1));
#3141=CARTESIAN_POINT('',(1.126862174228E1,1.906579985323E1,3.138579284615E1));
#3142=CARTESIAN_POINT('',(1.116310770158E1,1.920877781503E1,3.133919906777E1));
#3143=CARTESIAN_POINT('',(1.298355048258E1,1.848275851342E1,3.188752213508E1));
#3144=CARTESIAN_POINT('',(1.279926563924E1,1.847795682346E1,3.191252360057E1));
#3145=CARTESIAN_POINT('',(1.246123981691E1,1.851657819289E1,3.194944796245E1));
#3146=CARTESIAN_POINT('',(1.199902335932E1,1.869302869869E1,3.197666028410E1));
#3147=CARTESIAN_POINT('',(1.158648490133E1,1.896882026616E1,3.197869984117E1));
#3148=CARTESIAN_POINT('',(1.135664887906E1,1.922378364977E1,3.196081374862E1));
#3149=CARTESIAN_POINT('',(1.125189600148E1,1.937802091630E1,3.194553532405E1));
#3150=CARTESIAN_POINT('',(1.306113996682E1,1.850752535570E1,3.218449052280E1));
#3151=CARTESIAN_POINT('',(1.287464086197E1,1.849880897067E1,3.220895727706E1));
#3152=CARTESIAN_POINT('',(1.253249649581E1,1.853202190375E1,3.225204796596E1));
#3153=CARTESIAN_POINT('',(1.206535189125E1,1.870559386596E1,3.230620770902E1));
#3154=CARTESIAN_POINT('',(1.164969013854E1,1.898290899515E1,3.234993001441E1));
#3155=CARTESIAN_POINT('',(1.141961693192E1,1.924194941386E1,3.237030471188E1));
#3156=CARTESIAN_POINT('',(1.131544324714E1,1.939912183557E1,3.237809033509E1));
#3157=CARTESIAN_POINT('',(1.310374844210E1,1.850104368275E1,3.234778023655E1));
#3158=CARTESIAN_POINT('',(1.291600230265E1,1.849026422193E1,3.237142617943E1));
#3159=CARTESIAN_POINT('',(1.257153828847E1,1.852016659318E1,3.241710180379E1));
#3160=CARTESIAN_POINT('',(1.210162014788E1,1.869040533147E1,3.248538356357E1));
#3161=CARTESIAN_POINT('',(1.168420410536E1,1.896577133370E1,3.255176301049E1));
#3162=CARTESIAN_POINT('',(1.145400199777E1,1.922445839715E1,3.259329823206E1));
#3163=CARTESIAN_POINT('',(1.135015655925E1,1.938167231186E1,3.261390393685E1));
#3164=B_SPLINE_SURFACE_WITH_KNOTS('',3,3,((#3115,#3116,#3117,#3118,#3119,#3120,
#3121),(#3122,#3123,#3124,#3125,#3126,#3127,#3128),(#3129,#3130,#3131,#3132,
#3133,#3134,#3135),(#3136,#3137,#3138,#3139,#3140,#3141,#3142),(#3143,#3144,
#3145,#3146,#3147,#3148,#3149),(#3150,#3151,#3152,#3153,#3154,#3155,#3156),(
#3157,#3158,#3159,#3160,#3161,#3162,#3163)),.UNSPECIFIED.,.F.,.F.,.F.,(4,1,1,1,
4),(4,1,1,1,4),(1.213579686532E1,1.324483107565E1,1.414539781500E1,
1.504596455435E1,1.615535085323E1),(-6.4275477E-2,2.963460679850E-1,
5.926921359700E-1,8.890382039550E-1,1.249664342055E0),.UNSPECIFIED.);
#3165=ORIENTED_EDGE('',*,*,#3078,.F.);
#3167=ORIENTED_EDGE('',*,*,#3166,.T.);
#3168=ORIENTED_EDGE('',*,*,#3103,.T.);
#3169=EDGE_LOOP('',(#3165,#3167,#3168));
#3170=FACE_OUTER_BOUND('',#3169,.F.);
#3172=CARTESIAN_POINT('',(-3.5E1,1.85E1,8.7E1));
#3173=DIRECTION('',(0.E0,-1.E0,0.E0));
#3174=DIRECTION('',(1.E0,0.E0,0.E0));
#3175=AXIS2_PLACEMENT_3D('',#3172,#3173,#3174);
#3176=PLANE('',#3175);
#3178=ORIENTED_EDGE('',*,*,#3177,.F.);
#3180=ORIENTED_EDGE('',*,*,#3179,.T.);
#3182=ORIENTED_EDGE('',*,*,#3181,.F.);
#3184=ORIENTED_EDGE('',*,*,#3183,.T.);
#3186=ORIENTED_EDGE('',*,*,#3185,.F.);
#3188=ORIENTED_EDGE('',*,*,#3187,.F.);
#3190=ORIENTED_EDGE('',*,*,#3189,.F.);
#3192=ORIENTED_EDGE('',*,*,#3191,.T.);
#3194=ORIENTED_EDGE('',*,*,#3193,.F.);
#3196=ORIENTED_EDGE('',*,*,#3195,.T.);
#3197=ORIENTED_EDGE('',*,*,#3105,.F.);
#3198=ORIENTED_EDGE('',*,*,#3166,.F.);
#3199=ORIENTED_EDGE('',*,*,#3076,.F.);
#3200=ORIENTED_EDGE('',*,*,#3050,.T.);
#3202=ORIENTED_EDGE('',*,*,#3201,.F.);
#3204=ORIENTED_EDGE('',*,*,#3203,.T.);
#3206=ORIENTED_EDGE('',*,*,#3205,.F.);
#3208=ORIENTED_EDGE('',*,*,#3207,.F.);
#3209=EDGE_LOOP('',(#3178,#3180,#3182,#3184,#3186,#3188,#3190,#3192,#3194,#3196,
#3197,#3198,#3199,#3200,#3202,#3204,#3206,#3208));
#3210=FACE_OUTER_BOUND('',#3209,.F.);
#3212=CARTESIAN_POINT('',(-1.02E1,1.35E1,7.15E1));
#3213=DIRECTION('',(0.E0,0.E0,1.E0));
#3214=DIRECTION('',(1.E0,0.E0,0.E0));
#3215=AXIS2_PLACEMENT_3D('',#3212,#3213,#3214);
#3216=CYLINDRICAL_SURFACE('',#3215,5.E0);
#3218=ORIENTED_EDGE('',*,*,#3217,.F.);
#3219=ORIENTED_EDGE('',*,*,#3177,.T.);
#3221=ORIENTED_EDGE('',*,*,#3220,.F.);
#3223=ORIENTED_EDGE('',*,*,#3222,.T.);
#3224=EDGE_LOOP('',(#3218,#3219,#3221,#3223));
#3225=FACE_OUTER_BOUND('',#3224,.F.);
#3227=CARTESIAN_POINT('',(0.E0,0.E0,1.26E2));
#3228=DIRECTION('',(0.E0,0.E0,1.E0));
#3229=DIRECTION('',(-1.E0,0.E0,0.E0));
#3230=AXIS2_PLACEMENT_3D('',#3227,#3228,#3229);
#3231=PLANE('',#3230);
#3233=ORIENTED_EDGE('',*,*,#3232,.F.);
#3235=ORIENTED_EDGE('',*,*,#3234,.T.);
#3237=ORIENTED_EDGE('',*,*,#3236,.F.);
#3239=ORIENTED_EDGE('',*,*,#3238,.T.);
#3241=ORIENTED_EDGE('',*,*,#3240,.F.);
#3243=ORIENTED_EDGE('',*,*,#3242,.T.);
#3244=ORIENTED_EDGE('',*,*,#3179,.F.);
#3245=ORIENTED_EDGE('',*,*,#3217,.T.);
#3246=EDGE_LOOP('',(#3233,#3235,#3237,#3239,#3241,#3243,#3244,#3245));
#3247=FACE_OUTER_BOUND('',#3246,.F.);
#3249=ORIENTED_EDGE('',*,*,#3248,.T.);
#3251=ORIENTED_EDGE('',*,*,#3250,.T.);
#3253=ORIENTED_EDGE('',*,*,#3252,.T.);
#3255=ORIENTED_EDGE('',*,*,#3254,.T.);
#3257=ORIENTED_EDGE('',*,*,#3256,.T.);
#3259=ORIENTED_EDGE('',*,*,#3258,.T.);
#3260=EDGE_LOOP('',(#3249,#3251,#3253,#3255,#3257,#3259));
#3261=FACE_BOUND('',#3260,.F.);
#3263=CARTESIAN_POINT('',(-5.2E0,1.85E1,9.6E1));
#3264=DIRECTION('',(-1.E0,0.E0,0.E0));
#3265=DIRECTION('',(0.E0,-1.E0,0.E0));
#3266=AXIS2_PLACEMENT_3D('',#3263,#3264,#3265);
#3267=PLANE('',#3266);
#3269=ORIENTED_EDGE('',*,*,#3268,.F.);
#3270=ORIENTED_EDGE('',*,*,#3232,.T.);
#3271=ORIENTED_EDGE('',*,*,#3222,.F.);
#3273=ORIENTED_EDGE('',*,*,#3272,.F.);
#3275=ORIENTED_EDGE('',*,*,#3274,.T.);
#3277=ORIENTED_EDGE('',*,*,#3276,.F.);
#3279=ORIENTED_EDGE('',*,*,#3278,.F.);
#3281=ORIENTED_EDGE('',*,*,#3280,.T.);
#3283=ORIENTED_EDGE('',*,*,#3282,.F.);
#3285=ORIENTED_EDGE('',*,*,#3284,.F.);
#3286=EDGE_LOOP('',(#3269,#3270,#3271,#3273,#3275,#3277,#3279,#3281,#3283,
#3285));
#3287=FACE_OUTER_BOUND('',#3286,.F.);
#3289=CARTESIAN_POINT('',(-1.02E1,-1.35E1,7.15E1));
#3290=DIRECTION('',(0.E0,0.E0,1.E0));
#3291=DIRECTION('',(0.E0,-1.E0,0.E0));
#3292=AXIS2_PLACEMENT_3D('',#3289,#3290,#3291);
#3293=CYLINDRICAL_SURFACE('',#3292,5.E0);
#3294=ORIENTED_EDGE('',*,*,#3234,.F.);
#3295=ORIENTED_EDGE('',*,*,#3268,.T.);
#3297=ORIENTED_EDGE('',*,*,#3296,.T.);
#3299=ORIENTED_EDGE('',*,*,#3298,.T.);
#3300=EDGE_LOOP('',(#3294,#3295,#3297,#3299));
#3301=FACE_OUTER_BOUND('',#3300,.F.);
#3303=CARTESIAN_POINT('',(0.E0,-1.35E1,9.1E1));
#3304=DIRECTION('',(-1.E0,0.E0,0.E0));
#3305=DIRECTION('',(0.E0,-1.E0,0.E0));
#3306=AXIS2_PLACEMENT_3D('',#3303,#3304,#3305);
#3307=CYLINDRICAL_SURFACE('',#3306,5.E0);
#3309=ORIENTED_EDGE('',*,*,#3308,.T.);
#3311=ORIENTED_EDGE('',*,*,#3310,.T.);
#3312=ORIENTED_EDGE('',*,*,#3296,.F.);
#3314=ORIENTED_EDGE('',*,*,#3313,.T.);
#3315=EDGE_LOOP('',(#3309,#3311,#3312,#3314));
#3316=FACE_OUTER_BOUND('',#3315,.F.);
#3318=CARTESIAN_POINT('',(1.02E1,-1.35E1,7.15E1));
#3319=DIRECTION('',(0.E0,0.E0,1.E0));
#3320=DIRECTION('',(-1.E0,0.E0,0.E0));
#3321=AXIS2_PLACEMENT_3D('',#3318,#3319,#3320);
#3322=CYLINDRICAL_SURFACE('',#3321,5.E0);
#3324=ORIENTED_EDGE('',*,*,#3323,.F.);
#3326=ORIENTED_EDGE('',*,*,#3325,.T.);
#3327=ORIENTED_EDGE('',*,*,#3308,.F.);
#3329=ORIENTED_EDGE('',*,*,#3328,.T.);
#3330=EDGE_LOOP('',(#3324,#3326,#3327,#3329));
#3331=FACE_OUTER_BOUND('',#3330,.F.);
#3333=CARTESIAN_POINT('',(0.E0,0.E0,1.26E2));
#3334=DIRECTION('',(0.E0,0.E0,1.E0));
#3335=DIRECTION('',(-1.E0,0.E0,0.E0));
#3336=AXIS2_PLACEMENT_3D('',#3333,#3334,#3335);
#3337=PLANE('',#3336);
#3339=ORIENTED_EDGE('',*,*,#3338,.F.);
#3340=ORIENTED_EDGE('',*,*,#3323,.T.);
#3342=ORIENTED_EDGE('',*,*,#3341,.F.);
#3344=ORIENTED_EDGE('',*,*,#3343,.T.);
#3345=ORIENTED_EDGE('',*,*,#3203,.F.);
#3347=ORIENTED_EDGE('',*,*,#3346,.T.);
#3348=ORIENTED_EDGE('',*,*,#2915,.F.);
#3350=ORIENTED_EDGE('',*,*,#3349,.T.);
#3351=EDGE_LOOP('',(#3339,#3340,#3342,#3344,#3345,#3347,#3348,#3350));
#3352=FACE_OUTER_BOUND('',#3351,.F.);
#3353=ORIENTED_EDGE('',*,*,#2492,.T.);
#3354=ORIENTED_EDGE('',*,*,#2566,.T.);
#3355=ORIENTED_EDGE('',*,*,#2552,.T.);
#3356=ORIENTED_EDGE('',*,*,#2537,.T.);
#3357=ORIENTED_EDGE('',*,*,#2522,.T.);
#3358=ORIENTED_EDGE('',*,*,#2507,.T.);
#3359=EDGE_LOOP('',(#3353,#3354,#3355,#3356,#3357,#3358));
#3360=FACE_BOUND('',#3359,.F.);
#3362=CARTESIAN_POINT('',(3.5E1,-1.85E1,8.7E1));
#3363=DIRECTION('',(0.E0,1.E0,0.E0));
#3364=DIRECTION('',(-1.E0,0.E0,0.E0));
#3365=AXIS2_PLACEMENT_3D('',#3362,#3363,#3364);
#3366=PLANE('',#3365);
#3367=ORIENTED_EDGE('',*,*,#3325,.F.);
#3368=ORIENTED_EDGE('',*,*,#3338,.T.);
#3370=ORIENTED_EDGE('',*,*,#3369,.F.);
#3372=ORIENTED_EDGE('',*,*,#3371,.T.);
#3374=ORIENTED_EDGE('',*,*,#3373,.F.);
#3376=ORIENTED_EDGE('',*,*,#3375,.F.);
#3378=ORIENTED_EDGE('',*,*,#3377,.F.);
#3380=ORIENTED_EDGE('',*,*,#3379,.T.);
#3382=ORIENTED_EDGE('',*,*,#3381,.F.);
#3384=ORIENTED_EDGE('',*,*,#3383,.T.);
#3386=ORIENTED_EDGE('',*,*,#3385,.F.);
#3388=ORIENTED_EDGE('',*,*,#3387,.F.);
#3390=ORIENTED_EDGE('',*,*,#3389,.F.);
#3392=ORIENTED_EDGE('',*,*,#3391,.T.);
#3394=ORIENTED_EDGE('',*,*,#3393,.F.);
#3395=ORIENTED_EDGE('',*,*,#3236,.T.);
#3396=ORIENTED_EDGE('',*,*,#3298,.F.);
#3397=ORIENTED_EDGE('',*,*,#3310,.F.);
#3398=EDGE_LOOP('',(#3367,#3368,#3370,#3372,#3374,#3376,#3378,#3380,#3382,#3384,
#3386,#3388,#3390,#3392,#3394,#3395,#3396,#3397));
#3399=FACE_OUTER_BOUND('',#3398,.F.);
#3401=CARTESIAN_POINT('',(2.58E1,-1.35E1,7.15E1));
#3402=DIRECTION('',(0.E0,0.E0,1.E0));
#3403=DIRECTION('',(0.E0,-1.E0,0.E0));
#3404=AXIS2_PLACEMENT_3D('',#3401,#3402,#3403);
#3405=CYLINDRICAL_SURFACE('',#3404,5.E0);
#3406=ORIENTED_EDGE('',*,*,#2913,.T.);
#3408=ORIENTED_EDGE('',*,*,#3407,.F.);
#3409=ORIENTED_EDGE('',*,*,#3369,.T.);
#3410=ORIENTED_EDGE('',*,*,#3349,.F.);
#3411=EDGE_LOOP('',(#3406,#3408,#3409,#3410));
#3412=FACE_OUTER_BOUND('',#3411,.F.);
#3414=CARTESIAN_POINT('',(3.079563325574E1,-1.335522356277E1,4.084759057308E1));
#3415=CARTESIAN_POINT('',(3.080069915306E1,-1.336130415194E1,4.074412012319E1));
#3416=CARTESIAN_POINT('',(3.079554300430E1,-1.337205085318E1,4.056778074137E1));
#3417=CARTESIAN_POINT('',(3.075557152009E1,-1.338791159884E1,4.032251125971E1));
#3418=CARTESIAN_POINT('',(3.068907631135E1,-1.340418567944E1,4.008265065337E1));
#3419=CARTESIAN_POINT('',(3.061972373105E1,-1.341589472231E1,3.992003566221E1));
#3420=CARTESIAN_POINT('',(3.057155845578E1,-1.342277639373E1,3.982789345082E1));
#3421=CARTESIAN_POINT('',(3.080399762792E1,-1.363382639912E1,4.085752931609E1));
#3422=CARTESIAN_POINT('',(3.080830461940E1,-1.362821344458E1,4.075410723931E1));
#3423=CARTESIAN_POINT('',(3.080204879488E1,-1.361828680693E1,4.057786003093E1));
#3424=CARTESIAN_POINT('',(3.076099946307E1,-1.360362596890E1,4.033266495769E1));
#3425=CARTESIAN_POINT('',(3.069381829404E1,-1.358857748870E1,4.009278818167E1));
#3426=CARTESIAN_POINT('',(3.062431521674E1,-1.357774786960E1,3.993004617867E1));
#3427=CARTESIAN_POINT('',(3.057617218515E1,-1.357138341419E1,3.983777150797E1));
#3428=CARTESIAN_POINT('',(3.077465561506E1,-1.414698341933E1,4.082266921818E1));
#3429=CARTESIAN_POINT('',(3.078163031982E1,-1.411970851563E1,4.071907800344E1));
#3430=CARTESIAN_POINT('',(3.077923523475E1,-1.407158786223E1,4.054250852879E1));
#3431=CARTESIAN_POINT('',(3.074196518046E1,-1.400070462346E1,4.029705317647E1));
#3432=CARTESIAN_POINT('',(3.067718719022E1,-1.392804740785E1,4.005723275907E1));
#3433=CARTESIAN_POINT('',(3.060821066621E1,-1.387580255894E1,3.989493497175E1));
#3434=CARTESIAN_POINT('',(3.055998950369E1,-1.384509237019E1,3.980312394905E1));
#3435=CARTESIAN_POINT('',(3.062808266066E1,-1.484295250086E1,4.064838954450E1));
#3436=CARTESIAN_POINT('',(3.064821544706E1,-1.478788567002E1,4.054393537253E1));
#3437=CARTESIAN_POINT('',(3.066501431807E1,-1.468945108529E1,4.036572094418E1));
#3438=CARTESIAN_POINT('',(3.064668169570E1,-1.454237828944E1,4.011894099232E1));
#3439=CARTESIAN_POINT('',(3.059400496488E1,-1.439051034363E1,3.987941380317E1));
#3440=CARTESIAN_POINT('',(3.052769605901E1,-1.428083162373E1,3.971937888280E1));
#3441=CARTESIAN_POINT('',(3.047908257547E1,-1.421643269333E1,3.962991768177E1));
#3442=CARTESIAN_POINT('',(3.042187504629E1,-1.543036679100E1,4.040295451849E1));
#3443=CARTESIAN_POINT('',(3.046022752467E1,-1.535411247941E1,4.029725485137E1));
#3444=CARTESIAN_POINT('',(3.050386648670E1,-1.521535856302E1,4.011666501180E1));
#3445=CARTESIAN_POINT('',(3.051227543253E1,-1.500408232469E1,3.986797920610E1));
#3446=CARTESIAN_POINT('',(3.047679258489E1,-1.478380544237E1,3.962888519783E1));
#3447=CARTESIAN_POINT('',(3.041430563981E1,-1.462382123133E1,3.947210995306E1));
#3448=CARTESIAN_POINT('',(3.036513996626E1,-1.453001961342E1,3.938601265752E1));
#3449=CARTESIAN_POINT('',(3.014259642002E1,-1.599776541251E1,4.007007329403E1));
#3450=CARTESIAN_POINT('',(3.020506562762E1,-1.590421558561E1,3.996262534921E1));
#3451=CARTESIAN_POINT('',(3.028473903635E1,-1.572955212801E1,3.977869871796E1));
#3452=CARTESIAN_POINT('',(3.032955418394E1,-1.545642767840E1,3.952734924062E1));
#3453=CARTESIAN_POINT('',(3.031768425511E1,-1.516788475327E1,3.928888264089E1));
#3454=CARTESIAN_POINT('',(3.026050877585E1,-1.495671393537E1,3.913667063096E1));
#3455=CARTESIAN_POINT('',(3.021059615771E1,-1.483313929113E1,3.905524179685E1));
#3456=CARTESIAN_POINT('',(2.979229441492E1,-1.652575256653E1,3.965173947908E1));
#3457=CARTESIAN_POINT('',(2.988407104045E1,-1.642051114260E1,3.954199164556E1));
#3458=CARTESIAN_POINT('',(3.000840180441E1,-1.621671771480E1,3.935367115414E1));
#3459=CARTESIAN_POINT('',(3.009919826525E1,-1.588631934737E1,3.909883745114E1));
#3460=CARTESIAN_POINT('',(3.011750135379E1,-1.553117889199E1,3.886122945370E1));
#3461=CARTESIAN_POINT('',(3.006721944564E1,-1.526869988939E1,3.871499913359E1));
#3462=CARTESIAN_POINT('',(3.001637140992E1,-1.511547872202E1,3.863962039812E1));
#3463=CARTESIAN_POINT('',(2.923971544908E1,-1.716006237809E1,3.899013563745E1));
#3464=CARTESIAN_POINT('',(2.937569746441E1,-1.704846681624E1,3.887651876600E1));
#3465=CARTESIAN_POINT('',(2.956928167732E1,-1.681733796878E1,3.868079708732E1));
#3466=CARTESIAN_POINT('',(2.973328306341E1,-1.641873518427E1,3.842014653046E1));
#3467=CARTESIAN_POINT('',(2.980039243293E1,-1.597813045624E1,3.818405700516E1));
#3468=CARTESIAN_POINT('',(2.976149880031E1,-1.564740223707E1,3.804784130546E1));
#3469=CARTESIAN_POINT('',(2.970918303779E1,-1.545508157142E1,3.798243802034E1));
#3470=CARTESIAN_POINT('',(2.855391226798E1,-1.770039444400E1,3.816549547307E1));
#3471=CARTESIAN_POINT('',(2.874056233462E1,-1.759750896166E1,3.804655121093E1));
#3472=CARTESIAN_POINT('',(2.901757012958E1,-1.735751203161E1,3.784061829971E1));
#3473=CARTESIAN_POINT('',(2.927380136525E1,-1.690215586388E1,3.757205366560E1));
#3474=CARTESIAN_POINT('',(2.940402903421E1,-1.637855661038E1,3.733821238528E1));
#3475=CARTESIAN_POINT('',(2.938037073048E1,-1.597717909681E1,3.721568204405E1));
#3476=CARTESIAN_POINT('',(2.932625877241E1,-1.574497145316E1,3.716358651259E1));
#3477=CARTESIAN_POINT('',(2.774995197394E1,-1.811564022845E1,3.719263086899E1));
#3478=CARTESIAN_POINT('',(2.798860835374E1,-1.803973467668E1,3.706639638198E1));
#3479=CARTESIAN_POINT('',(2.835870079197E1,-1.781470637109E1,3.684644979951E1));
#3480=CARTESIAN_POINT('',(2.872540103573E1,-1.731841813538E1,3.656724455023E1));
#3481=CARTESIAN_POINT('',(2.893427250856E1,-1.671586325750E1,3.633678824328E1));
#3482=CARTESIAN_POINT('',(2.893057312710E1,-1.624104765866E1,3.623277482744E1));
#3483=CARTESIAN_POINT('',(2.887443784975E1,-1.596815953740E1,3.619806303877E1));
#3484=CARTESIAN_POINT('',(2.672143966501E1,-1.845075599041E1,3.594013777741E1));
#3485=CARTESIAN_POINT('',(2.701700461137E1,-1.842520762552E1,3.580303788114E1));
#3486=CARTESIAN_POINT('',(2.749969684891E1,-1.824408118120E1,3.556214878081E1));
#3487=CARTESIAN_POINT('',(2.801065876820E1,-1.771935766857E1,3.526735189297E1));
#3488=CARTESIAN_POINT('',(2.832641321620E1,-1.703114398541E1,3.504236904530E1));
#3489=CARTESIAN_POINT('',(2.835121269251E1,-1.646882470722E1,3.496565022351E1));
#3490=CARTESIAN_POINT('',(2.829266367842E1,-1.614835929809E1,3.495571409452E1));
#3491=CARTESIAN_POINT('',(2.593692419935E1,-1.850774457260E1,3.497405911543E1));
#3492=CARTESIAN_POINT('',(2.626268994937E1,-1.853709842172E1,3.482634917508E1));
#3493=CARTESIAN_POINT('',(2.682195528320E1,-1.841652174432E1,3.456493097635E1));
#3494=CARTESIAN_POINT('',(2.744685061594E1,-1.789551676874E1,3.425528310554E1));
#3495=CARTESIAN_POINT('',(2.785300499680E1,-1.715642943201E1,3.403623939260E1));
#3496=CARTESIAN_POINT('',(2.790388184541E1,-1.653176260462E1,3.398574401926E1));
#3497=CARTESIAN_POINT('',(2.784380346873E1,-1.617847215695E1,3.399844361184E1));
#3498=CARTESIAN_POINT('',(2.541245795413E1,-1.846443743372E1,3.432161299453E1));
#3499=CARTESIAN_POINT('',(2.574987007660E1,-1.853657118373E1,3.416479749268E1));
#3500=CARTESIAN_POINT('',(2.635348967812E1,-1.846850494150E1,3.388569232184E1));
#3501=CARTESIAN_POINT('',(2.705673058395E1,-1.796162112456E1,3.356363043213E1));
#3502=CARTESIAN_POINT('',(2.752955651488E1,-1.719414057334E1,3.335019121425E1));
#3503=CARTESIAN_POINT('',(2.760128119543E1,-1.652826213409E1,3.332180619922E1));
#3504=CARTESIAN_POINT('',(2.754058343466E1,-1.615382106866E1,3.335264275872E1));
#3505=B_SPLINE_SURFACE_WITH_KNOTS('',3,3,((#3414,#3415,#3416,#3417,#3418,#3419,
#3420),(#3421,#3422,#3423,#3424,#3425,#3426,#3427),(#3428,#3429,#3430,#3431,
#3432,#3433,#3434),(#3435,#3436,#3437,#3438,#3439,#3440,#3441),(#3442,#3443,
#3444,#3445,#3446,#3447,#3448),(#3449,#3450,#3451,#3452,#3453,#3454,#3455),(
#3456,#3457,#3458,#3459,#3460,#3461,#3462),(#3463,#3464,#3465,#3466,#3467,#3468,
#3469),(#3470,#3471,#3472,#3473,#3474,#3475,#3476),(#3477,#3478,#3479,#3480,
#3481,#3482,#3483),(#3484,#3485,#3486,#3487,#3488,#3489,#3490),(#3491,#3492,
#3493,#3494,#3495,#3496,#3497),(#3498,#3499,#3500,#3501,#3502,#3503,#3504)),
.UNSPECIFIED.,.F.,.F.,.F.,(4,1,1,1,1,1,1,1,1,1,4),(4,1,1,1,4),(2.118733199097E1,
2.212629370297E1,2.290276841875E1,2.367924313453E1,2.445571785030E1,
2.545360197743E1,2.645148610455E1,2.844725435880E1,3.002487121122E1,
3.160248806365E1,3.492815916820E1),(-2.162904553580E-1,5.E-1,1.E0,1.5E0,
2.219241568313E0),.UNSPECIFIED.);
#3506=ORIENTED_EDGE('',*,*,#2939,.T.);
#3508=ORIENTED_EDGE('',*,*,#3507,.F.);
#3510=ORIENTED_EDGE('',*,*,#3509,.T.);
#3511=ORIENTED_EDGE('',*,*,#3407,.T.);
#3512=EDGE_LOOP('',(#3506,#3508,#3510,#3511));
#3513=FACE_OUTER_BOUND('',#3512,.F.);
#3515=CARTESIAN_POINT('',(3.638060760500E1,1.85E1,5.236338806150E1));
#3516=DIRECTION('',(-9.073820883064E-1,0.E0,4.203067282602E-1));
#3517=DIRECTION('',(-4.203067282602E-1,0.E0,-9.073820883064E-1));
#3518=AXIS2_PLACEMENT_3D('',#3515,#3516,#3517);
#3519=PLANE('',#3518);
#3520=ORIENTED_EDGE('',*,*,#3047,.F.);
#3522=ORIENTED_EDGE('',*,*,#3521,.T.);
#3524=ORIENTED_EDGE('',*,*,#3523,.T.);
#3526=ORIENTED_EDGE('',*,*,#3525,.T.);
#3528=ORIENTED_EDGE('',*,*,#3527,.T.);
#3530=ORIENTED_EDGE('',*,*,#3529,.T.);
#3532=ORIENTED_EDGE('',*,*,#3531,.F.);
#3533=ORIENTED_EDGE('',*,*,#3507,.T.);
#3534=ORIENTED_EDGE('',*,*,#2937,.F.);
#3535=ORIENTED_EDGE('',*,*,#3032,.T.);
#3536=EDGE_LOOP('',(#3520,#3522,#3524,#3526,#3528,#3530,#3532,#3533,#3534,
#3535));
#3537=FACE_OUTER_BOUND('',#3536,.F.);
#3539=CARTESIAN_POINT('',(2.253611177410E1,1.134734468850E1,2.723353210540E1));
#3540=DIRECTION('',(-3.079924503329E-1,-6.804654081837E-1,-6.649116323267E-1));
#3541=DIRECTION('',(2.393582168391E-14,6.988852839929E-1,-7.152337798358E-1));
#3542=AXIS2_PLACEMENT_3D('',#3539,#3540,#3541);
#3543=CYLINDRICAL_SURFACE('',#3542,2.E0);
#3544=ORIENTED_EDGE('',*,*,#3521,.F.);
#3545=ORIENTED_EDGE('',*,*,#3062,.F.);
#3546=ORIENTED_EDGE('',*,*,#3092,.F.);
#3548=ORIENTED_EDGE('',*,*,#3547,.F.);
#3549=EDGE_LOOP('',(#3544,#3545,#3546,#3548));
#3550=FACE_OUTER_BOUND('',#3549,.F.);
#3552=CARTESIAN_POINT('',(2.000819492747E1,7.324206764253E0,2.050538430332E1));
#3553=CARTESIAN_POINT('',(2.013777595508E1,7.298654999448E0,2.047369098693E1));
#3554=CARTESIAN_POINT('',(2.036810198254E1,7.236712626545E0,2.043567470349E1));
#3555=CARTESIAN_POINT('',(2.068927779332E1,7.108791944717E0,2.042871666273E1));
#3556=CARTESIAN_POINT('',(2.096673903265E1,6.964503311791E0,2.046015003477E1));
#3557=CARTESIAN_POINT('',(2.122292246345E1,6.795737136019E0,2.052857273824E1));
#3558=CARTESIAN_POINT('',(2.145153926432E1,6.606627757855E0,2.063231497744E1));
#3559=CARTESIAN_POINT('',(2.173179284328E1,6.313026565233E0,2.082797294540E1));
#3560=CARTESIAN_POINT('',(2.187769470606E1,6.068247967072E0,2.103174008293E1));
#3561=CARTESIAN_POINT('',(2.193884367318E1,5.899011981186E0,2.119102252371E1));
#3562=CARTESIAN_POINT('',(1.984579854614E1,7.132391220499E0,2.033744560285E1));
#3563=CARTESIAN_POINT('',(1.997770582491E1,7.106364438677E0,2.029779432177E1));
#3564=CARTESIAN_POINT('',(2.021223366922E1,7.040177718281E0,2.024460971464E1));
#3565=CARTESIAN_POINT('',(2.053870358980E1,6.897997252486E0,2.021403235883E1));
#3566=CARTESIAN_POINT('',(2.081984151120E1,6.734780828940E0,2.022306202716E1));
#3567=CARTESIAN_POINT('',(2.107806069165E1,6.541798406981E0,2.026864768412E1));
#3568=CARTESIAN_POINT('',(2.130663726988E1,6.324028548071E0,2.034957643810E1));
#3569=CARTESIAN_POINT('',(2.158337748779E1,5.984383654672E0,2.051313850714E1));
#3570=CARTESIAN_POINT('',(2.172173744017E1,5.699956487789E0,2.069368940046E1));
#3571=CARTESIAN_POINT('',(2.177516441089E1,5.503387895495E0,2.083799311297E1));
#3572=CARTESIAN_POINT('',(1.948076389813E1,6.840572836974E0,1.995887865057E1));
#3573=CARTESIAN_POINT('',(1.961818482746E1,6.819400161123E0,1.990329197606E1));
#3574=CARTESIAN_POINT('',(1.986267352120E1,6.754992608261E0,1.981873318017E1));
#3575=CARTESIAN_POINT('',(2.020167888138E1,6.598663627520E0,1.973730011113E1));
#3576=CARTESIAN_POINT('',(2.049150007018E1,6.410230190532E0,1.969683755544E1));
#3577=CARTESIAN_POINT('',(2.075449378242E1,6.180964340539E0,1.969097230858E1));
#3578=CARTESIAN_POINT('',(2.098291667379E1,5.917538253396E0,1.971971938608E1));
#3579=CARTESIAN_POINT('',(2.125127302100E1,5.501926944792E0,1.980902470991E1));
#3580=CARTESIAN_POINT('',(2.137181845765E1,5.150012739899E0,1.993512910519E1));
#3581=CARTESIAN_POINT('',(2.140716858311E1,4.907046589249E0,2.004430400170E1));
#3582=CARTESIAN_POINT('',(1.888995514559E1,6.639380876574E0,1.934035634867E1));
#3583=CARTESIAN_POINT('',(1.903806160776E1,6.637826934571E0,1.926974849533E1));
#3584=CARTESIAN_POINT('',(1.930186649665E1,6.599137019811E0,1.914983681763E1));
#3585=CARTESIAN_POINT('',(1.966508054925E1,6.456067178441E0,1.899931224303E1));
#3586=CARTESIAN_POINT('',(1.997152020101E1,6.261484773494E0,1.888422419028E1));
#3587=CARTESIAN_POINT('',(2.024342822286E1,6.009262872084E0,1.879481016533E1));
#3588=CARTESIAN_POINT('',(2.047116639720E1,5.708317485219E0,1.873408713678E1));
#3589=CARTESIAN_POINT('',(2.072290681527E1,5.222306627828E0,1.869091868963E1));
#3590=CARTESIAN_POINT('',(2.080935103023E1,4.801669585376E0,1.871535133507E1));
#3591=CARTESIAN_POINT('',(2.081114031747E1,4.511812575325E0,1.875889706393E1));
#3592=CARTESIAN_POINT('',(1.832978322947E1,6.629301883737E0,1.874775221806E1));
#3593=CARTESIAN_POINT('',(1.849009934240E1,6.651324226982E0,1.867449650791E1));
#3594=CARTESIAN_POINT('',(1.877598878119E1,6.648306812825E0,1.853805754099E1));
#3595=CARTESIAN_POINT('',(1.916677040396E1,6.538692420983E0,1.833708512873E1));
#3596=CARTESIAN_POINT('',(1.949196778136E1,6.360079820943E0,1.815779802505E1));
#3597=CARTESIAN_POINT('',(1.977368994635E1,6.109941187034E0,1.798923189392E1));
#3598=CARTESIAN_POINT('',(2.000022464114E1,5.798693615960E0,1.783824997208E1));
#3599=CARTESIAN_POINT('',(2.023258453350E1,5.283492920663E0,1.765565002402E1));
#3600=CARTESIAN_POINT('',(2.028053900514E1,4.827506280477E0,1.756807621595E1));
#3601=CARTESIAN_POINT('',(2.024556335654E1,4.513882209395E0,1.753926626584E1));
#3602=CARTESIAN_POINT('',(1.782479718279E1,6.774997107172E0,1.820717930735E1));
#3603=CARTESIAN_POINT('',(1.799855752741E1,6.818077985100E0,1.814377067815E1));
#3604=CARTESIAN_POINT('',(1.830877950270E1,6.850271133388E0,1.801083383535E1));
#3605=CARTESIAN_POINT('',(1.872981038208E1,6.782617117488E0,1.778131805279E1));
#3606=CARTESIAN_POINT('',(1.907540341918E1,6.634180434971E0,1.755192104206E1));
#3607=CARTESIAN_POINT('',(1.936751806668E1,6.405894298872E0,1.731254621114E1));
#3608=CARTESIAN_POINT('',(1.959226309838E1,6.108663506534E0,1.707445013940E1));
#3609=CARTESIAN_POINT('',(1.980285581811E1,5.604098350899E0,1.675081886344E1));
#3610=CARTESIAN_POINT('',(1.980897299092E1,5.147563836089E0,1.654449239008E1));
#3611=CARTESIAN_POINT('',(1.973523363813E1,4.834124579301E0,1.643888004724E1));
#3612=CARTESIAN_POINT('',(1.737911047560E1,7.064356736377E0,1.772397269727E1));
#3613=CARTESIAN_POINT('',(1.756734695282E1,7.120377228265E0,1.768127411758E1));
#3614=CARTESIAN_POINT('',(1.790378389505E1,7.178351247170E0,1.756990614053E1));
#3615=CARTESIAN_POINT('',(1.835728090683E1,7.151697283066E0,1.733273259681E1));
#3616=CARTESIAN_POINT('',(1.872457944767E1,7.042052896856E0,1.706747362302E1));
#3617=CARTESIAN_POINT('',(1.902747692186E1,6.852856397689E0,1.676656346433E1));
#3618=CARTESIAN_POINT('',(1.924984154104E1,6.594253605745E0,1.644592907692E1));
#3619=CARTESIAN_POINT('',(1.943658612864E1,6.143934467178E0,1.598212290220E1));
#3620=CARTESIAN_POINT('',(1.939820159413E1,5.727631224731E0,1.565237905025E1));
#3621=CARTESIAN_POINT('',(1.928437976970E1,5.442292597959E0,1.546683843068E1));
#3622=CARTESIAN_POINT('',(1.702022149406E1,7.483158448712E0,1.732960495119E1));
#3623=CARTESIAN_POINT('',(1.722264668123E1,7.537732397453E0,1.731420743653E1));
#3624=CARTESIAN_POINT('',(1.758479172413E1,7.601663605360E0,1.723692324051E1));
#3625=CARTESIAN_POINT('',(1.807001395517E1,7.603617797874E0,1.700995933366E1));
#3626=CARTESIAN_POINT('',(1.845835329119E1,7.534406185131E0,1.672394845071E1));
#3627=CARTESIAN_POINT('',(1.877144879167E1,7.398242865634E0,1.637476671022E1));
#3628=CARTESIAN_POINT('',(1.899107142583E1,7.203122314520E0,1.598267842593E1));
#3629=CARTESIAN_POINT('',(1.915407843331E1,6.855334518001E0,1.539149493719E1));
#3630=CARTESIAN_POINT('',(1.907258486707E1,6.527652441896E0,1.494477916951E1));
#3631=CARTESIAN_POINT('',(1.892094829572E1,6.303376891533E0,1.468336491277E1));
#3632=CARTESIAN_POINT('',(1.676523617462E1,8.051640269481E0,1.704621714475E1));
#3633=CARTESIAN_POINT('',(1.697938652388E1,8.085516708081E0,1.705676634758E1));
#3634=CARTESIAN_POINT('',(1.736278398856E1,8.127833733110E0,1.701413989062E1));
#3635=CARTESIAN_POINT('',(1.787416698566E1,8.138749376495E0,1.680484365627E1));
#3636=CARTESIAN_POINT('',(1.827975804104E1,8.108725931187E0,1.650936690203E1));
#3637=CARTESIAN_POINT('',(1.860106611190E1,8.040626249782E0,1.612683856547E1));
#3638=CARTESIAN_POINT('',(1.881818722630E1,7.938736903E0,1.568091293599E1));
#3639=CARTESIAN_POINT('',(1.896137133933E1,7.753441646880E0,1.499006602180E1));
#3640=CARTESIAN_POINT('',(1.884455240994E1,7.576067208211E0,1.444898106061E1));
#3641=CARTESIAN_POINT('',(1.866250775071E1,7.454807476778E0,1.412627736754E1));
#3642=CARTESIAN_POINT('',(1.671073023868E1,8.501172056275E0,1.698494698596E1));
#3643=CARTESIAN_POINT('',(1.692778326695E1,8.509215009924E0,1.700250077383E1));
#3644=CARTESIAN_POINT('',(1.731644387386E1,8.519209921995E0,1.696965509177E1));
#3645=CARTESIAN_POINT('',(1.783428987331E1,8.521606382075E0,1.676656622188E1));
#3646=CARTESIAN_POINT('',(1.824411954500E1,8.514214978558E0,1.647033675257E1));
#3647=CARTESIAN_POINT('',(1.856740998268E1,8.497709054835E0,1.608094971248E1));
#3648=CARTESIAN_POINT('',(1.878385662197E1,8.473119348744E0,1.562283536069E1));
#3649=CARTESIAN_POINT('',(1.892208578220E1,8.428486821117E0,1.490856564625E1));
#3650=CARTESIAN_POINT('',(1.879659360177E1,8.385825554790E0,1.434465166536E1));
#3651=CARTESIAN_POINT('',(1.860721556896E1,8.356657542965E0,1.400710089417E1));
#3652=CARTESIAN_POINT('',(1.672110082681E1,8.739122534837E0,1.699658986705E1));
#3653=CARTESIAN_POINT('',(1.693761002394E1,8.733805707336E0,1.701284196107E1));
#3654=CARTESIAN_POINT('',(1.732528459014E1,8.727192580675E0,1.697818582563E1));
#3655=CARTESIAN_POINT('',(1.784191946912E1,8.725585875879E0,1.677396763616E1));
#3656=CARTESIAN_POINT('',(1.825095442352E1,8.730441455411E0,1.647790841939E1));
#3657=CARTESIAN_POINT('',(1.857387252320E1,8.741313393634E0,1.608983208036E1));
#3658=CARTESIAN_POINT('',(1.879044451493E1,8.757521789182E0,1.563402233226E1));
#3659=CARTESIAN_POINT('',(1.892960113571E1,8.786951157171E0,1.492416406837E1));
#3660=CARTESIAN_POINT('',(1.880573525185E1,8.815087835389E0,1.436453712317E1));
#3661=CARTESIAN_POINT('',(1.861773473381E1,8.834324866234E0,1.402977408909E1));
#3662=B_SPLINE_SURFACE_WITH_KNOTS('',3,3,((#3552,#3553,#3554,#3555,#3556,#3557,
#3558,#3559,#3560,#3561),(#3562,#3563,#3564,#3565,#3566,#3567,#3568,#3569,#3570,
#3571),(#3572,#3573,#3574,#3575,#3576,#3577,#3578,#3579,#3580,#3581),(#3582,
#3583,#3584,#3585,#3586,#3587,#3588,#3589,#3590,#3591),(#3592,#3593,#3594,#3595,
#3596,#3597,#3598,#3599,#3600,#3601),(#3602,#3603,#3604,#3605,#3606,#3607,#3608,
#3609,#3610,#3611),(#3612,#3613,#3614,#3615,#3616,#3617,#3618,#3619,#3620,
#3621),(#3622,#3623,#3624,#3625,#3626,#3627,#3628,#3629,#3630,#3631),(#3632,
#3633,#3634,#3635,#3636,#3637,#3638,#3639,#3640,#3641),(#3642,#3643,#3644,#3645,
#3646,#3647,#3648,#3649,#3650,#3651),(#3652,#3653,#3654,#3655,#3656,#3657,#3658,
#3659,#3660,#3661)),.UNSPECIFIED.,.F.,.F.,.F.,(4,1,1,1,1,1,1,1,4),(4,1,1,1,1,1,
1,4),(8.971340967418E0,1.083786283241E1,1.251225089430E1,1.397386907210E1,
1.543548724990E1,1.677298003647E1,1.811047282305E1,1.944796560963E1,
2.098931868473E1),(-7.509313683677E-2,2.5E-1,5.E-1,7.5E-1,1.E0,1.25E0,1.5E0,
2.075125984122E0),.UNSPECIFIED.);
#3664=ORIENTED_EDGE('',*,*,#3663,.T.);
#3665=ORIENTED_EDGE('',*,*,#3523,.F.);
#3666=ORIENTED_EDGE('',*,*,#3547,.T.);
#3668=ORIENTED_EDGE('',*,*,#3667,.F.);
#3669=EDGE_LOOP('',(#3664,#3665,#3666,#3668));
#3670=FACE_OUTER_BOUND('',#3669,.F.);
#3672=CARTESIAN_POINT('',(0.E0,0.E0,1.7E1));
#3673=DIRECTION('',(0.E0,0.E0,1.E0));
#3674=DIRECTION('',(-1.E0,0.E0,0.E0));
#3675=AXIS2_PLACEMENT_3D('',#3672,#3673,#3674);
#3676=PLANE('',#3675);
#3678=ORIENTED_EDGE('',*,*,#3677,.T.);
#3680=ORIENTED_EDGE('',*,*,#3679,.T.);
#3682=ORIENTED_EDGE('',*,*,#3681,.T.);
#3683=EDGE_LOOP('',(#3678,#3680,#3682));
#3684=FACE_OUTER_BOUND('',#3683,.F.);
#3685=ORIENTED_EDGE('',*,*,#3663,.F.);
#3687=ORIENTED_EDGE('',*,*,#3686,.F.);
#3689=ORIENTED_EDGE('',*,*,#3688,.F.);
#3691=ORIENTED_EDGE('',*,*,#3690,.F.);
#3692=ORIENTED_EDGE('',*,*,#3193,.T.);
#3694=ORIENTED_EDGE('',*,*,#3693,.T.);
#3696=ORIENTED_EDGE('',*,*,#3695,.T.);
#3698=ORIENTED_EDGE('',*,*,#3697,.F.);
#3700=ORIENTED_EDGE('',*,*,#3699,.T.);
#3702=ORIENTED_EDGE('',*,*,#3701,.F.);
#3704=ORIENTED_EDGE('',*,*,#3703,.F.);
#3706=ORIENTED_EDGE('',*,*,#3705,.F.);
#3708=ORIENTED_EDGE('',*,*,#3707,.F.);
#3710=ORIENTED_EDGE('',*,*,#3709,.T.);
#3711=ORIENTED_EDGE('',*,*,#3381,.T.);
#3713=ORIENTED_EDGE('',*,*,#3712,.F.);
#3715=ORIENTED_EDGE('',*,*,#3714,.T.);
#3717=ORIENTED_EDGE('',*,*,#3716,.F.);
#3719=ORIENTED_EDGE('',*,*,#3718,.T.);
#3720=ORIENTED_EDGE('',*,*,#3525,.F.);
#3721=EDGE_LOOP('',(#3685,#3687,#3689,#3691,#3692,#3694,#3696,#3698,#3700,#3702,
#3704,#3706,#3708,#3710,#3711,#3713,#3715,#3717,#3719,#3720));
#3722=FACE_BOUND('',#3721,.F.);
#3724=ORIENTED_EDGE('',*,*,#3723,.T.);
#3726=ORIENTED_EDGE('',*,*,#3725,.T.);
#3727=EDGE_LOOP('',(#3724,#3726));
#3728=FACE_BOUND('',#3727,.F.);
#3730=ORIENTED_EDGE('',*,*,#3729,.T.);
#3732=ORIENTED_EDGE('',*,*,#3731,.T.);
#3733=EDGE_LOOP('',(#3730,#3732));
#3734=FACE_BOUND('',#3733,.F.);
#3736=ORIENTED_EDGE('',*,*,#3735,.T.);
#3738=ORIENTED_EDGE('',*,*,#3737,.T.);
#3739=EDGE_LOOP('',(#3736,#3738));
#3740=FACE_BOUND('',#3739,.F.);
#3742=ORIENTED_EDGE('',*,*,#3741,.T.);
#3744=ORIENTED_EDGE('',*,*,#3743,.T.);
#3745=EDGE_LOOP('',(#3742,#3744));
#3746=FACE_BOUND('',#3745,.F.);
#3748=CARTESIAN_POINT('',(0.E0,0.E0,1.55E1));
#3749=DIRECTION('',(0.E0,0.E0,1.E0));
#3750=DIRECTION('',(-1.E0,0.E0,0.E0));
#3751=AXIS2_PLACEMENT_3D('',#3748,#3749,#3750);
#3752=TOROIDAL_SURFACE('',#3751,3.25E1,1.5E0);
#3754=ORIENTED_EDGE('',*,*,#3753,.F.);
#3755=ORIENTED_EDGE('',*,*,#3677,.F.);
#3757=ORIENTED_EDGE('',*,*,#3756,.T.);
#3759=ORIENTED_EDGE('',*,*,#3758,.T.);
#3760=EDGE_LOOP('',(#3754,#3755,#3757,#3759));
#3761=FACE_OUTER_BOUND('',#3760,.F.);
#3763=CARTESIAN_POINT('',(0.E0,1.065814103640E-14,1.55E1));
#3764=DIRECTION('',(0.E0,0.E0,1.E0));
#3765=DIRECTION('',(9.705269476831E-1,-2.409926219220E-1,0.E0));
#3766=AXIS2_PLACEMENT_3D('',#3763,#3764,#3765);
#3767=TOROIDAL_SURFACE('',#3766,3.25E1,1.5E0);
#3768=ORIENTED_EDGE('',*,*,#3756,.F.);
#3769=ORIENTED_EDGE('',*,*,#3681,.F.);
#3770=ORIENTED_EDGE('',*,*,#3679,.F.);
#3771=ORIENTED_EDGE('',*,*,#3753,.T.);
#3773=ORIENTED_EDGE('',*,*,#3772,.T.);
#3775=ORIENTED_EDGE('',*,*,#3774,.T.);
#3776=EDGE_LOOP('',(#3768,#3769,#3770,#3771,#3773,#3775));
#3777=FACE_OUTER_BOUND('',#3776,.F.);
#3779=CARTESIAN_POINT('',(0.E0,0.E0,8.5E0));
#3780=DIRECTION('',(0.E0,0.E0,1.E0));
#3781=DIRECTION('',(-1.E0,0.E0,0.E0));
#3782=AXIS2_PLACEMENT_3D('',#3779,#3780,#3781);
#3783=CYLINDRICAL_SURFACE('',#3782,3.4E1);
#3785=ORIENTED_EDGE('',*,*,#3784,.F.);
#3787=ORIENTED_EDGE('',*,*,#3786,.F.);
#3789=ORIENTED_EDGE('',*,*,#3788,.F.);
#3791=ORIENTED_EDGE('',*,*,#3790,.T.);
#3792=ORIENTED_EDGE('',*,*,#3774,.F.);
#3793=ORIENTED_EDGE('',*,*,#3772,.F.);
#3794=EDGE_LOOP('',(#3785,#3787,#3789,#3791,#3792,#3793));
#3795=FACE_OUTER_BOUND('',#3794,.F.);
#3797=CARTESIAN_POINT('',(0.E0,0.E0,8.5E0));
#3798=DIRECTION('',(0.E0,0.E0,1.E0));
#3799=DIRECTION('',(-1.E0,0.E0,0.E0));
#3800=AXIS2_PLACEMENT_3D('',#3797,#3798,#3799);
#3801=CYLINDRICAL_SURFACE('',#3800,3.4E1);
#3802=ORIENTED_EDGE('',*,*,#3790,.F.);
#3804=ORIENTED_EDGE('',*,*,#3803,.F.);
#3805=ORIENTED_EDGE('',*,*,#3784,.T.);
#3806=ORIENTED_EDGE('',*,*,#3758,.F.);
#3807=EDGE_LOOP('',(#3802,#3804,#3805,#3806));
#3808=FACE_OUTER_BOUND('',#3807,.F.);
#3810=CARTESIAN_POINT('',(0.E0,0.E0,1.5E0));
#3811=DIRECTION('',(0.E0,0.E0,1.E0));
#3812=DIRECTION('',(-1.E0,0.E0,0.E0));
#3813=AXIS2_PLACEMENT_3D('',#3810,#3811,#3812);
#3814=TOROIDAL_SURFACE('',#3813,3.25E1,1.5E0);
#3816=ORIENTED_EDGE('',*,*,#3815,.F.);
#3817=ORIENTED_EDGE('',*,*,#3803,.T.);
#3819=ORIENTED_EDGE('',*,*,#3818,.T.);
#3821=ORIENTED_EDGE('',*,*,#3820,.F.);
#3822=EDGE_LOOP('',(#3816,#3817,#3819,#3821));
#3823=FACE_OUTER_BOUND('',#3822,.F.);
#3825=CARTESIAN_POINT('',(0.E0,0.E0,1.5E0));
#3826=DIRECTION('',(0.E0,0.E0,1.E0));
#3827=DIRECTION('',(9.705269476831E-1,-2.409926219220E-1,0.E0));
#3828=AXIS2_PLACEMENT_3D('',#3825,#3826,#3827);
#3829=TOROIDAL_SURFACE('',#3828,3.25E1,1.5E0);
#3830=ORIENTED_EDGE('',*,*,#3818,.F.);
#3831=ORIENTED_EDGE('',*,*,#3788,.T.);
#3832=ORIENTED_EDGE('',*,*,#3786,.T.);
#3833=ORIENTED_EDGE('',*,*,#3815,.T.);
#3835=ORIENTED_EDGE('',*,*,#3834,.F.);
#3837=ORIENTED_EDGE('',*,*,#3836,.F.);
#3838=EDGE_LOOP('',(#3830,#3831,#3832,#3833,#3835,#3837));
#3839=FACE_OUTER_BOUND('',#3838,.F.);
#3841=CARTESIAN_POINT('',(0.E0,0.E0,0.E0));
#3842=DIRECTION('',(0.E0,0.E0,1.E0));
#3843=DIRECTION('',(-1.E0,0.E0,0.E0));
#3844=AXIS2_PLACEMENT_3D('',#3841,#3842,#3843);
#3845=PLANE('',#3844);
#3846=ORIENTED_EDGE('',*,*,#3834,.T.);
#3847=ORIENTED_EDGE('',*,*,#3820,.T.);
#3848=ORIENTED_EDGE('',*,*,#3836,.T.);
#3849=EDGE_LOOP('',(#3846,#3847,#3848));
#3850=FACE_OUTER_BOUND('',#3849,.F.);
#3852=ORIENTED_EDGE('',*,*,#3851,.T.);
#3854=ORIENTED_EDGE('',*,*,#3853,.T.);
#3855=EDGE_LOOP('',(#3852,#3854));
#3856=FACE_BOUND('',#3855,.F.);
#3858=ORIENTED_EDGE('',*,*,#3857,.T.);
#3860=ORIENTED_EDGE('',*,*,#3859,.T.);
#3862=ORIENTED_EDGE('',*,*,#3861,.T.);
#3863=EDGE_LOOP('',(#3858,#3860,#3862));
#3864=FACE_BOUND('',#3863,.F.);
#3866=ORIENTED_EDGE('',*,*,#3865,.T.);
#3868=ORIENTED_EDGE('',*,*,#3867,.T.);
#3869=EDGE_LOOP('',(#3866,#3868));
#3870=FACE_BOUND('',#3869,.F.);
#3872=ORIENTED_EDGE('',*,*,#3871,.T.);
#3874=ORIENTED_EDGE('',*,*,#3873,.T.);
#3876=ORIENTED_EDGE('',*,*,#3875,.T.);
#3877=EDGE_LOOP('',(#3872,#3874,#3876));
#3878=FACE_BOUND('',#3877,.F.);
#3880=CARTESIAN_POINT('',(-1.767766952970E1,-1.767766952970E1,
7.839999999070E0));
#3881=DIRECTION('',(0.E0,0.E0,1.E0));
#3882=DIRECTION('',(-1.E0,0.E0,0.E0));
#3883=AXIS2_PLACEMENT_3D('',#3880,#3881,#3882);
#3884=CYLINDRICAL_SURFACE('',#3883,3.5E0);
#3886=ORIENTED_EDGE('',*,*,#3885,.F.);
#3888=ORIENTED_EDGE('',*,*,#3887,.T.);
#3889=ORIENTED_EDGE('',*,*,#3851,.F.);
#3891=ORIENTED_EDGE('',*,*,#3890,.F.);
#3892=EDGE_LOOP('',(#3886,#3888,#3889,#3891));
#3893=FACE_OUTER_BOUND('',#3892,.F.);
#3895=CARTESIAN_POINT('',(0.E0,0.E0,1.55E1));
#3896=DIRECTION('',(0.E0,0.E0,1.E0));
#3897=DIRECTION('',(-1.E0,0.E0,0.E0));
#3898=AXIS2_PLACEMENT_3D('',#3895,#3896,#3897);
#3899=PLANE('',#3898);
#3901=ORIENTED_EDGE('',*,*,#3900,.T.);
#3903=ORIENTED_EDGE('',*,*,#3902,.T.);
#3904=EDGE_LOOP('',(#3901,#3903));
#3905=FACE_OUTER_BOUND('',#3904,.F.);
#3907=ORIENTED_EDGE('',*,*,#3906,.T.);
#3908=ORIENTED_EDGE('',*,*,#3885,.T.);
#3909=EDGE_LOOP('',(#3907,#3908));
#3910=FACE_BOUND('',#3909,.F.);
#3912=CARTESIAN_POINT('',(-1.767766952970E1,-1.767766952970E1,1.625E1));
#3913=DIRECTION('',(0.E0,0.E0,1.E0));
#3914=DIRECTION('',(-1.E0,0.E0,0.E0));
#3915=AXIS2_PLACEMENT_3D('',#3912,#3913,#3914);
#3916=CYLINDRICAL_SURFACE('',#3915,6.E0);
#3918=ORIENTED_EDGE('',*,*,#3917,.T.);
#3919=ORIENTED_EDGE('',*,*,#3900,.F.);
#3921=ORIENTED_EDGE('',*,*,#3920,.F.);
#3922=ORIENTED_EDGE('',*,*,#3725,.F.);
#3923=EDGE_LOOP('',(#3918,#3919,#3921,#3922));
#3924=FACE_OUTER_BOUND('',#3923,.F.);
#3926=CARTESIAN_POINT('',(-1.767766952970E1,-1.767766952970E1,1.625E1));
#3927=DIRECTION('',(0.E0,0.E0,1.E0));
#3928=DIRECTION('',(-1.E0,0.E0,0.E0));
#3929=AXIS2_PLACEMENT_3D('',#3926,#3927,#3928);
#3930=CYLINDRICAL_SURFACE('',#3929,6.E0);
#3931=ORIENTED_EDGE('',*,*,#3920,.T.);
#3932=ORIENTED_EDGE('',*,*,#3902,.F.);
#3933=ORIENTED_EDGE('',*,*,#3917,.F.);
#3934=ORIENTED_EDGE('',*,*,#3723,.F.);
#3935=EDGE_LOOP('',(#3931,#3932,#3933,#3934));
#3936=FACE_OUTER_BOUND('',#3935,.F.);
#3938=CARTESIAN_POINT('',(-1.767766952970E1,-1.767766952970E1,
7.839999999070E0));
#3939=DIRECTION('',(0.E0,0.E0,1.E0));
#3940=DIRECTION('',(-1.E0,0.E0,0.E0));
#3941=AXIS2_PLACEMENT_3D('',#3938,#3939,#3940);
#3942=CYLINDRICAL_SURFACE('',#3941,3.5E0);
#3943=ORIENTED_EDGE('',*,*,#3906,.F.);
#3944=ORIENTED_EDGE('',*,*,#3890,.T.);
#3945=ORIENTED_EDGE('',*,*,#3853,.F.);
#3946=ORIENTED_EDGE('',*,*,#3887,.F.);
#3947=EDGE_LOOP('',(#3943,#3944,#3945,#3946));
#3948=FACE_OUTER_BOUND('',#3947,.F.);
#3950=CARTESIAN_POINT('',(1.767766952970E1,-1.767766952970E1,7.839999999070E0));
#3951=DIRECTION('',(0.E0,0.E0,1.E0));
#3952=DIRECTION('',(0.E0,-1.E0,0.E0));
#3953=AXIS2_PLACEMENT_3D('',#3950,#3951,#3952);
#3954=CYLINDRICAL_SURFACE('',#3953,3.5E0);
#3956=ORIENTED_EDGE('',*,*,#3955,.F.);
#3958=ORIENTED_EDGE('',*,*,#3957,.T.);
#3959=ORIENTED_EDGE('',*,*,#3857,.F.);
#3960=ORIENTED_EDGE('',*,*,#3861,.F.);
#3962=ORIENTED_EDGE('',*,*,#3961,.F.);
#3963=EDGE_LOOP('',(#3956,#3958,#3959,#3960,#3962));
#3964=FACE_OUTER_BOUND('',#3963,.F.);
#3966=CARTESIAN_POINT('',(0.E0,0.E0,1.55E1));
#3967=DIRECTION('',(0.E0,0.E0,1.E0));
#3968=DIRECTION('',(-1.E0,0.E0,0.E0));
#3969=AXIS2_PLACEMENT_3D('',#3966,#3967,#3968);
#3970=PLANE('',#3969);
#3972=ORIENTED_EDGE('',*,*,#3971,.T.);
#3974=ORIENTED_EDGE('',*,*,#3973,.T.);
#3976=ORIENTED_EDGE('',*,*,#3975,.T.);
#3977=EDGE_LOOP('',(#3972,#3974,#3976));
#3978=FACE_OUTER_BOUND('',#3977,.F.);
#3980=ORIENTED_EDGE('',*,*,#3979,.T.);
#3981=ORIENTED_EDGE('',*,*,#3955,.T.);
#3982=EDGE_LOOP('',(#3980,#3981));
#3983=FACE_BOUND('',#3982,.F.);
#3985=CARTESIAN_POINT('',(1.767766952970E1,-1.767766952970E1,1.625E1));
#3986=DIRECTION('',(0.E0,0.E0,1.E0));
#3987=DIRECTION('',(0.E0,-1.E0,0.E0));
#3988=AXIS2_PLACEMENT_3D('',#3985,#3986,#3987);
#3989=CYLINDRICAL_SURFACE('',#3988,6.E0);
#3991=ORIENTED_EDGE('',*,*,#3990,.T.);
#3992=ORIENTED_EDGE('',*,*,#3971,.F.);
#3993=ORIENTED_EDGE('',*,*,#3975,.F.);
#3995=ORIENTED_EDGE('',*,*,#3994,.F.);
#3996=ORIENTED_EDGE('',*,*,#3737,.F.);
#3997=EDGE_LOOP('',(#3991,#3992,#3993,#3995,#3996));
#3998=FACE_OUTER_BOUND('',#3997,.F.);
#4000=CARTESIAN_POINT('',(1.767766952970E1,-1.767766952970E1,1.625E1));
#4001=DIRECTION('',(0.E0,0.E0,1.E0));
#4002=DIRECTION('',(0.E0,-1.E0,0.E0));
#4003=AXIS2_PLACEMENT_3D('',#4000,#4001,#4002);
#4004=CYLINDRICAL_SURFACE('',#4003,6.E0);
#4005=ORIENTED_EDGE('',*,*,#3994,.T.);
#4006=ORIENTED_EDGE('',*,*,#3973,.F.);
#4007=ORIENTED_EDGE('',*,*,#3990,.F.);
#4008=ORIENTED_EDGE('',*,*,#3735,.F.);
#4009=EDGE_LOOP('',(#4005,#4006,#4007,#4008));
#4010=FACE_OUTER_BOUND('',#4009,.F.);
#4012=CARTESIAN_POINT('',(1.767766952970E1,-1.767766952970E1,7.839999999070E0));
#4013=DIRECTION('',(0.E0,0.E0,1.E0));
#4014=DIRECTION('',(0.E0,-1.E0,0.E0));
#4015=AXIS2_PLACEMENT_3D('',#4012,#4013,#4014);
#4016=CYLINDRICAL_SURFACE('',#4015,3.5E0);
#4017=ORIENTED_EDGE('',*,*,#3979,.F.);
#4018=ORIENTED_EDGE('',*,*,#3961,.T.);
#4019=ORIENTED_EDGE('',*,*,#3859,.F.);
#4020=ORIENTED_EDGE('',*,*,#3957,.F.);
#4021=EDGE_LOOP('',(#4017,#4018,#4019,#4020));
#4022=FACE_OUTER_BOUND('',#4021,.F.);
#4024=CARTESIAN_POINT('',(1.767766952970E1,1.767766952970E1,7.839999999070E0));
#4025=DIRECTION('',(0.E0,0.E0,1.E0));
#4026=DIRECTION('',(1.E0,0.E0,0.E0));
#4027=AXIS2_PLACEMENT_3D('',#4024,#4025,#4026);
#4028=CYLINDRICAL_SURFACE('',#4027,3.5E0);
#4030=ORIENTED_EDGE('',*,*,#4029,.F.);
#4032=ORIENTED_EDGE('',*,*,#4031,.T.);
#4033=ORIENTED_EDGE('',*,*,#3865,.F.);
#4035=ORIENTED_EDGE('',*,*,#4034,.F.);
#4036=EDGE_LOOP('',(#4030,#4032,#4033,#4035));
#4037=FACE_OUTER_BOUND('',#4036,.F.);
#4039=CARTESIAN_POINT('',(0.E0,0.E0,1.55E1));
#4040=DIRECTION('',(0.E0,0.E0,1.E0));
#4041=DIRECTION('',(-1.E0,0.E0,0.E0));
#4042=AXIS2_PLACEMENT_3D('',#4039,#4040,#4041);
#4043=PLANE('',#4042);
#4045=ORIENTED_EDGE('',*,*,#4044,.T.);
#4047=ORIENTED_EDGE('',*,*,#4046,.T.);
#4048=EDGE_LOOP('',(#4045,#4047));
#4049=FACE_OUTER_BOUND('',#4048,.F.);
#4051=ORIENTED_EDGE('',*,*,#4050,.T.);
#4052=ORIENTED_EDGE('',*,*,#4029,.T.);
#4053=EDGE_LOOP('',(#4051,#4052));
#4054=FACE_BOUND('',#4053,.F.);
#4056=CARTESIAN_POINT('',(1.767766952970E1,1.767766952970E1,1.625E1));
#4057=DIRECTION('',(0.E0,0.E0,1.E0));
#4058=DIRECTION('',(1.E0,0.E0,0.E0));
#4059=AXIS2_PLACEMENT_3D('',#4056,#4057,#4058);
#4060=CYLINDRICAL_SURFACE('',#4059,6.E0);
#4062=ORIENTED_EDGE('',*,*,#4061,.T.);
#4063=ORIENTED_EDGE('',*,*,#4044,.F.);
#4065=ORIENTED_EDGE('',*,*,#4064,.F.);
#4066=ORIENTED_EDGE('',*,*,#3729,.F.);
#4067=EDGE_LOOP('',(#4062,#4063,#4065,#4066));
#4068=FACE_OUTER_BOUND('',#4067,.F.);
#4070=CARTESIAN_POINT('',(1.767766952970E1,1.767766952970E1,1.625E1));
#4071=DIRECTION('',(0.E0,0.E0,1.E0));
#4072=DIRECTION('',(1.E0,0.E0,0.E0));
#4073=AXIS2_PLACEMENT_3D('',#4070,#4071,#4072);
#4074=CYLINDRICAL_SURFACE('',#4073,6.E0);
#4075=ORIENTED_EDGE('',*,*,#4064,.T.);
#4076=ORIENTED_EDGE('',*,*,#4046,.F.);
#4077=ORIENTED_EDGE('',*,*,#4061,.F.);
#4078=ORIENTED_EDGE('',*,*,#3731,.F.);
#4079=EDGE_LOOP('',(#4075,#4076,#4077,#4078));
#4080=FACE_OUTER_BOUND('',#4079,.F.);
#4082=CARTESIAN_POINT('',(1.767766952970E1,1.767766952970E1,7.839999999070E0));
#4083=DIRECTION('',(0.E0,0.E0,1.E0));
#4084=DIRECTION('',(1.E0,0.E0,0.E0));
#4085=AXIS2_PLACEMENT_3D('',#4082,#4083,#4084);
#4086=CYLINDRICAL_SURFACE('',#4085,3.5E0);
#4087=ORIENTED_EDGE('',*,*,#4050,.F.);
#4088=ORIENTED_EDGE('',*,*,#4034,.T.);
#4089=ORIENTED_EDGE('',*,*,#3867,.F.);
#4090=ORIENTED_EDGE('',*,*,#4031,.F.);
#4091=EDGE_LOOP('',(#4087,#4088,#4089,#4090));
#4092=FACE_OUTER_BOUND('',#4091,.F.);
#4094=CARTESIAN_POINT('',(-1.767766952970E1,1.767766952970E1,7.839999999070E0));
#4095=DIRECTION('',(0.E0,0.E0,1.E0));
#4096=DIRECTION('',(0.E0,1.E0,0.E0));
#4097=AXIS2_PLACEMENT_3D('',#4094,#4095,#4096);
#4098=CYLINDRICAL_SURFACE('',#4097,3.5E0);
#4100=ORIENTED_EDGE('',*,*,#4099,.F.);
#4102=ORIENTED_EDGE('',*,*,#4101,.T.);
#4103=ORIENTED_EDGE('',*,*,#3871,.F.);
#4105=ORIENTED_EDGE('',*,*,#4104,.F.);
#4106=EDGE_LOOP('',(#4100,#4102,#4103,#4105));
#4107=FACE_OUTER_BOUND('',#4106,.F.);
#4109=CARTESIAN_POINT('',(0.E0,0.E0,1.55E1));
#4110=DIRECTION('',(0.E0,0.E0,1.E0));
#4111=DIRECTION('',(-1.E0,0.E0,0.E0));
#4112=AXIS2_PLACEMENT_3D('',#4109,#4110,#4111);
#4113=PLANE('',#4112);
#4115=ORIENTED_EDGE('',*,*,#4114,.T.);
#4117=ORIENTED_EDGE('',*,*,#4116,.T.);
#4119=ORIENTED_EDGE('',*,*,#4118,.T.);
#4120=EDGE_LOOP('',(#4115,#4117,#4119));
#4121=FACE_OUTER_BOUND('',#4120,.F.);
#4123=ORIENTED_EDGE('',*,*,#4122,.T.);
#4124=ORIENTED_EDGE('',*,*,#4099,.T.);
#4125=EDGE_LOOP('',(#4123,#4124));
#4126=FACE_BOUND('',#4125,.F.);
#4128=CARTESIAN_POINT('',(-1.767766952970E1,1.767766952970E1,1.625E1));
#4129=DIRECTION('',(0.E0,0.E0,1.E0));
#4130=DIRECTION('',(0.E0,1.E0,0.E0));
#4131=AXIS2_PLACEMENT_3D('',#4128,#4129,#4130);
#4132=CYLINDRICAL_SURFACE('',#4131,6.E0);
#4134=ORIENTED_EDGE('',*,*,#4133,.T.);
#4135=ORIENTED_EDGE('',*,*,#4114,.F.);
#4137=ORIENTED_EDGE('',*,*,#4136,.F.);
#4138=ORIENTED_EDGE('',*,*,#3741,.F.);
#4139=EDGE_LOOP('',(#4134,#4135,#4137,#4138));
#4140=FACE_OUTER_BOUND('',#4139,.F.);
#4142=CARTESIAN_POINT('',(-1.767766952970E1,1.767766952970E1,1.625E1));
#4143=DIRECTION('',(0.E0,0.E0,1.E0));
#4144=DIRECTION('',(0.E0,1.E0,0.E0));
#4145=AXIS2_PLACEMENT_3D('',#4142,#4143,#4144);
#4146=CYLINDRICAL_SURFACE('',#4145,6.E0);
#4147=ORIENTED_EDGE('',*,*,#4136,.T.);
#4148=ORIENTED_EDGE('',*,*,#4118,.F.);
#4149=ORIENTED_EDGE('',*,*,#4116,.F.);
#4150=ORIENTED_EDGE('',*,*,#4133,.F.);
#4151=ORIENTED_EDGE('',*,*,#3743,.F.);
#4152=EDGE_LOOP('',(#4147,#4148,#4149,#4150,#4151));
#4153=FACE_OUTER_BOUND('',#4152,.F.);
#4155=CARTESIAN_POINT('',(-1.767766952970E1,1.767766952970E1,7.839999999070E0));
#4156=DIRECTION('',(0.E0,0.E0,1.E0));
#4157=DIRECTION('',(0.E0,1.E0,0.E0));
#4158=AXIS2_PLACEMENT_3D('',#4155,#4156,#4157);
#4159=CYLINDRICAL_SURFACE('',#4158,3.5E0);
#4160=ORIENTED_EDGE('',*,*,#4122,.F.);
#4161=ORIENTED_EDGE('',*,*,#4104,.T.);
#4162=ORIENTED_EDGE('',*,*,#3875,.F.);
#4163=ORIENTED_EDGE('',*,*,#3873,.F.);
#4164=ORIENTED_EDGE('',*,*,#4101,.F.);
#4165=EDGE_LOOP('',(#4160,#4161,#4162,#4163,#4164));
#4166=FACE_OUTER_BOUND('',#4165,.F.);
#4168=CARTESIAN_POINT('',(0.E0,8.644611732990E0,1.9E1));
#4169=DIRECTION('',(1.E0,0.E0,0.E0));
#4170=DIRECTION('',(0.E0,-6.988852839928E-1,7.152337798358E-1));
#4171=AXIS2_PLACEMENT_3D('',#4168,#4169,#4170);
#4172=CYLINDRICAL_SURFACE('',#4171,2.E0);
#4173=ORIENTED_EDGE('',*,*,#3109,.F.);
#4175=ORIENTED_EDGE('',*,*,#4174,.T.);
#4176=ORIENTED_EDGE('',*,*,#3686,.T.);
#4177=ORIENTED_EDGE('',*,*,#3667,.T.);
#4178=ORIENTED_EDGE('',*,*,#3090,.T.);
#4179=EDGE_LOOP('',(#4173,#4175,#4176,#4177,#4178));
#4180=FACE_OUTER_BOUND('',#4179,.F.);
#4182=CARTESIAN_POINT('',(1.085482371750E1,1.85E1,3.142640669160E1));
#4183=DIRECTION('',(-9.918321924023E-1,0.E0,1.275496064850E-1));
#4184=DIRECTION('',(-1.275496064850E-1,0.E0,-9.918321924023E-1));
#4185=AXIS2_PLACEMENT_3D('',#4182,#4183,#4184);
#4186=PLANE('',#4185);
#4187=ORIENTED_EDGE('',*,*,#3107,.T.);
#4188=ORIENTED_EDGE('',*,*,#3195,.F.);
#4189=ORIENTED_EDGE('',*,*,#3690,.T.);
#4190=ORIENTED_EDGE('',*,*,#3688,.T.);
#4191=ORIENTED_EDGE('',*,*,#4174,.F.);
#4192=EDGE_LOOP('',(#4187,#4188,#4189,#4190,#4191));
#4193=FACE_OUTER_BOUND('',#4192,.F.);
#4195=CARTESIAN_POINT('',(-1.8E1,1.85E1,8.7E1));
#4196=DIRECTION('',(-9.918357753074E-1,0.E0,-1.275217425400E-1));
#4197=DIRECTION('',(1.275217425400E-1,0.E0,-9.918357753074E-1));
#4198=AXIS2_PLACEMENT_3D('',#4195,#4196,#4197);
#4199=PLANE('',#4198);
#4200=ORIENTED_EDGE('',*,*,#3191,.F.);
#4202=ORIENTED_EDGE('',*,*,#4201,.T.);
#4204=ORIENTED_EDGE('',*,*,#4203,.F.);
#4205=ORIENTED_EDGE('',*,*,#3695,.F.);
#4206=ORIENTED_EDGE('',*,*,#3693,.F.);
#4207=EDGE_LOOP('',(#4200,#4202,#4204,#4205,#4206));
#4208=FACE_OUTER_BOUND('',#4207,.F.);
#4210=CARTESIAN_POINT('',(-1.179917994430E1,1.282803411980E1,2.308779957730E1));
#4211=DIRECTION('',(-8.949610002973E-2,7.123636701612E-1,6.960807780092E-1));
#4212=DIRECTION('',(-1.764444071978E-14,-6.988852839927E-1,7.152337798360E-1));
#4213=AXIS2_PLACEMENT_3D('',#4210,#4211,#4212);
#4214=CYLINDRICAL_SURFACE('',#4213,2.E0);
#4215=ORIENTED_EDGE('',*,*,#4201,.F.);
#4216=ORIENTED_EDGE('',*,*,#3189,.T.);
#4218=ORIENTED_EDGE('',*,*,#4217,.F.);
#4220=ORIENTED_EDGE('',*,*,#4219,.F.);
#4222=ORIENTED_EDGE('',*,*,#4221,.T.);
#4223=EDGE_LOOP('',(#4215,#4216,#4218,#4220,#4222));
#4224=FACE_OUTER_BOUND('',#4223,.F.);
#4226=CARTESIAN_POINT('',(-1.135010972154E1,1.938166829143E1,3.261377132598E1));
#4227=CARTESIAN_POINT('',(-1.145395231614E1,1.922446192141E1,3.259317390289E1));
#4228=CARTESIAN_POINT('',(-1.168415052784E1,1.896578030157E1,3.255165357971E1));
#4229=CARTESIAN_POINT('',(-1.210156129661E1,1.869041463979E1,3.248529480476E1));
#4230=CARTESIAN_POINT('',(-1.257153950346E1,1.852015127199E1,3.241702258469E1));
#4231=CARTESIAN_POINT('',(-1.291607000630E1,1.849025685559E1,3.237134948555E1));
#4232=CARTESIAN_POINT('',(-1.310387644942E1,1.850105617431E1,3.234770174752E1));
#4233=CARTESIAN_POINT('',(-1.131540819397E1,1.939910743194E1,3.237798605376E1));
#4234=CARTESIAN_POINT('',(-1.141957888986E1,1.924194277057E1,3.237020658119E1));
#4235=CARTESIAN_POINT('',(-1.164964824610E1,1.898290831897E1,3.234984380888E1));
#4236=CARTESIAN_POINT('',(-1.206530536112E1,1.870559466835E1,3.230613940473E1));
#4237=CARTESIAN_POINT('',(-1.253251062445E1,1.853199906219E1,3.225198951737E1));
#4238=CARTESIAN_POINT('',(-1.287472177098E1,1.849879447501E1,3.220890041276E1));
#4239=CARTESIAN_POINT('',(-1.306128121313E1,1.850753057113E1,3.218443035468E1));
#4240=CARTESIAN_POINT('',(-1.125187956614E1,1.937799907288E1,3.194546321466E1));
#4241=CARTESIAN_POINT('',(-1.135662923272E1,1.922376929659E1,3.196074516768E1));
#4242=CARTESIAN_POINT('',(-1.158646147805E1,1.896881182388E1,3.197863974653E1));
#4243=CARTESIAN_POINT('',(-1.199899625753E1,1.869302267145E1,3.197661483414E1));
#4244=CARTESIAN_POINT('',(-1.246127415014E1,1.851654986992E1,3.194941381718E1));
#4245=CARTESIAN_POINT('',(-1.279936703910E1,1.847793701069E1,3.191248931645E1));
#4246=CARTESIAN_POINT('',(-1.298371215457E1,1.848275763758E1,3.188748174233E1));
#4247=CARTESIAN_POINT('',(-1.116311496147E1,1.920875918591E1,3.133915660283E1));
#4248=CARTESIAN_POINT('',(-1.126862553084E1,1.906578750324E1,3.138575139778E1));
#4249=CARTESIAN_POINT('',(-1.149812430343E1,1.882850973203E1,3.145602399245E1));
#4250=CARTESIAN_POINT('',(-1.190649307670E1,1.856835963718E1,3.151268013148E1));
#4251=CARTESIAN_POINT('',(-1.236221831720E1,1.839722080330E1,3.152558384827E1));
#4252=CARTESIAN_POINT('',(-1.269484146775E1,1.835395669278E1,3.150051185678E1));
#4253=CARTESIAN_POINT('',(-1.287624525695E1,1.835375763443E1,3.147695258684E1));
#4254=CARTESIAN_POINT('',(-1.108083875611E1,1.891992902051E1,3.077571139076E1));
#4255=CARTESIAN_POINT('',(-1.118701971252E1,1.879395306059E1,3.085066230918E1));
#4256=CARTESIAN_POINT('',(-1.141620810480E1,1.858413141886E1,3.096869000268E1));
#4257=CARTESIAN_POINT('',(-1.182085899437E1,1.835127529764E1,3.108005438469E1));
#4258=CARTESIAN_POINT('',(-1.227075265008E1,1.819436238630E1,3.113192505295E1));
#4259=CARTESIAN_POINT('',(-1.259851313335E1,1.815016334639E1,3.112022678740E1));
#4260=CARTESIAN_POINT('',(-1.277730179973E1,1.814617754143E1,3.109963867581E1));
#4261=CARTESIAN_POINT('',(-1.103167076475E1,1.863582734068E1,3.043815257433E1));
#4262=CARTESIAN_POINT('',(-1.113823247813E1,1.852546664961E1,3.052966449895E1));
#4263=CARTESIAN_POINT('',(-1.136723482873E1,1.834129764779E1,3.067577105344E1));
#4264=CARTESIAN_POINT('',(-1.176974613881E1,1.813557771302E1,3.082000527198E1));
#4265=CARTESIAN_POINT('',(-1.221629322853E1,1.799519607763E1,3.089619173905E1));
#4266=CARTESIAN_POINT('',(-1.254126618096E1,1.795356471289E1,3.089386551117E1));
#4267=CARTESIAN_POINT('',(-1.271855558098E1,1.794824183540E1,3.087599872153E1));
#4268=CARTESIAN_POINT('',(-1.100777070706E1,1.845755259746E1,3.027391818667E1));
#4269=CARTESIAN_POINT('',(-1.111451404890E1,1.835674761007E1,3.037341245285E1));
#4270=CARTESIAN_POINT('',(-1.134342590620E1,1.818837611837E1,3.053308639301E1));
#4271=CARTESIAN_POINT('',(-1.174491158490E1,1.799974450665E1,3.069332812221E1));
#4272=CARTESIAN_POINT('',(-1.218985612230E1,1.787029331815E1,3.078151496903E1));
#4273=CARTESIAN_POINT('',(-1.251349475522E1,1.783104390810E1,3.078398883844E1));
#4274=CARTESIAN_POINT('',(-1.269006646946E1,1.782541203036E1,3.076761335413E1));
#4275=B_SPLINE_SURFACE_WITH_KNOTS('',3,3,((#4226,#4227,#4228,#4229,#4230,#4231,
#4232),(#4233,#4234,#4235,#4236,#4237,#4238,#4239),(#4240,#4241,#4242,#4243,
#4244,#4245,#4246),(#4247,#4248,#4249,#4250,#4251,#4252,#4253),(#4254,#4255,
#4256,#4257,#4258,#4259,#4260),(#4261,#4262,#4263,#4264,#4265,#4266,#4267),(
#4268,#4269,#4270,#4271,#4272,#4273,#4274)),.UNSPECIFIED.,.F.,.F.,.F.,(4,1,1,1,
4),(4,1,1,1,4),(3.310163569582E0,4.419411750215E0,5.319974720020E0,
6.220537689825E0,7.329770786316E0),(7.503441022260E-1,1.110954810180E0,
1.407303206787E0,1.703651603393E0,2.064390467575E0),.UNSPECIFIED.);
#4276=ORIENTED_EDGE('',*,*,#4217,.T.);
#4277=ORIENTED_EDGE('',*,*,#3187,.T.);
#4279=ORIENTED_EDGE('',*,*,#4278,.F.);
#4280=EDGE_LOOP('',(#4276,#4277,#4279));
#4281=FACE_OUTER_BOUND('',#4280,.F.);
#4283=CARTESIAN_POINT('',(2.5E0,1.65E1,3.226841031200E1));
#4284=DIRECTION('',(1.E0,0.E0,0.E0));
#4285=DIRECTION('',(0.E0,6.988852839928E-1,-7.152337798358E-1));
#4286=AXIS2_PLACEMENT_3D('',#4283,#4284,#4285);
#4287=CYLINDRICAL_SURFACE('',#4286,2.E0);
#4289=ORIENTED_EDGE('',*,*,#4288,.T.);
#4290=ORIENTED_EDGE('',*,*,#4278,.T.);
#4291=ORIENTED_EDGE('',*,*,#3185,.T.);
#4293=ORIENTED_EDGE('',*,*,#4292,.F.);
#4294=EDGE_LOOP('',(#4289,#4290,#4291,#4293));
#4295=FACE_OUTER_BOUND('',#4294,.F.);
#4297=CARTESIAN_POINT('',(-1.8E1,1.85E1,3.142640669160E1));
#4298=DIRECTION('',(0.E0,-6.988852839928E-1,7.152337798358E-1));
#4299=DIRECTION('',(0.E0,-7.152337798358E-1,-6.988852839928E-1));
#4300=AXIS2_PLACEMENT_3D('',#4297,#4298,#4299);
#4301=PLANE('',#4300);
#4302=ORIENTED_EDGE('',*,*,#4219,.T.);
#4303=ORIENTED_EDGE('',*,*,#4288,.F.);
#4305=ORIENTED_EDGE('',*,*,#4304,.T.);
#4307=ORIENTED_EDGE('',*,*,#4306,.F.);
#4308=EDGE_LOOP('',(#4302,#4303,#4305,#4307));
#4309=FACE_OUTER_BOUND('',#4308,.F.);
#4311=CARTESIAN_POINT('',(-2.196053230880E1,1.007568392080E1,2.599093839440E1));
#4312=DIRECTION('',(3.079924503329E-1,-6.804654081837E-1,-6.649116323267E-1));
#4313=DIRECTION('',(-9.073820883063E-1,-2.262120089637E-13,-4.203067282603E-1));
#4314=AXIS2_PLACEMENT_3D('',#4311,#4312,#4313);
#4315=CYLINDRICAL_SURFACE('',#4314,2.E0);
#4317=ORIENTED_EDGE('',*,*,#4316,.F.);
#4319=ORIENTED_EDGE('',*,*,#4318,.F.);
#4321=ORIENTED_EDGE('',*,*,#4320,.F.);
#4323=ORIENTED_EDGE('',*,*,#4322,.F.);
#4324=ORIENTED_EDGE('',*,*,#4304,.F.);
#4325=EDGE_LOOP('',(#4317,#4319,#4321,#4323,#4324));
#4326=FACE_OUTER_BOUND('',#4325,.F.);
#4328=CARTESIAN_POINT('',(-2.486830811510E1,1.65E1,3.226841031200E1));
#4329=DIRECTION('',(0.E0,6.988852839928E-1,-7.152337798358E-1));
#4330=DIRECTION('',(-8.817650020437E-1,-3.373678824569E-1,-3.296564773479E-1));
#4331=AXIS2_PLACEMENT_3D('',#4328,#4329,#4330);
#4332=SPHERICAL_SURFACE('',#4331,2.E0);
#4333=ORIENTED_EDGE('',*,*,#4292,.T.);
#4335=ORIENTED_EDGE('',*,*,#4334,.T.);
#4336=ORIENTED_EDGE('',*,*,#4316,.T.);
#4337=EDGE_LOOP('',(#4333,#4335,#4336));
#4338=FACE_OUTER_BOUND('',#4337,.F.);
#4340=CARTESIAN_POINT('',(-2.240896020100E1,1.65E1,2.695903005220E1));
#4341=DIRECTION('',(-4.203067282602E-1,0.E0,9.073820883064E-1));
#4342=DIRECTION('',(0.E0,1.E0,0.E0));
#4343=AXIS2_PLACEMENT_3D('',#4340,#4341,#4342);
#4344=CYLINDRICAL_SURFACE('',#4343,2.E0);
#4346=ORIENTED_EDGE('',*,*,#4345,.T.);
#4347=ORIENTED_EDGE('',*,*,#4334,.F.);
#4348=ORIENTED_EDGE('',*,*,#3183,.F.);
#4350=ORIENTED_EDGE('',*,*,#4349,.F.);
#4351=EDGE_LOOP('',(#4346,#4347,#4348,#4350));
#4352=FACE_OUTER_BOUND('',#4351,.F.);
#4354=CARTESIAN_POINT('',(-3.638060760500E1,1.85E1,5.236338806150E1));
#4355=DIRECTION('',(-9.073820883064E-1,0.E0,-4.203067282602E-1));
#4356=DIRECTION('',(4.203067282602E-1,0.E0,-9.073820883064E-1));
#4357=AXIS2_PLACEMENT_3D('',#4354,#4355,#4356);
#4358=PLANE('',#4357);
#4360=ORIENTED_EDGE('',*,*,#4359,.F.);
#4362=ORIENTED_EDGE('',*,*,#4361,.T.);
#4364=ORIENTED_EDGE('',*,*,#4363,.T.);
#4365=ORIENTED_EDGE('',*,*,#3701,.T.);
#4367=ORIENTED_EDGE('',*,*,#4366,.T.);
#4368=ORIENTED_EDGE('',*,*,#4318,.T.);
#4369=ORIENTED_EDGE('',*,*,#4345,.F.);
#4371=ORIENTED_EDGE('',*,*,#4370,.T.);
#4373=ORIENTED_EDGE('',*,*,#4372,.F.);
#4375=ORIENTED_EDGE('',*,*,#4374,.T.);
#4376=EDGE_LOOP('',(#4360,#4362,#4364,#4365,#4367,#4368,#4369,#4371,#4373,
#4375));
#4377=FACE_OUTER_BOUND('',#4376,.F.);
#4379=CARTESIAN_POINT('',(-2.240896020100E1,-1.65E1,2.695903005220E1));
#4380=DIRECTION('',(4.203067282602E-1,0.E0,-9.073820883064E-1));
#4381=DIRECTION('',(0.E0,-1.E0,0.E0));
#4382=AXIS2_PLACEMENT_3D('',#4379,#4380,#4381);
#4383=CYLINDRICAL_SURFACE('',#4382,2.E0);
#4384=ORIENTED_EDGE('',*,*,#3391,.F.);
#4386=ORIENTED_EDGE('',*,*,#4385,.F.);
#4387=ORIENTED_EDGE('',*,*,#4359,.T.);
#4389=ORIENTED_EDGE('',*,*,#4388,.F.);
#4390=EDGE_LOOP('',(#4384,#4386,#4387,#4389));
#4391=FACE_OUTER_BOUND('',#4390,.F.);
#4393=CARTESIAN_POINT('',(-2.487296922620E1,-1.65E1,3.227847298410E1));
#4394=DIRECTION('',(0.E0,-6.927573591871E-1,-7.211707435081E-1));
#4395=DIRECTION('',(2.910527764250E-1,-6.899490975620E-1,6.627658139258E-1));
#4396=AXIS2_PLACEMENT_3D('',#4393,#4394,#4395);
#4397=SPHERICAL_SURFACE('',#4396,2.E0);
#4399=ORIENTED_EDGE('',*,*,#4398,.T.);
#4400=ORIENTED_EDGE('',*,*,#4385,.T.);
#4402=ORIENTED_EDGE('',*,*,#4401,.T.);
#4403=EDGE_LOOP('',(#4399,#4400,#4402));
#4404=FACE_OUTER_BOUND('',#4403,.F.);
#4406=CARTESIAN_POINT('',(-2.193461783990E1,-9.896342476680E0,
2.593499276390E1));
#4407=DIRECTION('',(-3.055450538611E-1,-6.866826421792E-1,6.596280535202E-1));
#4408=DIRECTION('',(-9.073820883062E-1,3.023131873892E-13,-4.203067282605E-1));
#4409=AXIS2_PLACEMENT_3D('',#4406,#4407,#4408);
#4410=CYLINDRICAL_SURFACE('',#4409,2.E0);
#4412=ORIENTED_EDGE('',*,*,#4411,.F.);
#4413=ORIENTED_EDGE('',*,*,#4361,.F.);
#4414=ORIENTED_EDGE('',*,*,#4398,.F.);
#4416=ORIENTED_EDGE('',*,*,#4415,.F.);
#4417=EDGE_LOOP('',(#4412,#4413,#4414,#4416));
#4418=FACE_OUTER_BOUND('',#4417,.F.);
#4420=CARTESIAN_POINT('',(-1.672077541804E1,-8.545452665992E0,
1.699654879386E1));
#4421=CARTESIAN_POINT('',(-1.693738771467E1,-8.540133767985E0,
1.701284872032E1));
#4422=CARTESIAN_POINT('',(-1.732517817762E1,-8.533520649743E0,
1.697822119140E1));
#4423=CARTESIAN_POINT('',(-1.784191474866E1,-8.531917008615E0,
1.677397248542E1));
#4424=CARTESIAN_POINT('',(-1.825095236479E1,-8.536774259435E0,
1.647791643691E1));
#4425=CARTESIAN_POINT('',(-1.857387162960E1,-8.547646320030E0,
1.608983903262E1));
#4426=CARTESIAN_POINT('',(-1.879044306284E1,-8.563853312656E0,
1.563402432568E1));
#4427=CARTESIAN_POINT('',(-1.892961912110E1,-8.593283575260E0,
1.492403839090E1));
#4428=CARTESIAN_POINT('',(-1.880567230243E1,-8.621422621062E0,
1.436427620585E1));
#4429=CARTESIAN_POINT('',(-1.861754792527E1,-8.640662049273E0,
1.402943628291E1));
#4430=CARTESIAN_POINT('',(-1.671158116212E1,-8.332854395970E0,
1.698623430176E1));
#4431=CARTESIAN_POINT('',(-1.692867103927E1,-8.339471658408E0,
1.700367111946E1));
#4432=CARTESIAN_POINT('',(-1.731732727473E1,-8.347688940286E0,1.697062011E1));
#4433=CARTESIAN_POINT('',(-1.783512728818E1,-8.349646527888E0,
1.676734277738E1));
#4434=CARTESIAN_POINT('',(-1.824486284317E1,-8.343553419153E0,
1.647112007436E1));
#4435=CARTESIAN_POINT('',(-1.856810949470E1,-8.329963535344E0,
1.608187732703E1));
#4436=CARTESIAN_POINT('',(-1.878457150203E1,-8.309725286391E0,
1.562402790433E1));
#4437=CARTESIAN_POINT('',(-1.892293384543E1,-8.272991245730E0,
1.491015664870E1));
#4438=CARTESIAN_POINT('',(-1.879755823548E1,-8.237881153508E0,
1.434662583533E1));
#4439=CARTESIAN_POINT('',(-1.860822206917E1,-8.213874812097E0,
1.400933554438E1));
#4440=CARTESIAN_POINT('',(-1.675251092901E1,-7.935098137190E0,
1.703220395456E1));
#4441=CARTESIAN_POINT('',(-1.696744486941E1,-7.964582715642E0,
1.704446883020E1));
#4442=CARTESIAN_POINT('',(-1.735219262757E1,-8.001406693453E0,
1.700421921065E1));
#4443=CARTESIAN_POINT('',(-1.786519286404E1,-8.010906136853E0,
1.679643257305E1));
#4444=CARTESIAN_POINT('',(-1.827177991562E1,-7.984795155246E0,
1.650085489883E1));
#4445=CARTESIAN_POINT('',(-1.859355210429E1,-7.925562933348E0,
1.611677918973E1));
#4446=CARTESIAN_POINT('',(-1.881051184998E1,-7.836936154097E0,
1.566803931393E1));
#4447=CARTESIAN_POINT('',(-1.895255077629E1,-7.675728268180E0,
1.497162547839E1));
#4448=CARTESIAN_POINT('',(-1.883362024096E1,-7.521392227156E0,
1.442507383407E1));
#4449=CARTESIAN_POINT('',(-1.864974120080E1,-7.415878500965E0,
1.409882493808E1));
#4450=CARTESIAN_POINT('',(-1.695276811702E1,-7.416887364383E0,
1.725514761379E1));
#4451=CARTESIAN_POINT('',(-1.715828497621E1,-7.467651816270E0,
1.724625774887E1));
#4452=CARTESIAN_POINT('',(-1.752596535652E1,-7.528031327170E0,
1.717754020910E1));
#4453=CARTESIAN_POINT('',(-1.801796687104E1,-7.533277386313E0,
1.695461285978E1));
#4454=CARTESIAN_POINT('',(-1.841072074426E1,-7.473532293967E0,
1.666581178592E1));
#4455=CARTESIAN_POINT('',(-1.872592562017E1,-7.352806250755E0,
1.630778765838E1));
#4456=CARTESIAN_POINT('',(-1.894492146926E1,-7.178292874567E0,
1.590168367825E1));
#4457=CARTESIAN_POINT('',(-1.910290069439E1,-6.865891188370E0,
1.528465252933E1));
#4458=CARTESIAN_POINT('',(-1.901230213097E1,-6.570545206027E0,
1.481360741219E1));
#4459=CARTESIAN_POINT('',(-1.885274590447E1,-6.368442638649E0,
1.453640781963E1));
#4460=CARTESIAN_POINT('',(-1.723918528883E1,-7.014696722010E0,
1.757102167057E1));
#4461=CARTESIAN_POINT('',(-1.743280051362E1,-7.071594113409E0,
1.753802409378E1));
#4462=CARTESIAN_POINT('',(-1.777891710581E1,-7.133735811798E0,
1.743842847832E1));
#4463=CARTESIAN_POINT('',(-1.824433359607E1,-7.118987530251E0,
1.720370711891E1));
#4464=CARTESIAN_POINT('',(-1.861949304515E1,-7.024324371107E0,
1.692962535601E1));
#4465=CARTESIAN_POINT('',(-1.892622160501E1,-6.853628315157E0,
1.660979782647E1));
#4466=CARTESIAN_POINT('',(-1.914759764328E1,-6.616368166851E0,
1.626179539085E1));
#4467=CARTESIAN_POINT('',(-1.932555380659E1,-6.199645083264E0,
1.574964076447E1));
#4468=CARTESIAN_POINT('',(-1.927100842266E1,-5.811678528958E0,
1.537590278971E1));
#4469=CARTESIAN_POINT('',(-1.914288026375E1,-5.545890936995E0,
1.516184829611E1));
#4470=CARTESIAN_POINT('',(-1.759707249107E1,-6.713118235704E0,
1.796119074322E1));
#4471=CARTESIAN_POINT('',(-1.777805863493E1,-6.763631840670E0,
1.790725174877E1));
#4472=CARTESIAN_POINT('',(-1.810130329413E1,-6.809897719195E0,
1.778360646746E1));
#4473=CARTESIAN_POINT('',(-1.853844036927E1,-6.763134001444E0,
1.754850569821E1));
#4474=CARTESIAN_POINT('',(-1.889476156662E1,-6.633491630697E0,
1.730001216216E1));
#4475=CARTESIAN_POINT('',(-1.919222895136E1,-6.423256196723E0,
1.702912402100E1));
#4476=CARTESIAN_POINT('',(-1.941583719350E1,-6.143071504288E0,
1.674941545282E1));
#4477=CARTESIAN_POINT('',(-1.961473213021E1,-5.661416559281E0,
1.635563298484E1));
#4478=CARTESIAN_POINT('',(-1.959881233446E1,-5.220935108993E0,
1.608801075110E1));
#4479=CARTESIAN_POINT('',(-1.950508619967E1,-4.918754735611E0,
1.594272477561E1));
#4480=CARTESIAN_POINT('',(-1.800374811543E1,-6.518504677929E0,
1.839956465181E1));
#4481=CARTESIAN_POINT('',(-1.817262824407E1,-6.554352564776E0,
1.833173057456E1));
#4482=CARTESIAN_POINT('',(-1.847395856894E1,-6.574142919300E0,
1.819613927220E1));
#4483=CARTESIAN_POINT('',(-1.888391483703E1,-6.491012435237E0,
1.797542004332E1));
#4484=CARTESIAN_POINT('',(-1.922200128323E1,-6.330875972415E0,
1.776320034363E1));
#4485=CARTESIAN_POINT('',(-1.951031004356E1,-6.093435223161E0,
1.754889514426E1));
#4486=CARTESIAN_POINT('',(-1.973574655075E1,-5.789494807711E0,
1.734213786808E1));
#4487=CARTESIAN_POINT('',(-1.995443356285E1,-5.278216518027E0,
1.706966860966E1));
#4488=CARTESIAN_POINT('',(-1.997592104867E1,-4.819258570261E0,
1.690681893773E1));
#4489=CARTESIAN_POINT('',(-1.991630333065E1,-4.503936125648E0,
1.682934623521E1));
#4490=CARTESIAN_POINT('',(-1.843033424782E1,-6.434825133373E0,
1.885453603466E1));
#4491=CARTESIAN_POINT('',(-1.858851486970E1,-6.452510944256E0,
1.878160851601E1));
#4492=CARTESIAN_POINT('',(-1.887048667218E1,-6.442846658611E0,
1.864794984045E1));
#4493=CARTESIAN_POINT('',(-1.925635116870E1,-6.326810645771E0,
1.845589564541E1));
#4494=CARTESIAN_POINT('',(-1.957815332657E1,-6.144971337022E0,
1.828811691573E1));
#4495=CARTESIAN_POINT('',(-1.985809929658E1,-5.894107198928E0,
1.813380412340E1));
#4496=CARTESIAN_POINT('',(-2.008485229803E1,-5.584371074072E0,
1.799911457298E1));
#4497=CARTESIAN_POINT('',(-2.032075954053E1,-5.073863180773E0,
1.784169098642E1));
#4498=CARTESIAN_POINT('',(-2.037566605887E1,-4.623779839428E0,
1.777438332177E1));
#4499=CARTESIAN_POINT('',(-2.034729315052E1,-4.314096043364E0,
1.775868061047E1));
#4500=CARTESIAN_POINT('',(-1.885395773603E1,-6.453971457763E0,
1.930230248707E1));
#4501=CARTESIAN_POINT('',(-1.900301339173E1,-6.454207979989E0,
1.923205240256E1));
#4502=CARTESIAN_POINT('',(-1.926848316191E1,-6.418390179645E0,
1.911186990055E1));
#4503=CARTESIAN_POINT('',(-1.963374676385E1,-6.278489296175E0,
1.895881669301E1));
#4504=CARTESIAN_POINT('',(-1.994152768226E1,-6.086016069595E0,
1.883993916345E1));
#4505=CARTESIAN_POINT('',(-2.021412786760E1,-5.835105875602E0,
1.874546819271E1));
#4506=CARTESIAN_POINT('',(-2.044176327589E1,-5.534740930371E0,
1.867871606532E1));
#4507=CARTESIAN_POINT('',(-2.069213447758E1,-5.048615233341E0,
1.862596690271E1));
#4508=CARTESIAN_POINT('',(-2.077582116047E1,-4.627061720097E0,
1.864251325825E1));
#4509=CARTESIAN_POINT('',(-2.077498884032E1,-4.336601240830E0,
1.868098056645E1));
#4510=CARTESIAN_POINT('',(-1.925963353052E1,-6.567037191664E0,
1.972784187989E1));
#4511=CARTESIAN_POINT('',(-1.940106296759E1,-6.553049274647E0,
1.966629394675E1));
#4512=CARTESIAN_POINT('',(-1.965274716620E1,-6.497916015774E0,
1.956803174945E1));
#4513=CARTESIAN_POINT('',(-2.000075053895E1,-6.345930145096E0,
1.946034573150E1));
#4514=CARTESIAN_POINT('',(-2.029670770694E1,-6.154611931497E0,
1.939180685012E1));
#4515=CARTESIAN_POINT('',(-2.056299913788E1,-5.916143187181E0,
1.935469978172E1));
#4516=CARTESIAN_POINT('',(-2.079118021158E1,-5.638049278611E0,
1.935013487381E1));
#4517=CARTESIAN_POINT('',(-2.105346036721E1,-5.195112154994E0,
1.939027442785E1));
#4518=CARTESIAN_POINT('',(-2.116141785751E1,-4.816691644534E0,
1.947880065824E1));
#4519=CARTESIAN_POINT('',(-2.118432280651E1,-4.555612623129E0,
1.956374022583E1));
#4520=CARTESIAN_POINT('',(-1.966193443036E1,-6.784955982405E0,
2.014710626295E1));
#4521=CARTESIAN_POINT('',(-1.979666202852E1,-6.761042917535E0,
2.009927727141E1));
#4522=CARTESIAN_POINT('',(-2.003623652151E1,-6.695127263697E0,
2.003010262620E1));
#4523=CARTESIAN_POINT('',(-2.036903689204E1,-6.544856974500E0,
1.997378335471E1));
#4524=CARTESIAN_POINT('',(-2.065451760223E1,-6.368063231101E0,
1.995785695922E1));
#4525=CARTESIAN_POINT('',(-2.091512651542E1,-6.155913252386E0,
1.997756424068E1));
#4526=CARTESIAN_POINT('',(-2.114362947253E1,-5.914245557907E0,
2.003229643932E1));
#4527=CARTESIAN_POINT('',(-2.141622597105E1,-5.534976386783E0,
2.015865195438E1));
#4528=CARTESIAN_POINT('',(-2.154568709011E1,-5.215482242160E0,
2.031199561446E1));
#4529=CARTESIAN_POINT('',(-2.159004973400E1,-4.994780685439E0,
2.043876721636E1));
#4530=CARTESIAN_POINT('',(-1.990385201624E1,-7.005358429008E0,
2.039774404855E1));
#4531=CARTESIAN_POINT('',(-2.003498237617E1,-6.979413945941E0,
2.036089057441E1));
#4532=CARTESIAN_POINT('',(-2.026805950765E1,-6.914572703081E0,
2.031308284738E1));
#4533=CARTESIAN_POINT('',(-2.059268129148E1,-6.777208230764E0,
2.029093721624E1));
#4534=CARTESIAN_POINT('',(-2.087249355157E1,-6.620511881393E0,
2.030798760341E1));
#4535=CARTESIAN_POINT('',(-2.112997932165E1,-6.435929557265E0,
2.036176465530E1));
#4536=CARTESIAN_POINT('',(-2.135857144950E1,-6.228140857519E0,
2.045088876646E1));
#4537=CARTESIAN_POINT('',(-2.163662540464E1,-5.904516194670E0,
2.062602292096E1));
#4538=CARTESIAN_POINT('',(-2.177771933331E1,-5.633897602381E0,
2.081498743222E1));
#4539=CARTESIAN_POINT('',(-2.183391916759E1,-5.446833232540E0,
2.096474273358E1));
#4540=CARTESIAN_POINT('',(-2.001869080125E1,-7.143296799507E0,
2.051647509728E1));
#4541=CARTESIAN_POINT('',(-2.014818046122E1,-7.117774588535E0,
2.048528170062E1));
#4542=CARTESIAN_POINT('',(-2.037829455463E1,-7.056106402398E0,
2.044824610252E1));
#4543=CARTESIAN_POINT('',(-2.069918317418E1,-6.929109777028E0,
2.044284267050E1));
#4544=CARTESIAN_POINT('',(-2.097640285589E1,-6.786077902496E0,
2.047575072381E1));
#4545=CARTESIAN_POINT('',(-2.123245248603E1,-6.618918562037E0,
2.054567576796E1));
#4546=CARTESIAN_POINT('',(-2.146107183985E1,-6.431710155373E0,
2.065091800549E1));
#4547=CARTESIAN_POINT('',(-2.174160195269E1,-6.141114675472E0,
2.084871764668E1));
#4548=CARTESIAN_POINT('',(-2.188801582746E1,-5.898908939650E0,
2.105406472680E1));
#4549=CARTESIAN_POINT('',(-2.194966650483E1,-5.731434694829E0,
2.121439035464E1));
#4550=B_SPLINE_SURFACE_WITH_KNOTS('',3,3,((#4420,#4421,#4422,#4423,#4424,#4425,
#4426,#4427,#4428,#4429),(#4430,#4431,#4432,#4433,#4434,#4435,#4436,#4437,#4438,
#4439),(#4440,#4441,#4442,#4443,#4444,#4445,#4446,#4447,#4448,#4449),(#4450,
#4451,#4452,#4453,#4454,#4455,#4456,#4457,#4458,#4459),(#4460,#4461,#4462,#4463,
#4464,#4465,#4466,#4467,#4468,#4469),(#4470,#4471,#4472,#4473,#4474,#4475,#4476,
#4477,#4478,#4479),(#4480,#4481,#4482,#4483,#4484,#4485,#4486,#4487,#4488,
#4489),(#4490,#4491,#4492,#4493,#4494,#4495,#4496,#4497,#4498,#4499),(#4500,
#4501,#4502,#4503,#4504,#4505,#4506,#4507,#4508,#4509),(#4510,#4511,#4512,#4513,
#4514,#4515,#4516,#4517,#4518,#4519),(#4520,#4521,#4522,#4523,#4524,#4525,#4526,
#4527,#4528,#4529),(#4530,#4531,#4532,#4533,#4534,#4535,#4536,#4537,#4538,
#4539),(#4540,#4541,#4542,#4543,#4544,#4545,#4546,#4547,#4548,#4549)),
.UNSPECIFIED.,.F.,.F.,.F.,(4,1,1,1,1,1,1,1,1,1,4),(4,1,1,1,1,1,1,4),(
9.359747495365E0,1.073625705268E1,1.190898966525E1,1.308172227783E1,
1.425445489040E1,1.546410297930E1,1.667375106820E1,1.781211601145E1,
1.895048095470E1,2.008884589795E1,2.141913525915E1),(-7.524893366576E-2,2.5E-1,
5.E-1,7.5E-1,1.E0,1.25E0,1.5E0,2.075301676287E0),.UNSPECIFIED.);
#4552=ORIENTED_EDGE('',*,*,#4551,.F.);
#4553=ORIENTED_EDGE('',*,*,#3703,.T.);
#4554=ORIENTED_EDGE('',*,*,#4363,.F.);
#4555=ORIENTED_EDGE('',*,*,#4411,.T.);
#4556=EDGE_LOOP('',(#4552,#4553,#4554,#4555));
#4557=FACE_OUTER_BOUND('',#4556,.F.);
#4559=CARTESIAN_POINT('',(0.E0,-8.450939011150E0,1.9E1));
#4560=DIRECTION('',(1.E0,0.E0,0.E0));
#4561=DIRECTION('',(0.E0,0.E0,-1.E0));
#4562=AXIS2_PLACEMENT_3D('',#4559,#4560,#4561);
#4563=CYLINDRICAL_SURFACE('',#4562,2.E0);
#4565=ORIENTED_EDGE('',*,*,#4564,.F.);
#4567=ORIENTED_EDGE('',*,*,#4566,.T.);
#4568=ORIENTED_EDGE('',*,*,#3705,.T.);
#4569=ORIENTED_EDGE('',*,*,#4551,.T.);
#4571=ORIENTED_EDGE('',*,*,#4570,.T.);
#4572=EDGE_LOOP('',(#4565,#4567,#4568,#4569,#4571));
#4573=FACE_OUTER_BOUND('',#4572,.F.);
#4575=CARTESIAN_POINT('',(-1.180027355860E1,-1.271525409810E1,
2.309630546580E1));
#4576=DIRECTION('',(8.871758903269E-2,7.183270377189E-1,-6.900256924769E-1));
#4577=DIRECTION('',(3.724145482361E-14,6.927573591874E-1,7.211707435078E-1));
#4578=AXIS2_PLACEMENT_3D('',#4575,#4576,#4577);
#4579=CYLINDRICAL_SURFACE('',#4578,2.E0);
#4581=ORIENTED_EDGE('',*,*,#4580,.F.);
#4582=ORIENTED_EDGE('',*,*,#3385,.T.);
#4584=ORIENTED_EDGE('',*,*,#4583,.F.);
#4585=ORIENTED_EDGE('',*,*,#4564,.T.);
#4587=ORIENTED_EDGE('',*,*,#4586,.F.);
#4588=EDGE_LOOP('',(#4581,#4582,#4584,#4585,#4587));
#4589=FACE_OUTER_BOUND('',#4588,.F.);
#4591=CARTESIAN_POINT('',(-1.310520507122E1,-1.850105830949E1,
3.235776444435E1));
#4592=CARTESIAN_POINT('',(-1.291475435914E1,-1.849010138696E1,
3.238174485073E1));
#4593=CARTESIAN_POINT('',(-1.256487483131E1,-1.852116950168E1,
3.242815981807E1));
#4594=CARTESIAN_POINT('',(-1.208834902681E1,-1.869706839596E1,
3.249753399854E1));
#4595=CARTESIAN_POINT('',(-1.166698779157E1,-1.898115467526E1,
3.256480327928E1));
#4596=CARTESIAN_POINT('',(-1.143684567938E1,-1.924719733208E1,
3.260665628130E1));
#4597=CARTESIAN_POINT('',(-1.133408808463E1,-1.940832185610E1,
3.262729516609E1));
#4598=CARTESIAN_POINT('',(-1.306224058714E1,-1.850758941545E1,
3.219307834013E1));
#4599=CARTESIAN_POINT('',(-1.287306539879E1,-1.849874300764E1,
3.221790040012E1));
#4600=CARTESIAN_POINT('',(-1.252556207586E1,-1.853319490577E1,
3.226160969176E1));
#4601=CARTESIAN_POINT('',(-1.205185903654E1,-1.871247249725E1,
3.231627186016E1));
#4602=CARTESIAN_POINT('',(-1.163224229848E1,-1.899849526123E1,
3.235997283025E1));
#4603=CARTESIAN_POINT('',(-1.140216509218E1,-1.926484887371E1,
3.237988387198E1));
#4604=CARTESIAN_POINT('',(-1.129902667022E1,-1.942590466298E1,
3.238727561678E1));
#4605=CARTESIAN_POINT('',(-1.298392628181E1,-1.848225753783E1,
3.189328162071E1));
#4606=CARTESIAN_POINT('',(-1.279701765285E1,-1.847742136596E1,
3.191864599809E1));
#4607=CARTESIAN_POINT('',(-1.245373647562E1,-1.851738655597E1,
3.195591852656E1));
#4608=CARTESIAN_POINT('',(-1.198505302303E1,-1.869946727460E1,
3.198251163041E1));
#4609=CARTESIAN_POINT('',(-1.156854503530E1,-1.898369335591E1,
3.198284886713E1));
#4610=CARTESIAN_POINT('',(-1.133859179189E1,-1.924567249546E1,
3.196307513463E1));
#4611=CARTESIAN_POINT('',(-1.123478027932E1,-1.940361983294E1,
3.194662552935E1));
#4612=CARTESIAN_POINT('',(-1.287548862303E1,-1.835065028423E1,
3.147905897031E1));
#4613=CARTESIAN_POINT('',(-1.269158783828E1,-1.835094152126E1,
3.150291030619E1));
#4614=CARTESIAN_POINT('',(-1.235390903847E1,-1.839555765936E1,
3.152785714200E1));
#4615=CARTESIAN_POINT('',(-1.189189491481E1,-1.857173616172E1,
3.151277090105E1));
#4616=CARTESIAN_POINT('',(-1.147953207274E1,-1.883928457218E1,
3.145217496423E1));
#4617=CARTESIAN_POINT('',(-1.124976256590E1,-1.908261838595E1,
3.137816262980E1));
#4618=CARTESIAN_POINT('',(-1.114506592994E1,-1.922876007324E1,
3.132939208857E1));
#4619=CARTESIAN_POINT('',(-1.277583897483E1,-1.813897153680E1,
3.109907139955E1));
#4620=CARTESIAN_POINT('',(-1.259460662546E1,-1.814310199569E1,
3.111984589224E1));
#4621=CARTESIAN_POINT('',(-1.226189754997E1,-1.818848091720E1,
3.113093620755E1));
#4622=CARTESIAN_POINT('',(-1.180580620386E1,-1.834945368425E1,
3.107547829063E1));
#4623=CARTESIAN_POINT('',(-1.139713546425E1,-1.858813873068E1,
3.095824313692E1));
#4624=CARTESIAN_POINT('',(-1.116754335583E1,-1.880262977390E1,
3.083491857137E1));
#4625=CARTESIAN_POINT('',(-1.106206755307E1,-1.893099803724E1,
3.075695792479E1));
#4626=CARTESIAN_POINT('',(-1.271690676186E1,-1.793743267569E1,
3.087473681034E1));
#4627=CARTESIAN_POINT('',(-1.253719793609E1,-1.794288522894E1,
3.089271332023E1));
#4628=CARTESIAN_POINT('',(-1.220732601405E1,-1.798544667495E1,
3.089414872241E1));
#4629=CARTESIAN_POINT('',(-1.175461970999E1,-1.812894325814E1,
3.081362916413E1));
#4630=CARTESIAN_POINT('',(-1.134806544302E1,-1.833908625393E1,
3.066253487329E1));
#4631=CARTESIAN_POINT('',(-1.111858294933E1,-1.852672405912E1,
3.051035596743E1));
#4632=CARTESIAN_POINT('',(-1.101266581177E1,-1.863881006229E1,
3.041542733235E1));
#4633=CARTESIAN_POINT('',(-1.268844458806E1,-1.781260124771E1,
3.076646002883E1));
#4634=CARTESIAN_POINT('',(-1.250946212356E1,-1.781834091056E1,
3.078291240595E1));
#4635=CARTESIAN_POINT('',(-1.218094280635E1,-1.785835335464E1,
3.077942846733E1));
#4636=CARTESIAN_POINT('',(-1.172985097395E1,-1.799034952550E1,
3.068659868310E1));
#4637=CARTESIAN_POINT('',(-1.132430724685E1,-1.818257738402E1,
3.051908975753E1));
#4638=CARTESIAN_POINT('',(-1.109487846959E1,-1.835372133262E1,
3.035302987631E1));
#4639=CARTESIAN_POINT('',(-1.098875153709E1,-1.845586702010E1,
3.024995798575E1));
#4640=B_SPLINE_SURFACE_WITH_KNOTS('',3,3,((#4591,#4592,#4593,#4594,#4595,#4596,
#4597),(#4598,#4599,#4600,#4601,#4602,#4603,#4604),(#4605,#4606,#4607,#4608,
#4609,#4610,#4611),(#4612,#4613,#4614,#4615,#4616,#4617,#4618),(#4619,#4620,
#4621,#4622,#4623,#4624,#4625),(#4626,#4627,#4628,#4629,#4630,#4631,#4632),(
#4633,#4634,#4635,#4636,#4637,#4638,#4639)),.UNSPECIFIED.,.F.,.F.,.F.,(4,1,1,1,
4),(4,1,1,1,4),(3.313438424160E0,4.432296341555E0,5.342459484590E0,
6.252622627625E0,7.371480996306E0),(-6.441202809595E-2,3.014056906525E-1,
6.028113813050E-1,9.042170719575E-1,1.269934844210E0),.UNSPECIFIED.);
#4641=ORIENTED_EDGE('',*,*,#3387,.T.);
#4642=ORIENTED_EDGE('',*,*,#4580,.T.);
#4644=ORIENTED_EDGE('',*,*,#4643,.F.);
#4645=EDGE_LOOP('',(#4641,#4642,#4644));
#4646=FACE_OUTER_BOUND('',#4645,.F.);
#4648=CARTESIAN_POINT('',(2.5E0,-1.65E1,3.227847298410E1));
#4649=DIRECTION('',(-1.E0,0.E0,0.E0));
#4650=DIRECTION('',(0.E0,-6.927573591871E-1,-7.211707435081E-1));
#4651=AXIS2_PLACEMENT_3D('',#4648,#4649,#4650);
#4652=CYLINDRICAL_SURFACE('',#4651,2.E0);
#4653=ORIENTED_EDGE('',*,*,#3389,.T.);
#4654=ORIENTED_EDGE('',*,*,#4643,.T.);
#4656=ORIENTED_EDGE('',*,*,#4655,.T.);
#4657=ORIENTED_EDGE('',*,*,#4401,.F.);
#4658=EDGE_LOOP('',(#4653,#4654,#4656,#4657));
#4659=FACE_OUTER_BOUND('',#4658,.F.);
#4661=CARTESIAN_POINT('',(-1.8E1,-3.481895461680E0,1.7E1));
#4662=DIRECTION('',(0.E0,6.927573591871E-1,7.211707435081E-1));
#4663=DIRECTION('',(0.E0,-7.211707435081E-1,6.927573591871E-1));
#4664=AXIS2_PLACEMENT_3D('',#4661,#4662,#4663);
#4665=PLANE('',#4664);
#4666=ORIENTED_EDGE('',*,*,#4586,.T.);
#4667=ORIENTED_EDGE('',*,*,#4570,.F.);
#4668=ORIENTED_EDGE('',*,*,#4415,.T.);
#4669=ORIENTED_EDGE('',*,*,#4655,.F.);
#4670=EDGE_LOOP('',(#4666,#4667,#4668,#4669));
#4671=FACE_OUTER_BOUND('',#4670,.F.);
#4673=CARTESIAN_POINT('',(-1.8E1,1.85E1,8.7E1));
#4674=DIRECTION('',(-9.918357753074E-1,0.E0,-1.275217425400E-1));
#4675=DIRECTION('',(1.275217425400E-1,0.E0,-9.918357753074E-1));
#4676=AXIS2_PLACEMENT_3D('',#4673,#4674,#4675);
#4677=PLANE('',#4676);
#4678=ORIENTED_EDGE('',*,*,#4566,.F.);
#4679=ORIENTED_EDGE('',*,*,#4583,.T.);
#4680=ORIENTED_EDGE('',*,*,#3383,.F.);
#4681=ORIENTED_EDGE('',*,*,#3709,.F.);
#4682=ORIENTED_EDGE('',*,*,#3707,.T.);
#4683=EDGE_LOOP('',(#4678,#4679,#4680,#4681,#4682));
#4684=FACE_OUTER_BOUND('',#4683,.F.);
#4686=CARTESIAN_POINT('',(-2.754146363671E1,-1.615960328727E1,
3.335206548181E1));
#4687=CARTESIAN_POINT('',(-2.760079405224E1,-1.653230659209E1,
3.332187222663E1));
#4688=CARTESIAN_POINT('',(-2.752848578361E1,-1.719580121282E1,
3.335054013766E1));
#4689=CARTESIAN_POINT('',(-2.705666765734E1,-1.796163356095E1,
3.356351886710E1));
#4690=CARTESIAN_POINT('',(-2.635220630808E1,-1.846938606783E1,
3.388613576670E1));
#4691=CARTESIAN_POINT('',(-2.574686078457E1,-1.853690173984E1,
3.416604356482E1));
#4692=CARTESIAN_POINT('',(-2.540820839291E1,-1.846353668835E1,
3.432344290945E1));
#4693=CARTESIAN_POINT('',(-2.788323845765E1,-1.618699811946E1,
3.408031657772E1));
#4694=CARTESIAN_POINT('',(-2.794202271228E1,-1.653594516962E1,
3.407040114837E1));
#4695=CARTESIAN_POINT('',(-2.789323070081E1,-1.715319608671E1,
3.412385069457E1));
#4696=CARTESIAN_POINT('',(-2.749639990377E1,-1.788708748112E1,
3.434313165568E1));
#4697=CARTESIAN_POINT('',(-2.688040056271E1,-1.841077918707E1,
3.465173335201E1));
#4698=CARTESIAN_POINT('',(-2.632514352171E1,-1.853774139479E1,
3.491163506074E1));
#4699=CARTESIAN_POINT('',(-2.599953873457E1,-1.851290576731E1,
3.505874234364E1));
#4700=CARTESIAN_POINT('',(-2.839031933399E1,-1.614332384450E1,
3.516237636870E1));
#4701=CARTESIAN_POINT('',(-2.844750157956E1,-1.645515511599E1,
3.517725286360E1));
#4702=CARTESIAN_POINT('',(-2.842756564211E1,-1.700214063665E1,
3.525929563422E1));
#4703=CARTESIAN_POINT('',(-2.813150050078E1,-1.767751906736E1,
3.548496124118E1));
#4704=CARTESIAN_POINT('',(-2.764414021333E1,-1.820306186624E1,
3.577723024049E1));
#4705=CARTESIAN_POINT('',(-2.717710588363E1,-1.839634497587E1,
3.601461251751E1));
#4706=CARTESIAN_POINT('',(-2.688745848264E1,-1.843277508908E1,
3.615008174426E1));
#4707=CARTESIAN_POINT('',(-2.904429981514E1,-1.590263316604E1,
3.655977692136E1));
#4708=CARTESIAN_POINT('',(-2.909891378185E1,-1.615970954709E1,
3.660128518356E1));
#4709=CARTESIAN_POINT('',(-2.910993168696E1,-1.660658424022E1,
3.671241878375E1));
#4710=CARTESIAN_POINT('',(-2.893148954129E1,-1.718050138598E1,
3.694375951592E1));
#4711=CARTESIAN_POINT('',(-2.860578825124E1,-1.766542638636E1,
3.721925335959E1));
#4712=CARTESIAN_POINT('',(-2.826863785520E1,-1.789948718824E1,
3.743421509585E1));
#4713=CARTESIAN_POINT('',(-2.804720112620E1,-1.798746424324E1,
3.755804782428E1));
#4714=CARTESIAN_POINT('',(-2.944071259495E1,-1.566714421319E1,
3.740743063052E1));
#4715=CARTESIAN_POINT('',(-2.949363714913E1,-1.588674716829E1,
3.746339889163E1));
#4716=CARTESIAN_POINT('',(-2.952143216820E1,-1.626645891475E1,
3.758975440577E1));
#4717=CARTESIAN_POINT('',(-2.941023621420E1,-1.676520805532E1,
3.782376535209E1));
#4718=CARTESIAN_POINT('',(-2.918101015841E1,-1.720548305879E1,
3.809042289797E1));
#4719=CARTESIAN_POINT('',(-2.892784879406E1,-1.744413646064E1,
3.829382918952E1));
#4720=CARTESIAN_POINT('',(-2.875520808099E1,-1.755035374231E1,
3.841164612121E1));
#4721=CARTESIAN_POINT('',(-2.975339798419E1,-1.540521524906E1,
3.807635545127E1));
#4722=CARTESIAN_POINT('',(-2.980494757985E1,-1.559075839101E1,
3.814294460987E1));
#4723=CARTESIAN_POINT('',(-2.984504270502E1,-1.591029532785E1,
3.828021111267E1));
#4724=CARTESIAN_POINT('',(-2.978488818638E1,-1.633705907787E1,
3.851599534004E1));
#4725=CARTESIAN_POINT('',(-2.963093697048E1,-1.672568590891E1,
3.877629078943E1));
#4726=CARTESIAN_POINT('',(-2.944660517622E1,-1.695248969650E1,
3.897149464152E1));
#4727=CARTESIAN_POINT('',(-2.931630252602E1,-1.706285588136E1,
3.908503264378E1));
#4728=CARTESIAN_POINT('',(-2.999229045543E1,-1.514963257285E1,
3.858756741694E1));
#4729=CARTESIAN_POINT('',(-3.004277164698E1,-1.530553652173E1,
3.866188814913E1));
#4730=CARTESIAN_POINT('',(-3.009180670330E1,-1.557319872644E1,
3.880696126369E1));
#4731=CARTESIAN_POINT('',(-3.006965025581E1,-1.593526238325E1,
3.904394227496E1));
#4732=CARTESIAN_POINT('',(-2.997278369904E1,-1.627265071396E1,
3.929967116348E1));
#4733=CARTESIAN_POINT('',(-2.984231950654E1,-1.647982675540E1,
3.948904707026E1));
#4734=CARTESIAN_POINT('',(-2.974631793909E1,-1.658637155788E1,
3.959954034374E1));
#4735=CARTESIAN_POINT('',(-3.021390477366E1,-1.483644534613E1,
3.906192951722E1));
#4736=CARTESIAN_POINT('',(-3.026338324069E1,-1.495939438816E1,
3.914311516623E1));
#4737=CARTESIAN_POINT('',(-3.032034204363E1,-1.516988123439E1,
3.929501017174E1));
#4738=CARTESIAN_POINT('',(-3.033261264345E1,-1.545790253893E1,
3.953297902943E1));
#4739=CARTESIAN_POINT('',(-3.028833777084E1,-1.573180601191E1,
3.978470547095E1));
#4740=CARTESIAN_POINT('',(-3.020889903351E1,-1.590732200574E1,
3.996902092540E1));
#4741=CARTESIAN_POINT('',(-3.014636304572E1,-1.600157623907E1,
4.007686680612E1));
#4742=CARTESIAN_POINT('',(-3.040541917646E1,-1.445345912187E1,
3.947195845295E1));
#4743=CARTESIAN_POINT('',(-3.045402538651E1,-1.453922736772E1,
3.955884938093E1));
#4744=CARTESIAN_POINT('',(-3.051755904504E1,-1.468570959631E1,
3.971633256300E1));
#4745=CARTESIAN_POINT('',(-3.055896048284E1,-1.488809566364E1,
3.995506750238E1));
#4746=CARTESIAN_POINT('',(-3.055984950229E1,-1.508380386988E1,
4.020350637598E1));
#4747=CARTESIAN_POINT('',(-3.052529698915E1,-1.521349515624E1,
4.038370033471E1));
#4748=CARTESIAN_POINT('',(-3.049294496468E1,-1.528543462607E1,
4.048938733226E1));
#4749=CARTESIAN_POINT('',(-3.054642712733E1,-1.397946362161E1,
3.977390357943E1));
#4750=CARTESIAN_POINT('',(-3.059438894299E1,-1.402184694446E1,
3.986487859779E1));
#4751=CARTESIAN_POINT('',(-3.066262327446E1,-1.409409615474E1,
4.002631988155E1));
#4752=CARTESIAN_POINT('',(-3.072514978003E1,-1.419467569388E1,
4.026557500203E1));
#4753=CARTESIAN_POINT('',(-3.075914013242E1,-1.429319458622E1,
4.051168059928E1));
#4754=CARTESIAN_POINT('',(-3.075804779770E1,-1.436013424717E1,
4.068896757089E1));
#4755=CARTESIAN_POINT('',(-3.074858697088E1,-1.439814020108E1,
4.079313044358E1));
#4756=CARTESIAN_POINT('',(-3.057838278857E1,-1.361607231443E1,
3.984233984370E1));
#4757=CARTESIAN_POINT('',(-3.062619792978E1,-1.362635179681E1,
3.993421898978E1));
#4758=CARTESIAN_POINT('',(-3.069547107225E1,-1.364387838598E1,
4.009652873600E1));
#4759=CARTESIAN_POINT('',(-3.076272401945E1,-1.366825775662E1,
4.033589385523E1));
#4760=CARTESIAN_POINT('',(-3.080418683005E1,-1.369210520127E1,
4.058148662642E1));
#4761=CARTESIAN_POINT('',(-3.081075495870E1,-1.370826672240E1,
4.075813800492E1));
#4762=CARTESIAN_POINT('',(-3.080660953783E1,-1.371742128280E1,
4.086196737678E1));
#4763=CARTESIAN_POINT('',(-3.057228126489E1,-1.342268647140E1,
3.982927274354E1));
#4764=CARTESIAN_POINT('',(-3.062012427759E1,-1.341584170125E1,
3.992097885719E1));
#4765=CARTESIAN_POINT('',(-3.068919837729E1,-1.340417173177E1,
4.008312223395E1));
#4766=CARTESIAN_POINT('',(-3.075554754233E1,-1.338793659355E1,
4.032246619383E1));
#4767=CARTESIAN_POINT('',(-3.079558302123E1,-1.337205192766E1,
4.056815718754E1));
#4768=CARTESIAN_POINT('',(-3.080069019186E1,-1.336128197616E1,
4.074493037237E1));
#4769=CARTESIAN_POINT('',(-3.079553257915E1,-1.335517896002E1,
4.084882365142E1));
#4770=B_SPLINE_SURFACE_WITH_KNOTS('',3,3,((#4686,#4687,#4688,#4689,#4690,#4691,
#4692),(#4693,#4694,#4695,#4696,#4697,#4698,#4699),(#4700,#4701,#4702,#4703,
#4704,#4705,#4706),(#4707,#4708,#4709,#4710,#4711,#4712,#4713),(#4714,#4715,
#4716,#4717,#4718,#4719,#4720),(#4721,#4722,#4723,#4724,#4725,#4726,#4727),(
#4728,#4729,#4730,#4731,#4732,#4733,#4734),(#4735,#4736,#4737,#4738,#4739,#4740,
#4741),(#4742,#4743,#4744,#4745,#4746,#4747,#4748),(#4749,#4750,#4751,#4752,
#4753,#4754,#4755),(#4756,#4757,#4758,#4759,#4760,#4761,#4762),(#4763,#4764,
#4765,#4766,#4767,#4768,#4769)),.UNSPECIFIED.,.F.,.F.,.F.,(4,1,1,1,1,1,1,1,1,4),
(4,1,1,1,4),(1.870088308120E1,2.244852219330E1,2.423706137050E1,
2.602560054770E1,2.703521654655E1,2.804483254540E1,2.910143386738E1,
3.015803518935E1,3.121463651132E1,3.243360114295E1),(-2.155386652899E-1,5.E-1,
1.E0,1.5E0,2.219238270812E0),.UNSPECIFIED.);
#4772=ORIENTED_EDGE('',*,*,#4771,.T.);
#4774=ORIENTED_EDGE('',*,*,#4773,.F.);
#4775=ORIENTED_EDGE('',*,*,#4388,.T.);
#4776=ORIENTED_EDGE('',*,*,#4374,.F.);
#4777=EDGE_LOOP('',(#4772,#4774,#4775,#4776));
#4778=FACE_OUTER_BOUND('',#4777,.F.);
#4780=CARTESIAN_POINT('',(-2.88E1,4.460970050420E-5,4.075637054020E1));
#4781=DIRECTION('',(0.E0,-1.E0,0.E0));
#4782=DIRECTION('',(-1.E0,0.E0,0.E0));
#4783=AXIS2_PLACEMENT_3D('',#4780,#4781,#4782);
#4784=CYLINDRICAL_SURFACE('',#4783,2.E0);
#4786=ORIENTED_EDGE('',*,*,#4785,.F.);
#4788=ORIENTED_EDGE('',*,*,#4787,.T.);
#4789=ORIENTED_EDGE('',*,*,#4771,.F.);
#4790=ORIENTED_EDGE('',*,*,#4372,.T.);
#4791=EDGE_LOOP('',(#4786,#4788,#4789,#4790));
#4792=FACE_OUTER_BOUND('',#4791,.F.);
#4794=CARTESIAN_POINT('',(-3.057230637264E1,1.342273209849E1,3.982932560953E1));
#4795=CARTESIAN_POINT('',(-3.062014765533E1,1.341589131461E1,3.992103014325E1));
#4796=CARTESIAN_POINT('',(-3.068922091950E1,1.340422797662E1,4.008317171557E1));
#4797=CARTESIAN_POINT('',(-3.075557228484E1,1.338800226197E1,4.032251320523E1));
#4798=CARTESIAN_POINT('',(-3.079563700708E1,1.337211746857E1,4.056835308589E1));
#4799=CARTESIAN_POINT('',(-3.080073413303E1,1.336134579356E1,4.074527944443E1));
#4800=CARTESIAN_POINT('',(-3.079554943668E1,1.335523899993E1,4.084932220196E1));
#4801=CARTESIAN_POINT('',(-3.057702595934E1,1.357507102384E1,3.983943283678E1));
#4802=CARTESIAN_POINT('',(-3.062484561678E1,1.358172054299E1,3.993127159284E1));
#4803=CARTESIAN_POINT('',(-3.069407318740E1,1.359305838046E1,4.009354235363E1));
#4804=CARTESIAN_POINT('',(-3.076112460670E1,1.360882793507E1,4.033290034486E1));
#4805=CARTESIAN_POINT('',(-3.080229456821E1,1.362426064643E1,4.057866392068E1));
#4806=CARTESIAN_POINT('',(-3.080852177861E1,1.363471859310E1,4.075549553809E1));
#4807=CARTESIAN_POINT('',(-3.080411937166E1,1.364064380825E1,4.085948859964E1));
#4808=CARTESIAN_POINT('',(-3.055981160486E1,1.385606130266E1,3.980256701391E1));
#4809=CARTESIAN_POINT('',(-3.060771016218E1,1.388754067879E1,3.989391725838E1));
#4810=CARTESIAN_POINT('',(-3.067637620025E1,1.394120394803E1,4.005571821797E1));
#4811=CARTESIAN_POINT('',(-3.074087721196E1,1.401590407452E1,4.029501640899E1));
#4812=CARTESIAN_POINT('',(-3.077801732563E1,1.408910946878E1,4.054105751575E1));
#4813=CARTESIAN_POINT('',(-3.078011883403E1,1.413884833549E1,4.071823355133E1));
#4814=CARTESIAN_POINT('',(-3.077285681236E1,1.416709736219E1,4.082240728904E1));
#4815=CARTESIAN_POINT('',(-3.047472958946E1,1.423627372173E1,3.962037161815E1));
#4816=CARTESIAN_POINT('',(-3.052301735542E1,1.430205716138E1,3.970927327806E1));
#4817=CARTESIAN_POINT('',(-3.058886632077E1,1.441432711050E1,3.986870681726E1));
#4818=CARTESIAN_POINT('',(-3.064066525441E1,1.456989730138E1,4.010769689276E1));
#4819=CARTESIAN_POINT('',(-3.065784147369E1,1.472117918604E1,4.035513510343E1));
#4820=CARTESIAN_POINT('',(-3.063967458577E1,1.482243697508E1,4.053405040586E1));
#4821=CARTESIAN_POINT('',(-3.061848170488E1,1.487915292256E1,4.063913610225E1));
#4822=CARTESIAN_POINT('',(-3.035523911790E1,1.455651571012E1,3.936451888213E1));
#4823=CARTESIAN_POINT('',(-3.040407236338E1,1.465221365099E1,3.944992194697E1));
#4824=CARTESIAN_POINT('',(-3.046589271003E1,1.481577837610E1,3.960595074350E1));
#4825=CARTESIAN_POINT('',(-3.049968546654E1,1.504109000555E1,3.984448582904E1));
#4826=CARTESIAN_POINT('',(-3.048874485974E1,1.525798214323E1,4.009393081269E1));
#4827=CARTESIAN_POINT('',(-3.044232575809E1,1.540027992364E1,4.027535394479E1));
#4828=CARTESIAN_POINT('',(-3.040191645474E1,1.547849004930E1,4.038175382721E1));
#4829=CARTESIAN_POINT('',(-3.014931306578E1,1.494936817927E1,3.892365204385E1));
#4830=CARTESIAN_POINT('',(-3.019908297937E1,1.508359804435E1,3.900287876801E1));
#4831=CARTESIAN_POINT('',(-3.025378329258E1,1.531356262250E1,3.915284230345E1));
#4832=CARTESIAN_POINT('',(-3.025613859814E1,1.562733559416E1,3.939053751431E1));
#4833=CARTESIAN_POINT('',(-3.019655296876E1,1.592441548826E1,3.964355126541E1));
#4834=CARTESIAN_POINT('',(-3.010196336891E1,1.611284846718E1,3.982945801139E1));
#4835=CARTESIAN_POINT('',(-3.002927544086E1,1.621304014563E1,3.993820558585E1));
#4836=CARTESIAN_POINT('',(-2.982995528362E1,1.535011787976E1,3.824011508278E1));
#4837=CARTESIAN_POINT('',(-2.988116709340E1,1.552793987406E1,3.830934262977E1));
#4838=CARTESIAN_POINT('',(-2.992431954768E1,1.583376527455E1,3.844933182950E1));
#4839=CARTESIAN_POINT('',(-2.987676917495E1,1.624452193863E1,3.868556289369E1));
#4840=CARTESIAN_POINT('',(-2.974121363586E1,1.662262646161E1,3.894442823564E1));
#4841=CARTESIAN_POINT('',(-2.957339083062E1,1.684833810567E1,3.913775408561E1));
#4842=CARTESIAN_POINT('',(-2.945299909266E1,1.696092239520E1,3.925038114668E1));
#4843=CARTESIAN_POINT('',(-2.940225157458E1,1.569892876013E1,3.732513570732E1));
#4844=CARTESIAN_POINT('',(-2.945534458524E1,1.592263178200E1,3.737982767607E1));
#4845=CARTESIAN_POINT('',(-2.948166033658E1,1.630958473707E1,3.750488407541E1));
#4846=CARTESIAN_POINT('',(-2.936425855799E1,1.681703205241E1,3.773868880356E1));
#4847=CARTESIAN_POINT('',(-2.912565325435E1,1.726386764444E1,3.800626689021E1));
#4848=CARTESIAN_POINT('',(-2.886362788149E1,1.750414158472E1,3.821083223731E1));
#4849=CARTESIAN_POINT('',(-2.868532394624E1,1.760990806773E1,3.832932159834E1));
#4850=CARTESIAN_POINT('',(-2.895734180692E1,1.594004139606E1,3.637391708667E1));
#4851=CARTESIAN_POINT('',(-2.901230439682E1,1.620462820729E1,3.641201045981E1));
#4852=CARTESIAN_POINT('',(-2.901935147471E1,1.666515358956E1,3.651945798994E1));
#4853=CARTESIAN_POINT('',(-2.882556466878E1,1.725335504357E1,3.675010142650E1));
#4854=CARTESIAN_POINT('',(-2.847826061356E1,1.774520518643E1,3.702789361570E1));
#4855=CARTESIAN_POINT('',(-2.812305891114E1,1.797518338824E1,3.724588565554E1));
#4856=CARTESIAN_POINT('',(-2.789162467877E1,1.805705221589E1,3.737135916520E1));
#4857=CARTESIAN_POINT('',(-2.834047018271E1,1.614873930278E1,3.505596978871E1));
#4858=CARTESIAN_POINT('',(-2.839781133332E1,1.646422432519E1,3.506847805299E1));
#4859=CARTESIAN_POINT('',(-2.837511192120E1,1.701810681211E1,3.514781082705E1));
#4860=CARTESIAN_POINT('',(-2.806928749841E1,1.769935765747E1,3.537288098943E1));
#4861=CARTESIAN_POINT('',(-2.756902017688E1,1.822532648891E1,3.566687863488E1));
#4862=CARTESIAN_POINT('',(-2.709261112506E1,1.841240212317E1,3.590661960924E1));
#4863=CARTESIAN_POINT('',(-2.679872521734E1,1.844278009979E1,3.604337323968E1));
#4864=CARTESIAN_POINT('',(-2.786339081909E1,1.618544023186E1,3.403801552769E1));
#4865=CARTESIAN_POINT('',(-2.792220130772E1,1.653576017094E1,3.402692506322E1));
#4866=CARTESIAN_POINT('',(-2.787204139516E1,1.715568844956E1,3.407893683739E1));
#4867=CARTESIAN_POINT('',(-2.747085946103E1,1.789142969170E1,3.429784991143E1));
#4868=CARTESIAN_POINT('',(-2.684934405888E1,1.841451436224E1,3.460745307910E1));
#4869=CARTESIAN_POINT('',(-2.629059822389E1,1.853791720302E1,3.486877512724E1));
#4870=CARTESIAN_POINT('',(-2.596377069606E1,1.850992974563E1,3.501667579592E1));
#4871=CARTESIAN_POINT('',(-2.754153829716E1,1.615963630474E1,3.335221295310E1));
#4872=CARTESIAN_POINT('',(-2.760086204115E1,1.653232628913E1,3.332202685114E1));
#4873=CARTESIAN_POINT('',(-2.752855579301E1,1.719579989224E1,3.335070102169E1));
#4874=CARTESIAN_POINT('',(-2.705675787138E1,1.796161761937E1,3.356367872681E1));
#4875=CARTESIAN_POINT('',(-2.635188679895E1,1.846968146902E1,3.388648875394E1));
#4876=CARTESIAN_POINT('',(-2.574594262084E1,1.853701612903E1,3.416667608773E1));
#4877=CARTESIAN_POINT('',(-2.540685513978E1,1.846322529042E1,3.432427936546E1));
#4878=B_SPLINE_SURFACE_WITH_KNOTS('',3,3,((#4794,#4795,#4796,#4797,#4798,#4799,
#4800),(#4801,#4802,#4803,#4804,#4805,#4806,#4807),(#4808,#4809,#4810,#4811,
#4812,#4813,#4814),(#4815,#4816,#4817,#4818,#4819,#4820,#4821),(#4822,#4823,
#4824,#4825,#4826,#4827,#4828),(#4829,#4830,#4831,#4832,#4833,#4834,#4835),(
#4836,#4837,#4838,#4839,#4840,#4841,#4842),(#4843,#4844,#4845,#4846,#4847,#4848,
#4849),(#4850,#4851,#4852,#4853,#4854,#4855,#4856),(#4857,#4858,#4859,#4860,
#4861,#4862,#4863),(#4864,#4865,#4866,#4867,#4868,#4869,#4870),(#4871,#4872,
#4873,#4874,#4875,#4876,#4877)),.UNSPECIFIED.,.F.,.F.,.F.,(4,1,1,1,1,1,1,1,1,4),
(4,1,1,1,4),(2.118783241556E1,2.214835465817E1,2.294661228725E1,
2.374486991633E1,2.454312754540E1,2.629049204185E1,2.803785653830E1,
2.971804248745E1,3.139822843660E1,3.492899458667E1),(-2.155206331540E-1,5.E-1,
1.E0,1.5E0,2.220282168866E0),.UNSPECIFIED.);
#4879=ORIENTED_EDGE('',*,*,#4349,.T.);
#4881=ORIENTED_EDGE('',*,*,#4880,.T.);
#4882=ORIENTED_EDGE('',*,*,#4785,.T.);
#4883=ORIENTED_EDGE('',*,*,#4370,.F.);
#4884=EDGE_LOOP('',(#4879,#4881,#4882,#4883));
#4885=FACE_OUTER_BOUND('',#4884,.F.);
#4887=CARTESIAN_POINT('',(-2.58E1,1.35E1,7.15E1));
#4888=DIRECTION('',(0.E0,0.E0,1.E0));
#4889=DIRECTION('',(0.E0,1.E0,0.E0));
#4890=AXIS2_PLACEMENT_3D('',#4887,#4888,#4889);
#4891=CYLINDRICAL_SURFACE('',#4890,5.E0);
#4893=ORIENTED_EDGE('',*,*,#4892,.T.);
#4894=ORIENTED_EDGE('',*,*,#4880,.F.);
#4895=ORIENTED_EDGE('',*,*,#3181,.T.);
#4896=ORIENTED_EDGE('',*,*,#3242,.F.);
#4897=EDGE_LOOP('',(#4893,#4894,#4895,#4896));
#4898=FACE_OUTER_BOUND('',#4897,.F.);
#4900=CARTESIAN_POINT('',(-3.08E1,-1.85E1,9.6E1));
#4901=DIRECTION('',(1.E0,0.E0,0.E0));
#4902=DIRECTION('',(0.E0,1.E0,0.E0));
#4903=AXIS2_PLACEMENT_3D('',#4900,#4901,#4902);
#4904=PLANE('',#4903);
#4905=ORIENTED_EDGE('',*,*,#4787,.F.);
#4906=ORIENTED_EDGE('',*,*,#4892,.F.);
#4907=ORIENTED_EDGE('',*,*,#3240,.T.);
#4909=ORIENTED_EDGE('',*,*,#4908,.F.);
#4910=EDGE_LOOP('',(#4905,#4906,#4907,#4909));
#4911=FACE_OUTER_BOUND('',#4910,.F.);
#4913=CARTESIAN_POINT('',(-2.58E1,-1.35E1,7.15E1));
#4914=DIRECTION('',(0.E0,0.E0,1.E0));
#4915=DIRECTION('',(-1.E0,0.E0,0.E0));
#4916=AXIS2_PLACEMENT_3D('',#4913,#4914,#4915);
#4917=CYLINDRICAL_SURFACE('',#4916,5.E0);
#4918=ORIENTED_EDGE('',*,*,#3393,.T.);
#4919=ORIENTED_EDGE('',*,*,#4773,.T.);
#4920=ORIENTED_EDGE('',*,*,#4908,.T.);
#4921=ORIENTED_EDGE('',*,*,#3238,.F.);
#4922=EDGE_LOOP('',(#4918,#4919,#4920,#4921));
#4923=FACE_OUTER_BOUND('',#4922,.F.);
#4925=CARTESIAN_POINT('',(-2.000819492743E1,7.324206764175E0,2.050538430324E1));
#4926=CARTESIAN_POINT('',(-2.013777595502E1,7.298654999367E0,2.047369098684E1));
#4927=CARTESIAN_POINT('',(-2.036810198248E1,7.236712626463E0,2.043567470340E1));
#4928=CARTESIAN_POINT('',(-2.068927779326E1,7.108791944632E0,2.042871666264E1));
#4929=CARTESIAN_POINT('',(-2.096673903259E1,6.964503311698E0,2.046015003467E1));
#4930=CARTESIAN_POINT('',(-2.122292246340E1,6.795737135917E0,2.052857273814E1));
#4931=CARTESIAN_POINT('',(-2.145153926426E1,6.606627757739E0,2.063231497734E1));
#4932=CARTESIAN_POINT('',(-2.173179284323E1,6.313026565085E0,2.082797294528E1));
#4933=CARTESIAN_POINT('',(-2.187769470602E1,6.068247966895E0,2.103174008281E1));
#4934=CARTESIAN_POINT('',(-2.193884367313E1,5.899011980984E0,2.119102252360E1));
#4935=CARTESIAN_POINT('',(-1.984579854610E1,7.132391220437E0,2.033744560279E1));
#4936=CARTESIAN_POINT('',(-1.997770582486E1,7.106364438625E0,2.029779432171E1));
#4937=CARTESIAN_POINT('',(-2.021223366917E1,7.040177718232E0,2.024460971457E1));
#4938=CARTESIAN_POINT('',(-2.053870358975E1,6.897997252438E0,2.021403235876E1));
#4939=CARTESIAN_POINT('',(-2.081984151114E1,6.734780828890E0,2.022306202708E1));
#4940=CARTESIAN_POINT('',(-2.107806069161E1,6.541798406923E0,2.026864768402E1));
#4941=CARTESIAN_POINT('',(-2.130663726984E1,6.324028548010E0,2.034957643795E1));
#4942=CARTESIAN_POINT('',(-2.158337748776E1,5.984383654588E0,2.051313850701E1));
#4943=CARTESIAN_POINT('',(-2.172173744014E1,5.699956487679E0,2.069368940038E1));
#4944=CARTESIAN_POINT('',(-2.177516441084E1,5.503387895364E0,2.083799311290E1));
#4945=CARTESIAN_POINT('',(-1.948076389822E1,6.840572836972E0,1.995887865053E1));
#4946=CARTESIAN_POINT('',(-1.961818482749E1,6.819400161115E0,1.990329197603E1));
#4947=CARTESIAN_POINT('',(-1.986267352119E1,6.754992608252E0,1.981873318013E1));
#4948=CARTESIAN_POINT('',(-2.020167888135E1,6.598663627512E0,1.973730011108E1));
#4949=CARTESIAN_POINT('',(-2.049150007015E1,6.410230190525E0,1.969683755540E1));
#4950=CARTESIAN_POINT('',(-2.075449378240E1,6.180964340531E0,1.969097230854E1));
#4951=CARTESIAN_POINT('',(-2.098291667376E1,5.917538253386E0,1.971971938603E1));
#4952=CARTESIAN_POINT('',(-2.125127302099E1,5.501926944760E0,1.980902470986E1));
#4953=CARTESIAN_POINT('',(-2.137181845764E1,5.150012739842E0,1.993512910515E1));
#4954=CARTESIAN_POINT('',(-2.140716858309E1,4.907046589163E0,2.004430400166E1));
#4955=CARTESIAN_POINT('',(-1.888995514565E1,6.639380876576E0,1.934035634865E1));
#4956=CARTESIAN_POINT('',(-1.903806160780E1,6.637826934570E0,1.926974849532E1));
#4957=CARTESIAN_POINT('',(-1.930186649667E1,6.599137019808E0,1.914983681762E1));
#4958=CARTESIAN_POINT('',(-1.966508054925E1,6.456067178440E0,1.899931224303E1));
#4959=CARTESIAN_POINT('',(-1.997152020101E1,6.261484773494E0,1.888422419028E1));
#4960=CARTESIAN_POINT('',(-2.024342822286E1,6.009262872084E0,1.879481016533E1));
#4961=CARTESIAN_POINT('',(-2.047116639720E1,5.708317485219E0,1.873408713677E1));
#4962=CARTESIAN_POINT('',(-2.072290681528E1,5.222306627809E0,1.869091868962E1));
#4963=CARTESIAN_POINT('',(-2.080935103024E1,4.801669585331E0,1.871535133507E1));
#4964=CARTESIAN_POINT('',(-2.081114031747E1,4.511812575259E0,1.875889706394E1));
#4965=CARTESIAN_POINT('',(-1.832978322949E1,6.629301883740E0,1.874775221805E1));
#4966=CARTESIAN_POINT('',(-1.849009934242E1,6.651324226981E0,1.867449650790E1));
#4967=CARTESIAN_POINT('',(-1.877598878120E1,6.648306812823E0,1.853805754098E1));
#4968=CARTESIAN_POINT('',(-1.916677040396E1,6.538692420983E0,1.833708512873E1));
#4969=CARTESIAN_POINT('',(-1.949196778136E1,6.360079820943E0,1.815779802505E1));
#4970=CARTESIAN_POINT('',(-1.977368994635E1,6.109941187034E0,1.798923189392E1));
#4971=CARTESIAN_POINT('',(-2.000022464114E1,5.798693615960E0,1.783824997208E1));
#4972=CARTESIAN_POINT('',(-2.023258453351E1,5.283492920645E0,1.765565002401E1));
#4973=CARTESIAN_POINT('',(-2.028053900515E1,4.827506280427E0,1.756807621594E1));
#4974=CARTESIAN_POINT('',(-2.024556335654E1,4.513882209321E0,1.753926626583E1));
#4975=CARTESIAN_POINT('',(-1.782479718282E1,6.774997107179E0,1.820717930735E1));
#4976=CARTESIAN_POINT('',(-1.799855752743E1,6.818077985102E0,1.814377067815E1));
#4977=CARTESIAN_POINT('',(-1.830877950271E1,6.850271133386E0,1.801083383534E1));
#4978=CARTESIAN_POINT('',(-1.872981038208E1,6.782617117488E0,1.778131805279E1));
#4979=CARTESIAN_POINT('',(-1.907540341918E1,6.634180434971E0,1.755192104206E1));
#4980=CARTESIAN_POINT('',(-1.936751806668E1,6.405894298872E0,1.731254621114E1));
#4981=CARTESIAN_POINT('',(-1.959226309838E1,6.108663506534E0,1.707445013940E1));
#4982=CARTESIAN_POINT('',(-1.980285581812E1,5.604098350877E0,1.675081886342E1));
#4983=CARTESIAN_POINT('',(-1.980897299092E1,5.147563836040E0,1.654449239005E1));
#4984=CARTESIAN_POINT('',(-1.973523363811E1,4.834124579228E0,1.643888004722E1));
#4985=CARTESIAN_POINT('',(-1.737911047562E1,7.064356736387E0,1.772397269726E1));
#4986=CARTESIAN_POINT('',(-1.756734695284E1,7.120377228269E0,1.768127411757E1));
#4987=CARTESIAN_POINT('',(-1.790378389505E1,7.178351247170E0,1.756990614052E1));
#4988=CARTESIAN_POINT('',(-1.835728090683E1,7.151697283066E0,1.733273259681E1));
#4989=CARTESIAN_POINT('',(-1.872457944767E1,7.042052896856E0,1.706747362302E1));
#4990=CARTESIAN_POINT('',(-1.902747692186E1,6.852856397689E0,1.676656346433E1));
#4991=CARTESIAN_POINT('',(-1.924984154104E1,6.594253605745E0,1.644592907692E1));
#4992=CARTESIAN_POINT('',(-1.943658612865E1,6.143934467159E0,1.598212290218E1));
#4993=CARTESIAN_POINT('',(-1.939820159413E1,5.727631224686E0,1.565237905022E1));
#4994=CARTESIAN_POINT('',(-1.928437976968E1,5.442292597892E0,1.546683843063E1));
#4995=CARTESIAN_POINT('',(-1.702022149410E1,7.483158448720E0,1.732960495118E1));
#4996=CARTESIAN_POINT('',(-1.722264668125E1,7.537732397457E0,1.731420743653E1));
#4997=CARTESIAN_POINT('',(-1.758479172414E1,7.601663605360E0,1.723692324050E1));
#4998=CARTESIAN_POINT('',(-1.807001395517E1,7.603617797874E0,1.700995933366E1));
#4999=CARTESIAN_POINT('',(-1.845835329119E1,7.534406185131E0,1.672394845071E1));
#5000=CARTESIAN_POINT('',(-1.877144879167E1,7.398242865634E0,1.637476671022E1));
#5001=CARTESIAN_POINT('',(-1.899107142583E1,7.203122314520E0,1.598267842593E1));
#5002=CARTESIAN_POINT('',(-1.915407843331E1,6.855334517986E0,1.539149493717E1));
#5003=CARTESIAN_POINT('',(-1.907258486706E1,6.527652441860E0,1.494477916946E1));
#5004=CARTESIAN_POINT('',(-1.892094829569E1,6.303376891480E0,1.468336491270E1));
#5005=CARTESIAN_POINT('',(-1.676523617279E1,8.051640273638E0,1.704621714268E1));
#5006=CARTESIAN_POINT('',(-1.697938652212E1,8.085516712083E0,1.705676634570E1));
#5007=CARTESIAN_POINT('',(-1.736278398695E1,8.127833736952E0,1.701413988899E1));
#5008=CARTESIAN_POINT('',(-1.787416698423E1,8.138749380402E0,1.680484365477E1));
#5009=CARTESIAN_POINT('',(-1.827975803973E1,8.108725935380E0,1.650936690047E1));
#5010=CARTESIAN_POINT('',(-1.860106611066E1,8.040626254472E0,1.612683856366E1));
#5011=CARTESIAN_POINT('',(-1.881818722504E1,7.938736908370E0,1.568091293379E1));
#5012=CARTESIAN_POINT('',(-1.896137133794E1,7.753441653430E0,1.499006601885E1));
#5013=CARTESIAN_POINT('',(-1.884455240826E1,7.576067215845E0,1.444898105693E1));
#5014=CARTESIAN_POINT('',(-1.866250774877E1,7.454807485150E0,1.412627736340E1));
#5015=CARTESIAN_POINT('',(-1.671073023755E1,8.501172065890E0,1.698494698465E1));
#5016=CARTESIAN_POINT('',(-1.692778326587E1,8.509215018985E0,1.700250077267E1));
#5017=CARTESIAN_POINT('',(-1.731644387287E1,8.519209930365E0,1.696965509082E1));
#5018=CARTESIAN_POINT('',(-1.783428987245E1,8.521606390263E0,1.676656622107E1));
#5019=CARTESIAN_POINT('',(-1.824411954423E1,8.514214987229E0,1.647033675174E1));
#5020=CARTESIAN_POINT('',(-1.856740998196E1,8.497709064610E0,1.608094971150E1));
#5021=CARTESIAN_POINT('',(-1.878385662123E1,8.473119360172E0,1.562283535944E1));
#5022=CARTESIAN_POINT('',(-1.892208578136E1,8.428486835551E0,1.490856564448E1));
#5023=CARTESIAN_POINT('',(-1.879659360073E1,8.385825572102E0,1.434465166307E1));
#5024=CARTESIAN_POINT('',(-1.860721556773E1,8.356657562239E0,1.400710089154E1));
#5025=CARTESIAN_POINT('',(-1.672110082746E1,8.739122549093E0,1.699658986775E1));
#5026=CARTESIAN_POINT('',(-1.693761002455E1,8.733805720791E0,1.701284196169E1));
#5027=CARTESIAN_POINT('',(-1.732528459068E1,8.727192593136E0,1.697818582613E1));
#5028=CARTESIAN_POINT('',(-1.784191946957E1,8.725585888101E0,1.677396763660E1));
#5029=CARTESIAN_POINT('',(-1.825095442392E1,8.730441468367E0,1.647790841984E1));
#5030=CARTESIAN_POINT('',(-1.857387252359E1,8.741313408229E0,1.608983208090E1));
#5031=CARTESIAN_POINT('',(-1.879044451532E1,8.757521806222E0,1.563402233293E1));
#5032=CARTESIAN_POINT('',(-1.892960113616E1,8.786951178650E0,1.492416406928E1));
#5033=CARTESIAN_POINT('',(-1.880573525238E1,8.815087861112E0,1.436453712430E1));
#5034=CARTESIAN_POINT('',(-1.861773473440E1,8.834324894860E0,1.402977409037E1));
#5035=B_SPLINE_SURFACE_WITH_KNOTS('',3,3,((#4925,#4926,#4927,#4928,#4929,#4930,
#4931,#4932,#4933,#4934),(#4935,#4936,#4937,#4938,#4939,#4940,#4941,#4942,#4943,
#4944),(#4945,#4946,#4947,#4948,#4949,#4950,#4951,#4952,#4953,#4954),(#4955,
#4956,#4957,#4958,#4959,#4960,#4961,#4962,#4963,#4964),(#4965,#4966,#4967,#4968,
#4969,#4970,#4971,#4972,#4973,#4974),(#4975,#4976,#4977,#4978,#4979,#4980,#4981,
#4982,#4983,#4984),(#4985,#4986,#4987,#4988,#4989,#4990,#4991,#4992,#4993,
#4994),(#4995,#4996,#4997,#4998,#4999,#5000,#5001,#5002,#5003,#5004),(#5005,
#5006,#5007,#5008,#5009,#5010,#5011,#5012,#5013,#5014),(#5015,#5016,#5017,#5018,
#5019,#5020,#5021,#5022,#5023,#5024),(#5025,#5026,#5027,#5028,#5029,#5030,#5031,
#5032,#5033,#5034)),.UNSPECIFIED.,.F.,.F.,.F.,(4,1,1,1,1,1,1,1,4),(4,1,1,1,1,1,
1,4),(8.971340967653E0,1.083786283240E1,1.251225089430E1,1.397386907210E1,
1.543548724990E1,1.677298003647E1,1.811047282305E1,1.944796560963E1,
2.098931871551E1),(-7.509313681899E-2,2.5E-1,5.E-1,7.5E-1,1.E0,1.25E0,1.5E0,
2.075125984167E0),.UNSPECIFIED.);
#5036=ORIENTED_EDGE('',*,*,#4366,.F.);
#5037=ORIENTED_EDGE('',*,*,#3699,.F.);
#5039=ORIENTED_EDGE('',*,*,#5038,.F.);
#5040=ORIENTED_EDGE('',*,*,#4322,.T.);
#5041=ORIENTED_EDGE('',*,*,#4320,.T.);
#5042=EDGE_LOOP('',(#5036,#5037,#5039,#5040,#5041));
#5043=FACE_OUTER_BOUND('',#5042,.F.);
#5045=CARTESIAN_POINT('',(0.E0,8.644611732990E0,1.9E1));
#5046=DIRECTION('',(1.E0,0.E0,0.E0));
#5047=DIRECTION('',(0.E0,-6.988852839928E-1,7.152337798358E-1));
#5048=AXIS2_PLACEMENT_3D('',#5045,#5046,#5047);
#5049=CYLINDRICAL_SURFACE('',#5048,2.E0);
#5050=ORIENTED_EDGE('',*,*,#4221,.F.);
#5051=ORIENTED_EDGE('',*,*,#4306,.T.);
#5052=ORIENTED_EDGE('',*,*,#5038,.T.);
#5053=ORIENTED_EDGE('',*,*,#3697,.T.);
#5054=ORIENTED_EDGE('',*,*,#4203,.T.);
#5055=EDGE_LOOP('',(#5050,#5051,#5052,#5053,#5054));
#5056=FACE_OUTER_BOUND('',#5055,.F.);
#5058=CARTESIAN_POINT('',(1.8E1,1.85E1,8.7E1));
#5059=DIRECTION('',(-9.918357753074E-1,0.E0,1.275217425400E-1));
#5060=DIRECTION('',(-1.275217425400E-1,0.E0,-9.918357753074E-1));
#5061=AXIS2_PLACEMENT_3D('',#5058,#5059,#5060);
#5062=PLANE('',#5061);
#5064=ORIENTED_EDGE('',*,*,#5063,.T.);
#5066=ORIENTED_EDGE('',*,*,#5065,.F.);
#5067=ORIENTED_EDGE('',*,*,#3714,.F.);
#5068=ORIENTED_EDGE('',*,*,#3712,.T.);
#5069=ORIENTED_EDGE('',*,*,#3379,.F.);
#5070=EDGE_LOOP('',(#5064,#5066,#5067,#5068,#5069));
#5071=FACE_OUTER_BOUND('',#5070,.F.);
#5073=CARTESIAN_POINT('',(1.180027355860E1,-1.271525409810E1,2.309630546580E1));
#5074=DIRECTION('',(8.871758903269E-2,-7.183270377189E-1,6.900256924769E-1));
#5075=DIRECTION('',(-3.822095628376E-14,6.927573591874E-1,7.211707435078E-1));
#5076=AXIS2_PLACEMENT_3D('',#5073,#5074,#5075);
#5077=CYLINDRICAL_SURFACE('',#5076,2.E0);
#5078=ORIENTED_EDGE('',*,*,#5063,.F.);
#5079=ORIENTED_EDGE('',*,*,#3377,.T.);
#5081=ORIENTED_EDGE('',*,*,#5080,.F.);
#5083=ORIENTED_EDGE('',*,*,#5082,.F.);
#5085=ORIENTED_EDGE('',*,*,#5084,.T.);
#5086=EDGE_LOOP('',(#5078,#5079,#5081,#5083,#5085));
#5087=FACE_OUTER_BOUND('',#5086,.F.);
#5089=CARTESIAN_POINT('',(1.098877943568E1,-1.845595013339E1,3.025006103237E1));
#5090=CARTESIAN_POINT('',(1.109490307919E1,-1.835380479016E1,3.035312253648E1));
#5091=CARTESIAN_POINT('',(1.132432720738E1,-1.818265751380E1,3.051916936809E1));
#5092=CARTESIAN_POINT('',(1.172986419543E1,-1.799042355503E1,3.068666653672E1));
#5093=CARTESIAN_POINT('',(1.218091638825E1,-1.785843311058E1,3.077948142719E1));
#5094=CARTESIAN_POINT('',(1.250939128794E1,-1.781841789533E1,3.078297017320E1));
#5095=CARTESIAN_POINT('',(1.268833212804E1,-1.781267205493E1,3.076652962663E1));
#5096=CARTESIAN_POINT('',(1.101269075396E1,-1.863885255134E1,3.041550892860E1));
#5097=CARTESIAN_POINT('',(1.111860465914E1,-1.852676949686E1,3.051042857968E1));
#5098=CARTESIAN_POINT('',(1.134808251235E1,-1.833913233143E1,3.066259652391E1));
#5099=CARTESIAN_POINT('',(1.175462990558E1,-1.812898740891E1,3.081368136925E1));
#5100=CARTESIAN_POINT('',(1.220729623963E1,-1.798550022854E1,3.089418872009E1));
#5101=CARTESIAN_POINT('',(1.253712338138E1,-1.794293644314E1,3.089275900864E1));
#5102=CARTESIAN_POINT('',(1.271679033397E1,-1.793747695658E1,3.087479439267E1));
#5103=CARTESIAN_POINT('',(1.106208881839E1,-1.893100333473E1,3.075701204324E1));
#5104=CARTESIAN_POINT('',(1.116756148777E1,-1.880264082212E1,3.083496583346E1));
#5105=CARTESIAN_POINT('',(1.139714897932E1,-1.858815443676E1,3.095828241586E1));
#5106=CARTESIAN_POINT('',(1.180581265862E1,-1.834947142360E1,3.107551125871E1));
#5107=CARTESIAN_POINT('',(1.226186349449E1,-1.818851190492E1,3.113096119429E1));
#5108=CARTESIAN_POINT('',(1.259452715639E1,-1.814313039261E1,3.111987771356E1));
#5109=CARTESIAN_POINT('',(1.277571717944E1,-1.813899133198E1,3.109911491192E1));
#5110=CARTESIAN_POINT('',(1.114508124586E1,-1.922874163343E1,3.132940174434E1));
#5111=CARTESIAN_POINT('',(1.124977492438E1,-1.908260799344E1,3.137816908403E1));
#5112=CARTESIAN_POINT('',(1.147953985872E1,-1.883928187438E1,3.145217846817E1));
#5113=CARTESIAN_POINT('',(1.189189531068E1,-1.857173806444E1,3.151277309429E1));
#5114=CARTESIAN_POINT('',(1.235386796960E1,-1.839557524995E1,3.152785780304E1));
#5115=CARTESIAN_POINT('',(1.269150023741E1,-1.835095489572E1,3.150291874305E1));
#5116=CARTESIAN_POINT('',(1.287535789779E1,-1.835065224060E1,3.147907788313E1));
#5117=CARTESIAN_POINT('',(1.123479919142E1,-1.940360544127E1,3.194665615305E1));
#5118=CARTESIAN_POINT('',(1.133860784499E1,-1.924566643275E1,3.196310298203E1));
#5119=CARTESIAN_POINT('',(1.156855658834E1,-1.898369498891E1,3.198287322177E1));
#5120=CARTESIAN_POINT('',(1.198505728600E1,-1.869947323773E1,3.198253321905E1));
#5121=CARTESIAN_POINT('',(1.245369895579E1,-1.851740858523E1,3.195594059186E1));
#5122=CARTESIAN_POINT('',(1.279693297522E1,-1.847743766850E1,3.191867480985E1));
#5123=CARTESIAN_POINT('',(1.298379792164E1,-1.848226020349E1,3.189331872217E1));
#5124=CARTESIAN_POINT('',(1.129904997808E1,-1.942588462546E1,3.238733357896E1));
#5125=CARTESIAN_POINT('',(1.140218559325E1,-1.926483750871E1,3.237993867042E1));
#5126=CARTESIAN_POINT('',(1.163225835713E1,-1.899849206368E1,3.236002258947E1));
#5127=CARTESIAN_POINT('',(1.205186797874E1,-1.871247419879E1,3.231631662369E1));
#5128=CARTESIAN_POINT('',(1.252552915612E1,-1.853321308240E1,3.226165562596E1));
#5129=CARTESIAN_POINT('',(1.287298498413E1,-1.849875480830E1,3.221795196838E1));
#5130=CARTESIAN_POINT('',(1.306211614194E1,-1.850758646459E1,3.219313629318E1));
#5131=CARTESIAN_POINT('',(1.133411546387E1,-1.940829253613E1,3.262737934766E1));
#5132=CARTESIAN_POINT('',(1.143687026146E1,-1.924717709653E1,3.260673642629E1));
#5133=CARTESIAN_POINT('',(1.166700796615E1,-1.898114331507E1,3.256487645348E1));
#5134=CARTESIAN_POINT('',(1.208836227080E1,-1.869706283245E1,3.249759985715E1));
#5135=CARTESIAN_POINT('',(1.256484631273E1,-1.852118095242E1,3.242822659860E1));
#5136=CARTESIAN_POINT('',(1.291467827706E1,-1.849010636952E1,3.238181654198E1));
#5137=CARTESIAN_POINT('',(1.310508482794E1,-1.850104814539E1,3.235784145554E1));
#5138=B_SPLINE_SURFACE_WITH_KNOTS('',3,3,((#5089,#5090,#5091,#5092,#5093,#5094,
#5095),(#5096,#5097,#5098,#5099,#5100,#5101,#5102),(#5103,#5104,#5105,#5106,
#5107,#5108,#5109),(#5110,#5111,#5112,#5113,#5114,#5115,#5116),(#5117,#5118,
#5119,#5120,#5121,#5122,#5123),(#5124,#5125,#5126,#5127,#5128,#5129,#5130),(
#5131,#5132,#5133,#5134,#5135,#5136,#5137)),.UNSPECIFIED.,.F.,.F.,.F.,(4,1,1,1,
4),(4,1,1,1,4),(1.211662682637E1,1.323528406185E1,1.414544679450E1,
1.505560952715E1,1.617460294060E1),(7.300825390072E-1,1.095782928041E0,
1.397188618694E0,1.698594309347E0,2.064325059015E0),.UNSPECIFIED.);
#5139=ORIENTED_EDGE('',*,*,#3375,.T.);
#5141=ORIENTED_EDGE('',*,*,#5140,.F.);
#5142=ORIENTED_EDGE('',*,*,#5080,.T.);
#5143=EDGE_LOOP('',(#5139,#5141,#5142));
#5144=FACE_OUTER_BOUND('',#5143,.F.);
#5146=CARTESIAN_POINT('',(0.E0,-1.65E1,3.227847298410E1));
#5147=DIRECTION('',(1.E0,0.E0,0.E0));
#5148=DIRECTION('',(0.E0,-1.E0,0.E0));
#5149=AXIS2_PLACEMENT_3D('',#5146,#5147,#5148);
#5150=CYLINDRICAL_SURFACE('',#5149,2.E0);
#5151=ORIENTED_EDGE('',*,*,#3373,.T.);
#5153=ORIENTED_EDGE('',*,*,#5152,.F.);
#5155=ORIENTED_EDGE('',*,*,#5154,.T.);
#5156=ORIENTED_EDGE('',*,*,#5140,.T.);
#5157=EDGE_LOOP('',(#5151,#5153,#5155,#5156));
#5158=FACE_OUTER_BOUND('',#5157,.F.);
#5160=CARTESIAN_POINT('',(2.487296922620E1,-1.65E1,3.227847298410E1));
#5161=DIRECTION('',(9.073820883091E-1,0.E0,-4.203067282542E-1));
#5162=DIRECTION('',(-1.082054069345E-12,-1.E0,-2.335999914120E-12));
#5163=AXIS2_PLACEMENT_3D('',#5160,#5161,#5162);
#5164=SPHERICAL_SURFACE('',#5163,2.E0);
#5166=ORIENTED_EDGE('',*,*,#5165,.T.);
#5168=ORIENTED_EDGE('',*,*,#5167,.T.);
#5169=ORIENTED_EDGE('',*,*,#5152,.T.);
#5170=EDGE_LOOP('',(#5166,#5168,#5169));
#5171=FACE_OUTER_BOUND('',#5170,.F.);
#5173=CARTESIAN_POINT('',(2.190896020100E1,-1.65E1,2.587960159280E1));
#5174=DIRECTION('',(4.203067282602E-1,0.E0,9.073820883064E-1));
#5175=DIRECTION('',(0.E0,-1.E0,0.E0));
#5176=AXIS2_PLACEMENT_3D('',#5173,#5174,#5175);
#5177=CYLINDRICAL_SURFACE('',#5176,2.E0);
#5178=ORIENTED_EDGE('',*,*,#3509,.F.);
#5179=ORIENTED_EDGE('',*,*,#3531,.T.);
#5180=ORIENTED_EDGE('',*,*,#5165,.F.);
#5181=ORIENTED_EDGE('',*,*,#3371,.F.);
#5182=EDGE_LOOP('',(#5178,#5179,#5180,#5181));
#5183=FACE_OUTER_BOUND('',#5182,.F.);
#5185=CARTESIAN_POINT('',(2.251220553030E1,-1.119441435290E1,2.718192194550E1));
#5186=DIRECTION('',(3.055450538611E-1,-6.866826421792E-1,6.596280535202E-1));
#5187=DIRECTION('',(1.014786484495E-13,-6.927573591873E-1,-7.211707435080E-1));
#5188=AXIS2_PLACEMENT_3D('',#5185,#5186,#5187);
#5189=CYLINDRICAL_SURFACE('',#5188,2.E0);
#5191=ORIENTED_EDGE('',*,*,#5190,.F.);
#5192=ORIENTED_EDGE('',*,*,#5167,.F.);
#5193=ORIENTED_EDGE('',*,*,#3529,.F.);
#5195=ORIENTED_EDGE('',*,*,#5194,.F.);
#5196=EDGE_LOOP('',(#5191,#5192,#5193,#5195));
#5197=FACE_OUTER_BOUND('',#5196,.F.);
#5199=CARTESIAN_POINT('',(-1.8E1,-3.481895461680E0,1.7E1));
#5200=DIRECTION('',(0.E0,6.927573591871E-1,7.211707435081E-1));
#5201=DIRECTION('',(0.E0,-7.211707435081E-1,6.927573591871E-1));
#5202=AXIS2_PLACEMENT_3D('',#5199,#5200,#5201);
#5203=PLANE('',#5202);
#5204=ORIENTED_EDGE('',*,*,#5082,.T.);
#5205=ORIENTED_EDGE('',*,*,#5154,.F.);
#5206=ORIENTED_EDGE('',*,*,#5190,.T.);
#5208=ORIENTED_EDGE('',*,*,#5207,.F.);
#5209=EDGE_LOOP('',(#5204,#5205,#5206,#5208));
#5210=FACE_OUTER_BOUND('',#5209,.F.);
#5212=CARTESIAN_POINT('',(0.E0,-8.450939011150E0,1.9E1));
#5213=DIRECTION('',(1.E0,0.E0,0.E0));
#5214=DIRECTION('',(0.E0,0.E0,-1.E0));
#5215=AXIS2_PLACEMENT_3D('',#5212,#5213,#5214);
#5216=CYLINDRICAL_SURFACE('',#5215,2.E0);
#5217=ORIENTED_EDGE('',*,*,#5084,.F.);
#5218=ORIENTED_EDGE('',*,*,#5207,.T.);
#5220=ORIENTED_EDGE('',*,*,#5219,.T.);
#5221=ORIENTED_EDGE('',*,*,#3716,.T.);
#5222=ORIENTED_EDGE('',*,*,#5065,.T.);
#5223=EDGE_LOOP('',(#5217,#5218,#5220,#5221,#5222));
#5224=FACE_OUTER_BOUND('',#5223,.F.);
#5226=CARTESIAN_POINT('',(2.194968780939E1,-5.731637152547E0,2.121442301137E1));
#5227=CARTESIAN_POINT('',(2.188803167988E1,-5.899077049022E0,2.105412447660E1));
#5228=CARTESIAN_POINT('',(2.174162447503E1,-6.141242404547E0,2.084879938144E1));
#5229=CARTESIAN_POINT('',(2.146111812333E1,-6.431799775909E0,2.065100676111E1));
#5230=CARTESIAN_POINT('',(2.123249872977E1,-6.619000139357E0,2.054575724403E1));
#5231=CARTESIAN_POINT('',(2.097644970043E1,-6.786152168377E0,2.047582509502E1));
#5232=CARTESIAN_POINT('',(2.069923113319E1,-6.929177598365E0,2.044291021196E1));
#5233=CARTESIAN_POINT('',(2.037832361470E1,-7.056176326651E0,2.044830685317E1));
#5234=CARTESIAN_POINT('',(2.014818911336E1,-7.117844445247E0,2.048534426200E1));
#5235=CARTESIAN_POINT('',(2.001867935925E1,-7.143366240833E0,2.051654353083E1));
#5236=CARTESIAN_POINT('',(2.178729645995E1,-5.332290875978E0,2.086417171476E1));
#5237=CARTESIAN_POINT('',(2.173328674242E1,-5.527207439400E0,2.071870211624E1));
#5238=CARTESIAN_POINT('',(2.159434333515E1,-5.809225100885E0,2.053636057033E1));
#5239=CARTESIAN_POINT('',(2.131731161742E1,-6.146115056112E0,2.037036529239E1));
#5240=CARTESIAN_POINT('',(2.108873061576E1,-6.362189999696E0,2.028772925377E1));
#5241=CARTESIAN_POINT('',(2.083066642823E1,-6.553790398735E0,2.024045199377E1));
#5242=CARTESIAN_POINT('',(2.054980981554E1,-6.715995199186E0,2.022978451981E1));
#5243=CARTESIAN_POINT('',(2.022366327427E1,-6.857555093029E0,2.025867148839E1));
#5244=CARTESIAN_POINT('',(1.998937032078E1,-6.923689269617E0,2.031082431585E1));
#5245=CARTESIAN_POINT('',(1.985755782202E1,-6.949812603504E0,2.034996704878E1));
#5246=CARTESIAN_POINT('',(2.142093737471E1,-4.728440601158E0,2.007401308956E1));
#5247=CARTESIAN_POINT('',(2.138487916081E1,-4.970055013943E0,1.996342061779E1));
#5248=CARTESIAN_POINT('',(2.126361453866E1,-5.319985652389E0,1.983513446400E1));
#5249=CARTESIAN_POINT('',(2.099489615082E1,-5.733439710534E0,1.974292929287E1));
#5250=CARTESIAN_POINT('',(2.076646353617E1,-5.995610655292E0,1.971218344094E1));
#5251=CARTESIAN_POINT('',(2.050365957652E1,-6.223965457125E0,1.971612232898E1));
#5252=CARTESIAN_POINT('',(2.021418716873E1,-6.411890156786E0,1.975478710763E1));
#5253=CARTESIAN_POINT('',(1.987560172343E1,-6.568186756668E0,1.983446696738E1));
#5254=CARTESIAN_POINT('',(1.963142393219E1,-6.632962449069E0,1.991804405650E1));
#5255=CARTESIAN_POINT('',(1.949413865663E1,-6.654465379447E0,1.997318655786E1));
#5256=CARTESIAN_POINT('',(2.082512813559E1,-4.322478898834E0,1.878907887611E1));
#5257=CARTESIAN_POINT('',(2.082251245219E1,-4.611524603759E0,1.874386734562E1));
#5258=CARTESIAN_POINT('',(2.073520207419E1,-5.030953348415E0,1.871686780683E1));
#5259=CARTESIAN_POINT('',(2.048301324211E1,-5.515808968886E0,1.875677636640E1));
#5260=CARTESIAN_POINT('',(2.025525308361E1,-5.816189086253E0,1.881533866894E1));
#5261=CARTESIAN_POINT('',(1.998356934380E1,-6.068176827707E0,1.890279184304E1));
#5262=CARTESIAN_POINT('',(1.967755268309E1,-6.262902411831E0,1.901620122422E1));
#5263=CARTESIAN_POINT('',(1.931486571320E1,-6.406607869950E0,1.916531110055E1));
#5264=CARTESIAN_POINT('',(1.905145611433E1,-6.446062754077E0,1.928463484021E1));
#5265=CARTESIAN_POINT('',(1.890352965388E1,-6.448133543743E0,1.935507187012E1));
#5266=CARTESIAN_POINT('',(2.025812994684E1,-4.315897197136E0,1.756638342223E1));
#5267=CARTESIAN_POINT('',(2.029224201951E1,-4.629294354610E0,1.759343556517E1));
#5268=CARTESIAN_POINT('',(2.024335124679E1,-5.084919676695E0,1.767830099879E1));
#5269=CARTESIAN_POINT('',(2.001049014411E1,-5.599962929518E0,1.785762213964E1));
#5270=CARTESIAN_POINT('',(1.978392016833E1,-5.911274561248E0,1.800652435298E1));
#5271=CARTESIAN_POINT('',(1.950243545658E1,-6.161720698429E0,1.817333588714E1));
#5272=CARTESIAN_POINT('',(1.917769828227E1,-6.340907764005E0,1.835129123843E1));
#5273=CARTESIAN_POINT('',(1.878749766538E1,-6.451477640105E0,1.855140397677E1));
#5274=CARTESIAN_POINT('',(1.850204549628E1,-6.455335179241E0,1.868775580050E1));
#5275=CARTESIAN_POINT('',(1.834192993722E1,-6.433811756029E0,1.876115030558E1));
#5276=CARTESIAN_POINT('',(1.974495810905E1,-4.630562091502E0,1.645986934631E1));
#5277=CARTESIAN_POINT('',(1.981792188499E1,-4.944336725591E0,1.656388001376E1));
#5278=CARTESIAN_POINT('',(1.981093393869E1,-5.401332962892E0,1.676774138884E1));
#5279=CARTESIAN_POINT('',(1.959985734956E1,-5.906613252636E0,1.708852184352E1));
#5280=CARTESIAN_POINT('',(1.937506927572E1,-6.204396401407E0,1.732488768236E1));
#5281=CARTESIAN_POINT('',(1.908317155987E1,-6.433324526452E0,1.756291905891E1));
#5282=CARTESIAN_POINT('',(1.873801015352E1,-6.582489763623E0,1.779145309705E1));
#5283=CARTESIAN_POINT('',(1.831751613488E1,-6.651038784872E0,1.802068214511E1));
#5284=CARTESIAN_POINT('',(1.800769418672E1,-6.619450860581E0,1.815393838546E1));
#5285=CARTESIAN_POINT('',(1.783411094103E1,-6.576670024197E0,1.821770133430E1));
#5286=CARTESIAN_POINT('',(1.929078674136E1,-5.236267119771E0,1.548067602317E1));
#5287=CARTESIAN_POINT('',(1.940401714564E1,-5.522396001405E0,1.566496592697E1));
#5288=CARTESIAN_POINT('',(1.944171041427E1,-5.939833340308E0,1.599278901265E1));
#5289=CARTESIAN_POINT('',(1.925456356761E1,-6.391503704219E0,1.645447122922E1));
#5290=CARTESIAN_POINT('',(1.903215644660E1,-6.650961532157E0,1.677387142210E1));
#5291=CARTESIAN_POINT('',(1.872942914636E1,-6.840925199050E0,1.707391354576E1));
#5292=CARTESIAN_POINT('',(1.836247830663E1,-6.951223638795E0,1.733874400544E1));
#5293=CARTESIAN_POINT('',(1.790938940630E1,-6.978450658956E0,1.757604020807E1));
#5294=CARTESIAN_POINT('',(1.757324614447E1,-6.920676428471E0,1.768791530355E1));
#5295=CARTESIAN_POINT('',(1.738512500256E1,-6.864674785996E0,1.773102547103E1));
#5296=CARTESIAN_POINT('',(1.892403322420E1,-6.098543039836E0,1.469004234100E1));
#5297=CARTESIAN_POINT('',(1.907536095389E1,-6.323776465781E0,1.495076157314E1));
#5298=CARTESIAN_POINT('',(1.915647087438E1,-6.652848036828E0,1.539641481848E1));
#5299=CARTESIAN_POINT('',(1.899322205644E1,-7.002149681821E0,1.598646393234E1));
#5300=CARTESIAN_POINT('',(1.877357122607E1,-7.198142225155E0,1.637790794255E1));
#5301=CARTESIAN_POINT('',(1.846057196655E1,-7.334968467102E0,1.672667911881E1));
#5302=CARTESIAN_POINT('',(1.807243362423E1,-7.404600544836E0,1.701255344240E1));
#5303=CARTESIAN_POINT('',(1.758739304395E1,-7.402817621118E0,1.723974896322E1));
#5304=CARTESIAN_POINT('',(1.722535502605E1,-7.338718460602E0,1.731741384699E1));
#5305=CARTESIAN_POINT('',(1.702293925834E1,-7.283940831135E0,1.733307625584E1));
#5306=CARTESIAN_POINT('',(1.866303145791E1,-7.254300301330E0,1.412743535388E1));
#5307=CARTESIAN_POINT('',(1.884504733736E1,-7.376266053615E0,1.445000201967E1));
#5308=CARTESIAN_POINT('',(1.896180189332E1,-7.554670045303E0,1.499088420117E1));
#5309=CARTESIAN_POINT('',(1.881855093634E1,-7.741033917745E0,1.568152155935E1));
#5310=CARTESIAN_POINT('',(1.860142204496E1,-7.843503801751E0,1.612731267123E1));
#5311=CARTESIAN_POINT('',(1.828013623764E1,-7.911992286233E0,1.650976748152E1));
#5312=CARTESIAN_POINT('',(1.787459299770E1,-7.942188269027E0,1.680524029897E1));
#5313=CARTESIAN_POINT('',(1.736315375765E1,-7.931209747841E0,1.701466491761E1));
#5314=CARTESIAN_POINT('',(1.697966697777E1,-7.888625026735E0,1.705738348631E1));
#5315=CARTESIAN_POINT('',(1.676541537873E1,-7.854521568308E0,1.704686398174E1));
#5316=CARTESIAN_POINT('',(1.860708418196E1,-8.160731845369E0,1.400684733139E1));
#5317=CARTESIAN_POINT('',(1.879652439051E1,-8.190131545456E0,1.434444441733E1));
#5318=CARTESIAN_POINT('',(1.892205994926E1,-8.233130927216E0,1.490843739094E1));
#5319=CARTESIAN_POINT('',(1.878382539249E1,-8.278114976814E0,1.562278337376E1));
#5320=CARTESIAN_POINT('',(1.856737944208E1,-8.302896270258E0,1.608090945410E1));
#5321=CARTESIAN_POINT('',(1.824408705289E1,-8.319530475820E0,1.647030283146E1));
#5322=CARTESIAN_POINT('',(1.783425318242E1,-8.326978830582E0,1.676653249647E1));
#5323=CARTESIAN_POINT('',(1.731626986364E1,-8.324562092388E0,1.696966588959E1));
#5324=CARTESIAN_POINT('',(1.692745301323E1,-8.314481755687E0,1.700247389130E1));
#5325=CARTESIAN_POINT('',(1.671026125525E1,-8.306367349438E0,1.698485528662E1));
#5326=CARTESIAN_POINT('',(1.861765650058E1,-8.640657914420E0,1.402963502461E1));
#5327=CARTESIAN_POINT('',(1.880571154635E1,-8.621418426025E0,1.436442902350E1));
#5328=CARTESIAN_POINT('',(1.892961175365E1,-8.593278636552E0,1.492411138102E1));
#5329=CARTESIAN_POINT('',(1.879044459643E1,-8.563847291194E0,1.563402222234E1));
#5330=CARTESIAN_POINT('',(1.857387258179E1,-8.547639051812E0,1.608983176128E1));
#5331=CARTESIAN_POINT('',(1.825095452808E1,-8.536767267205E0,1.647790805736E1));
#5332=CARTESIAN_POINT('',(1.784191967965E1,-8.531911831248E0,1.677396741162E1));
#5333=CARTESIAN_POINT('',(1.732515436887E1,-8.533519076222E0,1.697823756952E1));
#5334=CARTESIAN_POINT('',(1.693732933431E1,-8.540136655405E0,1.701286758239E1));
#5335=CARTESIAN_POINT('',(1.672068469847E1,-8.545458938853E0,1.699655928232E1));
#5336=B_SPLINE_SURFACE_WITH_KNOTS('',3,3,((#5226,#5227,#5228,#5229,#5230,#5231,
#5232,#5233,#5234,#5235),(#5236,#5237,#5238,#5239,#5240,#5241,#5242,#5243,#5244,
#5245),(#5246,#5247,#5248,#5249,#5250,#5251,#5252,#5253,#5254,#5255),(#5256,
#5257,#5258,#5259,#5260,#5261,#5262,#5263,#5264,#5265),(#5266,#5267,#5268,#5269,
#5270,#5271,#5272,#5273,#5274,#5275),(#5276,#5277,#5278,#5279,#5280,#5281,#5282,
#5283,#5284,#5285),(#5286,#5287,#5288,#5289,#5290,#5291,#5292,#5293,#5294,
#5295),(#5296,#5297,#5298,#5299,#5300,#5301,#5302,#5303,#5304,#5305),(#5306,
#5307,#5308,#5309,#5310,#5311,#5312,#5313,#5314,#5315),(#5316,#5317,#5318,#5319,
#5320,#5321,#5322,#5323,#5324,#5325),(#5326,#5327,#5328,#5329,#5330,#5331,#5332,
#5333,#5334,#5335)),.UNSPECIFIED.,.F.,.F.,.F.,(4,1,1,1,1,1,1,1,4),(4,1,1,1,1,1,
1,4),(8.951753062930E0,1.081915655505E1,1.249432403470E1,1.396131400750E1,
1.542830398030E1,1.677301179638E1,1.811771961245E1,1.946242742853E1,
2.101099237095E1),(-7.520636581686E-2,5.E-1,7.5E-1,1.E0,1.25E0,1.5E0,1.75E0,
2.075301707109E0),.UNSPECIFIED.);
#5337=ORIENTED_EDGE('',*,*,#3718,.F.);
#5338=ORIENTED_EDGE('',*,*,#5219,.F.);
#5339=ORIENTED_EDGE('',*,*,#5194,.T.);
#5340=ORIENTED_EDGE('',*,*,#3527,.F.);
#5341=EDGE_LOOP('',(#5337,#5338,#5339,#5340));
#5342=FACE_OUTER_BOUND('',#5341,.F.);
#5344=CARTESIAN_POINT('',(5.2E0,-1.85E1,9.6E1));
#5345=DIRECTION('',(1.E0,0.E0,0.E0));
#5346=DIRECTION('',(0.E0,1.E0,0.E0));
#5347=AXIS2_PLACEMENT_3D('',#5344,#5345,#5346);
#5348=PLANE('',#5347);
#5349=ORIENTED_EDGE('',*,*,#3328,.F.);
#5351=ORIENTED_EDGE('',*,*,#5350,.F.);
#5353=ORIENTED_EDGE('',*,*,#5352,.T.);
#5355=ORIENTED_EDGE('',*,*,#5354,.F.);
#5357=ORIENTED_EDGE('',*,*,#5356,.F.);
#5359=ORIENTED_EDGE('',*,*,#5358,.T.);
#5361=ORIENTED_EDGE('',*,*,#5360,.F.);
#5363=ORIENTED_EDGE('',*,*,#5362,.F.);
#5365=ORIENTED_EDGE('',*,*,#5364,.F.);
#5366=ORIENTED_EDGE('',*,*,#3341,.T.);
#5367=EDGE_LOOP('',(#5349,#5351,#5353,#5355,#5357,#5359,#5361,#5363,#5365,
#5366));
#5368=FACE_OUTER_BOUND('',#5367,.F.);
#5370=CARTESIAN_POINT('',(0.E0,0.E0,9.6E1));
#5371=DIRECTION('',(0.E0,0.E0,1.E0));
#5372=DIRECTION('',(-1.E0,0.E0,0.E0));
#5373=AXIS2_PLACEMENT_3D('',#5370,#5371,#5372);
#5374=PLANE('',#5373);
#5375=ORIENTED_EDGE('',*,*,#5350,.T.);
#5376=ORIENTED_EDGE('',*,*,#3313,.F.);
#5377=ORIENTED_EDGE('',*,*,#3284,.T.);
#5379=ORIENTED_EDGE('',*,*,#5378,.T.);
#5380=EDGE_LOOP('',(#5375,#5376,#5377,#5379));
#5381=FACE_OUTER_BOUND('',#5380,.F.);
#5383=CARTESIAN_POINT('',(0.E0,-8.E0,0.E0));
#5384=DIRECTION('',(0.E0,-1.E0,0.E0));
#5385=DIRECTION('',(0.E0,0.E0,1.E0));
#5386=AXIS2_PLACEMENT_3D('',#5383,#5384,#5385);
#5387=PLANE('',#5386);
#5388=ORIENTED_EDGE('',*,*,#3282,.T.);
#5390=ORIENTED_EDGE('',*,*,#5389,.T.);
#5392=ORIENTED_EDGE('',*,*,#5391,.T.);
#5393=ORIENTED_EDGE('',*,*,#5352,.F.);
#5394=ORIENTED_EDGE('',*,*,#5378,.F.);
#5395=EDGE_LOOP('',(#5388,#5390,#5392,#5393,#5394));
#5396=FACE_OUTER_BOUND('',#5395,.F.);
#5398=CARTESIAN_POINT('',(0.E0,-6.E0,1.200981603760E2));
#5399=DIRECTION('',(0.E0,-1.E0,0.E0));
#5400=DIRECTION('',(-7.887515168032E-1,0.E0,-6.147121641392E-1));
#5401=AXIS2_PLACEMENT_3D('',#5398,#5399,#5400);
#5402=TOROIDAL_SURFACE('',#5401,1.060229578450E1,2.E0);
#5403=ORIENTED_EDGE('',*,*,#3280,.F.);
#5405=ORIENTED_EDGE('',*,*,#5404,.T.);
#5406=ORIENTED_EDGE('',*,*,#5354,.T.);
#5407=ORIENTED_EDGE('',*,*,#5391,.F.);
#5408=ORIENTED_EDGE('',*,*,#5389,.F.);
#5409=EDGE_LOOP('',(#5403,#5405,#5406,#5407,#5408));
#5410=FACE_OUTER_BOUND('',#5409,.F.);
#5412=CARTESIAN_POINT('',(0.E0,0.E0,1.200981603760E2));
#5413=DIRECTION('',(0.E0,-1.E0,0.E0));
#5414=DIRECTION('',(-9.328924540953E-1,0.E0,-3.601550625661E-1));
#5415=AXIS2_PLACEMENT_3D('',#5412,#5413,#5414);
#5416=CYLINDRICAL_SURFACE('',#5415,8.602295784540E0);
#5418=ORIENTED_EDGE('',*,*,#5417,.F.);
#5419=ORIENTED_EDGE('',*,*,#5356,.T.);
#5420=ORIENTED_EDGE('',*,*,#5404,.F.);
#5421=ORIENTED_EDGE('',*,*,#3278,.T.);
#5422=EDGE_LOOP('',(#5418,#5419,#5420,#5421));
#5423=FACE_OUTER_BOUND('',#5422,.F.);
#5425=CARTESIAN_POINT('',(-2.264854970240E-14,6.E0,1.200981603760E2));
#5426=DIRECTION('',(0.E0,-1.E0,0.E0));
#5427=DIRECTION('',(-7.887515168032E-1,0.E0,-6.147121641392E-1));
#5428=AXIS2_PLACEMENT_3D('',#5425,#5426,#5427);
#5429=TOROIDAL_SURFACE('',#5428,1.060229578450E1,2.E0);
#5430=ORIENTED_EDGE('',*,*,#3276,.T.);
#5432=ORIENTED_EDGE('',*,*,#5431,.F.);
#5433=ORIENTED_EDGE('',*,*,#5358,.F.);
#5434=ORIENTED_EDGE('',*,*,#5417,.T.);
#5435=EDGE_LOOP('',(#5430,#5432,#5433,#5434));
#5436=FACE_OUTER_BOUND('',#5435,.F.);
#5438=CARTESIAN_POINT('',(0.E0,8.E0,0.E0));
#5439=DIRECTION('',(0.E0,-1.E0,0.E0));
#5440=DIRECTION('',(0.E0,0.E0,1.E0));
#5441=AXIS2_PLACEMENT_3D('',#5438,#5439,#5440);
#5442=PLANE('',#5441);
#5443=ORIENTED_EDGE('',*,*,#5431,.T.);
#5444=ORIENTED_EDGE('',*,*,#3274,.F.);
#5446=ORIENTED_EDGE('',*,*,#5445,.T.);
#5447=ORIENTED_EDGE('',*,*,#5360,.T.);
#5448=EDGE_LOOP('',(#5443,#5444,#5446,#5447));
#5449=FACE_OUTER_BOUND('',#5448,.F.);
#5451=CARTESIAN_POINT('',(0.E0,0.E0,9.6E1));
#5452=DIRECTION('',(0.E0,0.E0,1.E0));
#5453=DIRECTION('',(-1.E0,0.E0,0.E0));
#5454=AXIS2_PLACEMENT_3D('',#5451,#5452,#5453);
#5455=PLANE('',#5454);
#5456=ORIENTED_EDGE('',*,*,#3272,.T.);
#5458=ORIENTED_EDGE('',*,*,#5457,.F.);
#5459=ORIENTED_EDGE('',*,*,#5362,.T.);
#5460=ORIENTED_EDGE('',*,*,#5445,.F.);
#5461=EDGE_LOOP('',(#5456,#5458,#5459,#5460));
#5462=FACE_OUTER_BOUND('',#5461,.F.);
#5464=CARTESIAN_POINT('',(0.E0,1.35E1,9.1E1));
#5465=DIRECTION('',(-1.E0,0.E0,0.E0));
#5466=DIRECTION('',(0.E0,0.E0,1.E0));
#5467=AXIS2_PLACEMENT_3D('',#5464,#5465,#5466);
#5468=CYLINDRICAL_SURFACE('',#5467,5.E0);
#5469=ORIENTED_EDGE('',*,*,#3220,.T.);
#5470=ORIENTED_EDGE('',*,*,#3207,.T.);
#5472=ORIENTED_EDGE('',*,*,#5471,.F.);
#5473=ORIENTED_EDGE('',*,*,#5457,.T.);
#5474=EDGE_LOOP('',(#5469,#5470,#5472,#5473));
#5475=FACE_OUTER_BOUND('',#5474,.F.);
#5477=CARTESIAN_POINT('',(1.02E1,1.35E1,7.15E1));
#5478=DIRECTION('',(0.E0,0.E0,1.E0));
#5479=DIRECTION('',(0.E0,1.E0,0.E0));
#5480=AXIS2_PLACEMENT_3D('',#5477,#5478,#5479);
#5481=CYLINDRICAL_SURFACE('',#5480,5.E0);
#5482=ORIENTED_EDGE('',*,*,#3343,.F.);
#5483=ORIENTED_EDGE('',*,*,#5364,.T.);
#5484=ORIENTED_EDGE('',*,*,#5471,.T.);
#5485=ORIENTED_EDGE('',*,*,#3205,.T.);
#5486=EDGE_LOOP('',(#5482,#5483,#5484,#5485));
#5487=FACE_OUTER_BOUND('',#5486,.F.);
#5489=CARTESIAN_POINT('',(2.58E1,1.35E1,7.15E1));
#5490=DIRECTION('',(0.E0,0.E0,1.E0));
#5491=DIRECTION('',(1.E0,0.E0,0.E0));
#5492=AXIS2_PLACEMENT_3D('',#5489,#5490,#5491);
#5493=CYLINDRICAL_SURFACE('',#5492,5.E0);
#5494=ORIENTED_EDGE('',*,*,#3201,.T.);
#5495=ORIENTED_EDGE('',*,*,#3035,.F.);
#5496=ORIENTED_EDGE('',*,*,#2917,.T.);
#5497=ORIENTED_EDGE('',*,*,#3346,.F.);
#5498=EDGE_LOOP('',(#5494,#5495,#5496,#5497));
#5499=FACE_OUTER_BOUND('',#5498,.F.);
#5501=CARTESIAN_POINT('',(-8.8E0,5.311622476540E0,1.26E2));
#5502=DIRECTION('',(-5.000000000002E-1,-8.660254037843E-1,0.E0));
#5503=DIRECTION('',(-8.660254037843E-1,5.000000000002E-1,0.E0));
#5504=AXIS2_PLACEMENT_3D('',#5501,#5502,#5503);
#5505=PLANE('',#5504);
#5507=ORIENTED_EDGE('',*,*,#5506,.T.);
#5509=ORIENTED_EDGE('',*,*,#5508,.F.);
#5511=ORIENTED_EDGE('',*,*,#5510,.F.);
#5512=ORIENTED_EDGE('',*,*,#3248,.F.);
#5513=EDGE_LOOP('',(#5507,#5509,#5511,#5512));
#5514=FACE_OUTER_BOUND('',#5513,.F.);
#5516=CARTESIAN_POINT('',(-8.8E0,-5.311622476540E0,1.26E2));
#5517=DIRECTION('',(-1.E0,0.E0,0.E0));
#5518=DIRECTION('',(0.E0,1.E0,0.E0));
#5519=AXIS2_PLACEMENT_3D('',#5516,#5517,#5518);
#5520=PLANE('',#5519);
#5522=ORIENTED_EDGE('',*,*,#5521,.T.);
#5524=ORIENTED_EDGE('',*,*,#5523,.T.);
#5525=ORIENTED_EDGE('',*,*,#5506,.F.);
#5526=ORIENTED_EDGE('',*,*,#3258,.F.);
#5527=EDGE_LOOP('',(#5522,#5524,#5525,#5526));
#5528=FACE_OUTER_BOUND('',#5527,.F.);
#5530=CARTESIAN_POINT('',(-1.8E1,-1.062324495310E1,1.26E2));
#5531=DIRECTION('',(-5.000000000002E-1,8.660254037843E-1,0.E0));
#5532=DIRECTION('',(8.660254037843E-1,5.000000000002E-1,0.E0));
#5533=AXIS2_PLACEMENT_3D('',#5530,#5531,#5532);
#5534=PLANE('',#5533);
#5536=ORIENTED_EDGE('',*,*,#5535,.T.);
#5538=ORIENTED_EDGE('',*,*,#5537,.F.);
#5539=ORIENTED_EDGE('',*,*,#5521,.F.);
#5540=ORIENTED_EDGE('',*,*,#3256,.F.);
#5541=EDGE_LOOP('',(#5536,#5538,#5539,#5540));
#5542=FACE_OUTER_BOUND('',#5541,.F.);
#5544=CARTESIAN_POINT('',(-2.72E1,-5.311622476540E0,1.26E2));
#5545=DIRECTION('',(5.000000000002E-1,8.660254037843E-1,0.E0));
#5546=DIRECTION('',(8.660254037843E-1,-5.000000000002E-1,0.E0));
#5547=AXIS2_PLACEMENT_3D('',#5544,#5545,#5546);
#5548=PLANE('',#5547);
#5550=ORIENTED_EDGE('',*,*,#5549,.T.);
#5552=ORIENTED_EDGE('',*,*,#5551,.F.);
#5553=ORIENTED_EDGE('',*,*,#5535,.F.);
#5554=ORIENTED_EDGE('',*,*,#3254,.F.);
#5555=EDGE_LOOP('',(#5550,#5552,#5553,#5554));
#5556=FACE_OUTER_BOUND('',#5555,.F.);
#5558=CARTESIAN_POINT('',(-2.72E1,5.311622476540E0,1.26E2));
#5559=DIRECTION('',(1.E0,0.E0,0.E0));
#5560=DIRECTION('',(0.E0,-1.E0,0.E0));
#5561=AXIS2_PLACEMENT_3D('',#5558,#5559,#5560);
#5562=PLANE('',#5561);
#5564=ORIENTED_EDGE('',*,*,#5563,.T.);
#5566=ORIENTED_EDGE('',*,*,#5565,.T.);
#5567=ORIENTED_EDGE('',*,*,#5549,.F.);
#5568=ORIENTED_EDGE('',*,*,#3252,.F.);
#5569=EDGE_LOOP('',(#5564,#5566,#5567,#5568));
#5570=FACE_OUTER_BOUND('',#5569,.F.);
#5572=CARTESIAN_POINT('',(-1.8E1,1.062324495310E1,1.26E2));
#5573=DIRECTION('',(5.000000000002E-1,-8.660254037843E-1,0.E0));
#5574=DIRECTION('',(-8.660254037843E-1,-5.000000000002E-1,0.E0));
#5575=AXIS2_PLACEMENT_3D('',#5572,#5573,#5574);
#5576=PLANE('',#5575);
#5577=ORIENTED_EDGE('',*,*,#5510,.T.);
#5579=ORIENTED_EDGE('',*,*,#5578,.F.);
#5580=ORIENTED_EDGE('',*,*,#5563,.F.);
#5581=ORIENTED_EDGE('',*,*,#3250,.F.);
#5582=EDGE_LOOP('',(#5577,#5579,#5580,#5581));
#5583=FACE_OUTER_BOUND('',#5582,.F.);
#5585=CARTESIAN_POINT('',(0.E0,0.E0,1.16E2));
#5586=DIRECTION('',(0.E0,0.E0,1.E0));
#5587=DIRECTION('',(-1.E0,0.E0,0.E0));
#5588=AXIS2_PLACEMENT_3D('',#5585,#5586,#5587);
#5589=PLANE('',#5588);
#5590=ORIENTED_EDGE('',*,*,#5565,.F.);
#5591=ORIENTED_EDGE('',*,*,#5578,.T.);
#5592=ORIENTED_EDGE('',*,*,#5508,.T.);
#5593=ORIENTED_EDGE('',*,*,#5523,.F.);
#5594=ORIENTED_EDGE('',*,*,#5537,.T.);
#5595=ORIENTED_EDGE('',*,*,#5551,.T.);
#5596=EDGE_LOOP('',(#5590,#5591,#5592,#5593,#5594,#5595));
#5597=FACE_OUTER_BOUND('',#5596,.F.);
#5599=ORIENTED_EDGE('',*,*,#5598,.T.);
#5600=ORIENTED_EDGE('',*,*,#2741,.T.);
#5601=EDGE_LOOP('',(#5599,#5600));
#5602=FACE_BOUND('',#5601,.F.);
#5604=CARTESIAN_POINT('',(-1.8E1,0.E0,9.1E1));
#5605=DIRECTION('',(0.E0,0.E0,1.E0));
#5606=DIRECTION('',(-1.E0,0.E0,0.E0));
#5607=AXIS2_PLACEMENT_3D('',#5604,#5605,#5606);
#5608=CYLINDRICAL_SURFACE('',#5607,7.5E0);
#5609=ORIENTED_EDGE('',*,*,#2624,.T.);
#5610=ORIENTED_EDGE('',*,*,#2743,.F.);
#5611=ORIENTED_EDGE('',*,*,#5598,.F.);
#5612=ORIENTED_EDGE('',*,*,#2739,.T.);
#5613=ORIENTED_EDGE('',*,*,#2639,.T.);
#5614=ORIENTED_EDGE('',*,*,#2637,.T.);
#5615=EDGE_LOOP('',(#5609,#5610,#5611,#5612,#5613,#5614));
#5616=FACE_OUTER_BOUND('',#5615,.F.);
#5618=CARTESIAN_POINT('',(1.8E1,0.E0,1.035E2));
#5619=DIRECTION('',(0.E0,0.E0,1.E0));
#5620=DIRECTION('',(-1.E0,0.E0,0.E0));
#5621=AXIS2_PLACEMENT_3D('',#5618,#5619,#5620);
#5622=CYLINDRICAL_SURFACE('',#5621,7.5E0);
#5623=ORIENTED_EDGE('',*,*,#2763,.T.);
#5624=ORIENTED_EDGE('',*,*,#2601,.F.);
#5625=ORIENTED_EDGE('',*,*,#2586,.F.);
#5626=ORIENTED_EDGE('',*,*,#2598,.T.);
#5627=EDGE_LOOP('',(#5623,#5624,#5625,#5626));
#5628=FACE_OUTER_BOUND('',#5627,.F.);
#5632=CARTESIAN_POINT('',(0.E0,0.E0,0.E0));
#5633=DIRECTION('',(0.E0,-1.E0,0.E0));
#5634=DIRECTION('',(0.E0,0.E0,1.E0));
#5635=AXIS2_PLACEMENT_3D('GREIFER_V1_PRT',#5632,#5633,#5634);
#5636=DRAUGHTING_PRE_DEFINED_CURVE_FONT('continuous');
#5637=CURVE_STYLE('',#5636,POSITIVE_LENGTH_MEASURE(2.E-2),#4);
#5638=PRESENTATION_STYLE_ASSIGNMENT((#5637));
#5639=STYLED_ITEM('',(#5638),#5635);
#5640=CARTESIAN_POINT('PUNKT_3',(0.E0,0.E0,0.E0));
#5642=CARTESIAN_POINT('',(0.E0,0.E0,0.E0));
#5643=DIRECTION('',(0.E0,0.E0,1.E0));
#5644=DIRECTION('',(1.E0,0.E0,0.E0));
#5645=AXIS2_PLACEMENT_3D('CS0',#5642,#5643,#5644);
#5646=CURVE_STYLE('',#5636,POSITIVE_LENGTH_MEASURE(2.E-2),#4);
#5647=PRESENTATION_STYLE_ASSIGNMENT((#5646));
#5648=STYLED_ITEM('',(#5647),#5645);
#5649=PRESENTATION_LAYER_ASSIGNMENT('CLOSED_SHELL','',(#5631));
#5652=PLANE_ANGLE_MEASURE_WITH_UNIT(PLANE_ANGLE_MEASURE(1.745329251994E-2),
#5651);
#5653=(CONVERSION_BASED_UNIT('DEGREE',#5652)NAMED_UNIT(*)PLANE_ANGLE_UNIT());
#5655=UNCERTAINTY_MEASURE_WITH_UNIT(LENGTH_MEASURE(1.584991801878E-2),#5650,
'distance_accuracy_value',
'Maximum model space distance between geometric entities at asserted connectivities');
#5641=GEOMETRIC_SET('',(#5640));
#5660=SHAPE_REPRESENTATION_RELATIONSHIP('','',#5659,#5657);
#5661=SHAPE_REPRESENTATION_RELATIONSHIP('','',#5659,#5658);
#5662=MECHANICAL_DESIGN_GEOMETRIC_PRESENTATION_REPRESENTATION('',(#5639,#5648),
#5656);
#5663=APPLICATION_CONTEXT('automotive_design');
#5664=APPLICATION_PROTOCOL_DEFINITION('international standard',
'automotive_design',2001,#5663);
#5665=PRODUCT_DEFINITION_CONTEXT('part definition',#5663,'design');
#5666=PRODUCT_CONTEXT('',#5663,'mechanical');
#5667=PRODUCT('PRT0002','PRT0002','NOT SPECIFIED',(#5666));
#5668=PRODUCT_DEFINITION_FORMATION('1','LAST_VERSION',#5667);
#5676=DERIVED_UNIT_ELEMENT(#5675,2.E0);
#5677=DERIVED_UNIT((#5676));
#5678=MEASURE_REPRESENTATION_ITEM('surface area measure',AREA_MEASURE(
4.376404721307E4),#5677);
#5683=DERIVED_UNIT_ELEMENT(#5682,3.E0);
#5684=DERIVED_UNIT((#5683));
#5685=MEASURE_REPRESENTATION_ITEM('volume measure',VOLUME_MEASURE(
2.407675944498E5),#5684);
#5689=CARTESIAN_POINT('centre point',(-5.918770678329E-2,1.748427262957E-3,
5.531337174428E1));
#5694=DERIVED_UNIT_ELEMENT(#5693,2.E0);
#5695=DERIVED_UNIT((#5694));
#5696=MEASURE_REPRESENTATION_ITEM('surface area measure',AREA_MEASURE(
4.376404721307E4),#5695);
#5701=DERIVED_UNIT_ELEMENT(#5700,3.E0);
#5702=DERIVED_UNIT((#5701));
#5703=MEASURE_REPRESENTATION_ITEM('volume measure',VOLUME_MEASURE(
2.407675944498E5),#5702);
#5707=CARTESIAN_POINT('centre point',(-5.918770678329E-2,1.748427262957E-3,
5.531337174428E1));
#5712=PRODUCT_RELATED_PRODUCT_CATEGORY('part','',(#5667));
#1=DRAUGHTING_PRE_DEFINED_COLOUR('green');
#2=COLOUR_RGB('',1.1E-2,1.2E-2,1.E0);
#3=COLOUR_RGB('',4.1E-1,2.61589E-1,1.12848E-1);
#4=COLOUR_RGB('',4.705882352941E-1,3.137254901961E-1,3.333333333333E-1);
#5=COLOUR_RGB('',5.04854E-1,1.5455E-2,1.5455E-2);
#6=COLOUR_RGB('',6.35294E-1,6.86275E-1,7.4902E-1);
#7=COLOUR_RGB('',6.40777E-1,6.40777E-1,6.40777E-1);
#8=COLOUR_RGB('',6.666666666667E-1,5.882352941176E-2,3.333333333333E-1);
#9=COLOUR_RGB('',6.69062E-1,6.69903E-1,6.55217E-1);
#10=COLOUR_RGB('',9.21569E-1,7.05882E-1,4.70588E-1);
#11=DRAUGHTING_PRE_DEFINED_COLOUR('red');
#12=DRAUGHTING_PRE_DEFINED_COLOUR('yellow');
#13=COLOUR_RGB('',1.E0,1.E0,5.3E-1);
#14=COLOUR_RGB('',1.E0,1.E0,9.49E-1);
#15=DRAUGHTING_PRE_DEFINED_COLOUR('white');
#68=CIRCLE('',#67,7.5E0);
#73=CIRCLE('',#72,7.5E0);
#85=B_SPLINE_CURVE_WITH_KNOTS('',3,(#74,#75,#76,#77,#78,#79,#80,#81,#82,#83,
#84),.UNSPECIFIED.,.F.,.F.,(4,1,1,1,1,1,1,1,4),(0.E0,1.25E-1,2.5E-1,3.75E-1,
5.E-1,6.25E-1,7.5E-1,8.75E-1,1.E0),.UNSPECIFIED.);
#114=B_SPLINE_CURVE_WITH_KNOTS('',3,(#90,#91,#92,#93,#94,#95,#96,#97,#98,#99,
#100,#101,#102,#103,#104,#105,#106,#107,#108,#109,#110,#111,#112,#113),
.UNSPECIFIED.,.F.,.F.,(4,1,1,1,1,1,1,1,1,1,1,1,1,1,1,1,1,1,1,1,1,4),(0.E0,
4.761904761905E-2,9.523809523810E-2,1.428571428571E-1,1.904761904762E-1,
2.380952380952E-1,2.857142857143E-1,3.333333333333E-1,3.809523809524E-1,
4.285714285714E-1,4.761904761905E-1,5.238095238095E-1,5.714285714286E-1,
6.190476190476E-1,6.666666666667E-1,7.142857142857E-1,7.619047619048E-1,
8.095238095238E-1,8.571428571429E-1,9.047619047619E-1,9.523809523810E-1,1.E0),
.UNSPECIFIED.);
#125=B_SPLINE_CURVE_WITH_KNOTS('',3,(#119,#120,#121,#122,#123,#124),
.UNSPECIFIED.,.F.,.F.,(4,1,1,4),(0.E0,3.333333333333E-1,6.666666666667E-1,1.E0),
.UNSPECIFIED.);
#130=B_SPLINE_CURVE_WITH_KNOTS('',3,(#126,#127,#128,#129),.UNSPECIFIED.,.F.,.F.,
(4,4),(0.E0,1.E0),.UNSPECIFIED.);
#149=B_SPLINE_CURVE_WITH_KNOTS('',3,(#131,#132,#133,#134,#135,#136,#137,#138,
#139,#140,#141,#142,#143,#144,#145,#146,#147,#148),.UNSPECIFIED.,.F.,.F.,(4,1,1,
1,1,1,1,1,1,1,1,1,1,1,1,4),(0.E0,6.666666666667E-2,1.333333333333E-1,2.E-1,
2.666666666667E-1,3.333333333333E-1,4.E-1,4.666666666667E-1,5.333333333333E-1,
6.E-1,6.666666666667E-1,7.333333333333E-1,8.E-1,8.666666666667E-1,
9.333333333333E-1,1.E0),.UNSPECIFIED.);
#156=B_SPLINE_CURVE_WITH_KNOTS('',3,(#150,#151,#152,#153,#154,#155),
.UNSPECIFIED.,.F.,.F.,(4,1,1,4),(0.E0,3.333333333333E-1,6.666666666667E-1,1.E0),
.UNSPECIFIED.);
#179=B_SPLINE_CURVE_WITH_KNOTS('',3,(#161,#162,#163,#164,#165,#166,#167,#168,
#169,#170,#171,#172,#173,#174,#175,#176,#177,#178),.UNSPECIFIED.,.F.,.F.,(4,1,1,
1,1,1,1,1,1,1,1,1,1,1,1,4),(0.E0,6.666666666667E-2,1.333333333333E-1,2.E-1,
2.666666666667E-1,3.333333333333E-1,4.E-1,4.666666666667E-1,5.333333333333E-1,
6.E-1,6.666666666667E-1,7.333333333333E-1,8.E-1,8.666666666667E-1,
9.333333333333E-1,1.E0),.UNSPECIFIED.);
#198=B_SPLINE_CURVE_WITH_KNOTS('',3,(#180,#181,#182,#183,#184,#185,#186,#187,
#188,#189,#190,#191,#192,#193,#194,#195,#196,#197),.UNSPECIFIED.,.F.,.F.,(4,1,1,
1,1,1,1,1,1,1,1,1,1,1,1,4),(0.E0,6.666666666667E-2,1.333333333333E-1,2.E-1,
2.666666666667E-1,3.333333333333E-1,4.E-1,4.666666666667E-1,5.333333333333E-1,
6.E-1,6.666666666667E-1,7.333333333333E-1,8.E-1,8.666666666667E-1,
9.333333333333E-1,1.E0),.UNSPECIFIED.);
#217=B_SPLINE_CURVE_WITH_KNOTS('',3,(#199,#200,#201,#202,#203,#204,#205,#206,
#207,#208,#209,#210,#211,#212,#213,#214,#215,#216),.UNSPECIFIED.,.F.,.F.,(4,1,1,
1,1,1,1,1,1,1,1,1,1,1,1,4),(0.E0,6.666666666667E-2,1.333333333333E-1,2.E-1,
2.666666666667E-1,3.333333333333E-1,4.E-1,4.666666666667E-1,5.333333333333E-1,
6.E-1,6.666666666667E-1,7.333333333333E-1,8.E-1,8.666666666667E-1,
9.333333333333E-1,1.E0),.UNSPECIFIED.);
#240=B_SPLINE_CURVE_WITH_KNOTS('',3,(#222,#223,#224,#225,#226,#227,#228,#229,
#230,#231,#232,#233,#234,#235,#236,#237,#238,#239),.UNSPECIFIED.,.F.,.F.,(4,1,1,
1,1,1,1,1,1,1,1,1,1,1,1,4),(0.E0,6.666666666667E-2,1.333333333333E-1,2.E-1,
2.666666666667E-1,3.333333333333E-1,4.E-1,4.666666666667E-1,5.333333333333E-1,
6.E-1,6.666666666667E-1,7.333333333333E-1,8.E-1,8.666666666667E-1,
9.333333333333E-1,1.E0),.UNSPECIFIED.);
#247=B_SPLINE_CURVE_WITH_KNOTS('',3,(#241,#242,#243,#244,#245,#246),
.UNSPECIFIED.,.F.,.F.,(4,1,1,4),(0.E0,3.333333333333E-1,6.666666666667E-1,1.E0),
.UNSPECIFIED.);
#252=B_SPLINE_CURVE_WITH_KNOTS('',3,(#248,#249,#250,#251),.UNSPECIFIED.,.F.,.F.,
(4,4),(0.E0,1.E0),.UNSPECIFIED.);
#257=CIRCLE('',#256,7.5E0);
#262=CIRCLE('',#261,7.5E0);
#294=B_SPLINE_CURVE_WITH_KNOTS('',3,(#271,#272,#273,#274,#275,#276,#277,#278,
#279,#280,#281,#282,#283,#284,#285,#286,#287,#288,#289,#290,#291,#292,#293),
.UNSPECIFIED.,.F.,.F.,(4,1,1,1,1,1,1,1,1,1,1,1,1,1,1,1,1,1,1,1,4),(0.E0,5.E-2,
1.E-1,1.5E-1,2.E-1,2.5E-1,3.E-1,3.5E-1,4.E-1,4.5E-1,5.E-1,5.5E-1,6.E-1,6.5E-1,
7.E-1,7.5E-1,8.E-1,8.5E-1,9.E-1,9.5E-1,1.E0),.UNSPECIFIED.);
#319=B_SPLINE_CURVE_WITH_KNOTS('',3,(#295,#296,#297,#298,#299,#300,#301,#302,
#303,#304,#305,#306,#307,#308,#309,#310,#311,#312,#313,#314,#315,#316,#317,
#318),.UNSPECIFIED.,.F.,.F.,(4,1,1,1,1,1,1,1,1,1,1,1,1,1,1,1,1,1,1,1,1,4),(0.E0,
4.761904761905E-2,9.523809523810E-2,1.428571428571E-1,1.904761904762E-1,
2.380952380952E-1,2.857142857143E-1,3.333333333333E-1,3.809523809524E-1,
4.285714285714E-1,4.761904761905E-1,5.238095238095E-1,5.714285714286E-1,
6.190476190476E-1,6.666666666667E-1,7.142857142857E-1,7.619047619048E-1,
8.095238095238E-1,8.571428571429E-1,9.047619047619E-1,9.523809523810E-1,1.E0),
.UNSPECIFIED.);
#331=B_SPLINE_CURVE_WITH_KNOTS('',3,(#324,#325,#326,#327,#328,#329,#330),
.UNSPECIFIED.,.F.,.F.,(4,1,1,1,4),(0.E0,2.5E-1,5.E-1,7.5E-1,1.E0),
.UNSPECIFIED.);
#339=B_SPLINE_CURVE_WITH_KNOTS('',3,(#332,#333,#334,#335,#336,#337,#338),
.UNSPECIFIED.,.F.,.F.,(4,1,1,1,4),(0.E0,2.5E-1,5.E-1,7.5E-1,1.E0),
.UNSPECIFIED.);
#364=CIRCLE('',#363,7.5E0);
#369=CIRCLE('',#368,7.5E0);
#442=CIRCLE('',#441,2.E0);
#447=CIRCLE('',#446,2.E0);
#465=B_SPLINE_CURVE_WITH_KNOTS('',3,(#448,#449,#450,#451,#452,#453,#454,#455,
#456,#457,#458,#459,#460,#461,#462,#463,#464),.UNSPECIFIED.,.F.,.F.,(4,1,1,1,1,
1,1,1,1,1,1,1,1,1,4),(0.E0,7.142857142857E-2,1.428571428571E-1,
2.142857142857E-1,2.857142857143E-1,3.571428571429E-1,4.285714285714E-1,5.E-1,
5.714285714286E-1,6.428571428571E-1,7.142857142857E-1,7.857142857143E-1,
8.571428571429E-1,9.285714285714E-1,1.E0),.UNSPECIFIED.);
#474=CIRCLE('',#473,2.E0);
#479=CIRCLE('',#478,2.E0);
#484=CIRCLE('',#483,2.E0);
#500=B_SPLINE_CURVE_WITH_KNOTS('',3,(#493,#494,#495,#496,#497,#498,#499),
.UNSPECIFIED.,.F.,.F.,(4,1,1,1,4),(0.E0,2.500000070301E-1,5.000000046760E-1,
7.500000023218E-1,1.E0),.UNSPECIFIED.);
#513=B_SPLINE_CURVE_WITH_KNOTS('',3,(#509,#510,#511,#512),.UNSPECIFIED.,.F.,.F.,
(4,4),(0.E0,1.E0),.UNSPECIFIED.);
#527=B_SPLINE_CURVE_WITH_KNOTS('',3,(#514,#515,#516,#517,#518,#519,#520,#521,
#522,#523,#524,#525,#526),.UNSPECIFIED.,.F.,.F.,(4,1,1,1,1,1,1,1,1,1,4),(0.E0,
1.E-1,2.E-1,3.E-1,4.E-1,5.E-1,6.E-1,7.E-1,8.E-1,9.E-1,1.E0),.UNSPECIFIED.);
#534=B_SPLINE_CURVE_WITH_KNOTS('',3,(#528,#529,#530,#531,#532,#533),
.UNSPECIFIED.,.F.,.F.,(4,1,1,4),(0.E0,3.333333333333E-1,6.666666666667E-1,1.E0),
.UNSPECIFIED.);
#539=CIRCLE('',#538,2.E0);
#576=CIRCLE('',#575,5.E0);
#581=CIRCLE('',#580,5.E0);
#586=CIRCLE('',#585,5.E0);
#591=CIRCLE('',#590,5.E0);
#638=B_SPLINE_CURVE_WITH_KNOTS('',3,(#624,#625,#626,#627,#628,#629,#630,#631,
#632,#633,#634,#635,#636,#637),.UNSPECIFIED.,.F.,.F.,(4,1,1,1,1,1,1,1,1,1,1,4),(
0.E0,9.090909090909E-2,1.818181818182E-1,2.727272727273E-1,3.636363636364E-1,
4.545454545455E-1,5.454545454545E-1,6.363636363636E-1,7.272727272727E-1,
8.181818181818E-1,9.090909090909E-1,1.E0),.UNSPECIFIED.);
#659=B_SPLINE_CURVE_WITH_KNOTS('',3,(#643,#644,#645,#646,#647,#648,#649,#650,
#651,#652,#653,#654,#655,#656,#657,#658),.UNSPECIFIED.,.F.,.F.,(4,1,1,1,1,1,1,1,
1,1,1,1,1,4),(0.E0,7.692307692308E-2,1.538461538462E-1,2.307692307692E-1,
3.076923076923E-1,3.846153846154E-1,4.615384615385E-1,5.384615384615E-1,
6.153846153846E-1,6.923076923077E-1,7.692307692308E-1,8.461538461538E-1,
9.230769230769E-1,1.E0),.UNSPECIFIED.);
#680=B_SPLINE_CURVE_WITH_KNOTS('',3,(#664,#665,#666,#667,#668,#669,#670,#671,
#672,#673,#674,#675,#676,#677,#678,#679),.UNSPECIFIED.,.F.,.F.,(4,1,1,1,1,1,1,1,
1,1,1,1,1,4),(0.E0,7.692307692308E-2,1.538461538462E-1,2.307692307692E-1,
3.076923076923E-1,3.846153846154E-1,4.615384615385E-1,5.384615384615E-1,
6.153846153846E-1,6.923076923077E-1,7.692307692308E-1,8.461538461538E-1,
9.230769230769E-1,1.E0),.UNSPECIFIED.);
#701=CIRCLE('',#700,5.E0);
#706=CIRCLE('',#705,5.E0);
#711=CIRCLE('',#710,5.E0);
#716=CIRCLE('',#715,5.E0);
#777=CIRCLE('',#776,2.E0);
#782=CIRCLE('',#781,2.E0);
#794=B_SPLINE_CURVE_WITH_KNOTS('',3,(#783,#784,#785,#786,#787,#788,#789,#790,
#791,#792,#793),.UNSPECIFIED.,.F.,.F.,(4,1,1,1,1,1,1,1,4),(0.E0,1.25E-1,2.5E-1,
3.75E-1,5.E-1,6.25E-1,7.5E-1,8.75E-1,1.E0),.UNSPECIFIED.);
#806=B_SPLINE_CURVE_WITH_KNOTS('',3,(#799,#800,#801,#802,#803,#804,#805),
.UNSPECIFIED.,.F.,.F.,(4,1,1,1,4),(0.E0,3.018353778527E-1,6.036707556658E-1,
8.671509398334E-1,1.E0),.UNSPECIFIED.);
#818=B_SPLINE_CURVE_WITH_KNOTS('',3,(#811,#812,#813,#814,#815,#816,#817),
.UNSPECIFIED.,.F.,.F.,(4,1,1,1,4),(0.E0,1.379955829002E-1,4.004964218883E-1,
7.002482109303E-1,1.E0),.UNSPECIFIED.);
#836=B_SPLINE_CURVE_WITH_KNOTS('',3,(#823,#824,#825,#826,#827,#828,#829,#830,
#831,#832,#833,#834,#835),.UNSPECIFIED.,.F.,.F.,(4,1,1,1,1,1,1,1,1,1,4),(0.E0,
2.353264154093E-1,3.529896236965E-1,4.706528319831E-1,6.195029760667E-1,
6.939280481081E-1,7.683531201503E-1,8.262648406486E-1,8.841765611477E-1,
9.420882816469E-1,1.E0),.UNSPECIFIED.);
#849=B_SPLINE_CURVE_WITH_KNOTS('',3,(#837,#838,#839,#840,#841,#842,#843,#844,
#845,#846,#847,#848),.UNSPECIFIED.,.F.,.F.,(4,1,1,1,1,1,1,1,1,4),(0.E0,
6.081686374028E-2,1.216337274802E-1,1.824505912201E-1,2.432674549600E-1,
3.171207925420E-1,3.909741301240E-1,5.386808052880E-1,7.693403741112E-1,1.E0),
.UNSPECIFIED.);
#863=B_SPLINE_CURVE_WITH_KNOTS('',3,(#850,#851,#852,#853,#854,#855,#856,#857,
#858,#859,#860,#861,#862),.UNSPECIFIED.,.F.,.F.,(4,1,1,1,1,1,1,1,1,1,4),(0.E0,
1.E-1,2.E-1,3.E-1,4.E-1,5.E-1,6.E-1,7.E-1,8.E-1,9.E-1,1.E0),.UNSPECIFIED.);
#868=CIRCLE('',#867,2.E0);
#873=CIRCLE('',#872,3.25E1);
#878=CIRCLE('',#877,3.25E1);
#883=CIRCLE('',#882,3.25E1);
#909=B_SPLINE_CURVE_WITH_KNOTS('',3,(#896,#897,#898,#899,#900,#901,#902,#903,
#904,#905,#906,#907,#908),.UNSPECIFIED.,.F.,.F.,(4,1,1,1,1,1,1,1,1,1,4),(0.E0,
1.E-1,2.E-1,3.E-1,4.E-1,5.E-1,6.E-1,7.E-1,8.E-1,9.E-1,1.E0),.UNSPECIFIED.);
#935=B_SPLINE_CURVE_WITH_KNOTS('',3,(#922,#923,#924,#925,#926,#927,#928,#929,
#930,#931,#932,#933,#934),.UNSPECIFIED.,.F.,.F.,(4,1,1,1,1,1,1,1,1,1,4),(0.E0,
1.E-1,2.E-1,3.E-1,4.E-1,5.E-1,6.E-1,7.E-1,8.E-1,9.E-1,1.E0),.UNSPECIFIED.);
#940=CIRCLE('',#939,6.E0);
#945=CIRCLE('',#944,6.E0);
#950=CIRCLE('',#949,6.E0);
#955=CIRCLE('',#954,6.E0);
#960=CIRCLE('',#959,6.E0);
#965=CIRCLE('',#964,6.E0);
#970=CIRCLE('',#969,6.E0);
#975=CIRCLE('',#974,6.E0);
#980=CIRCLE('',#979,1.5E0);
#985=CIRCLE('',#984,3.4E1);
#990=CIRCLE('',#989,1.5E0);
#995=CIRCLE('',#994,3.4E1);
#1000=CIRCLE('',#999,3.4E1);
#1013=CIRCLE('',#1012,3.4E1);
#1018=CIRCLE('',#1017,1.5E0);
#1023=CIRCLE('',#1022,3.4E1);
#1028=CIRCLE('',#1027,3.4E1);
#1033=CIRCLE('',#1032,1.5E0);
#1038=CIRCLE('',#1037,3.25E1);
#1043=CIRCLE('',#1042,3.25E1);
#1048=CIRCLE('',#1047,3.25E1);
#1053=CIRCLE('',#1052,3.5E0);
#1058=CIRCLE('',#1057,3.5E0);
#1063=CIRCLE('',#1062,3.5E0);
#1068=CIRCLE('',#1067,3.5E0);
#1073=CIRCLE('',#1072,3.5E0);
#1078=CIRCLE('',#1077,3.5E0);
#1083=CIRCLE('',#1082,3.5E0);
#1088=CIRCLE('',#1087,3.5E0);
#1093=CIRCLE('',#1092,3.5E0);
#1098=CIRCLE('',#1097,3.5E0);
#1107=CIRCLE('',#1106,6.E0);
#1112=CIRCLE('',#1111,6.E0);
#1117=CIRCLE('',#1116,3.5E0);
#1122=CIRCLE('',#1121,3.5E0);
#1143=CIRCLE('',#1142,6.E0);
#1148=CIRCLE('',#1147,6.E0);
#1153=CIRCLE('',#1152,6.E0);
#1158=CIRCLE('',#1157,3.5E0);
#1163=CIRCLE('',#1162,3.5E0);
#1184=CIRCLE('',#1183,6.E0);
#1189=CIRCLE('',#1188,6.E0);
#1194=CIRCLE('',#1193,3.5E0);
#1199=CIRCLE('',#1198,3.5E0);
#1220=CIRCLE('',#1219,6.E0);
#1225=CIRCLE('',#1224,6.E0);
#1230=CIRCLE('',#1229,6.E0);
#1235=CIRCLE('',#1234,3.5E0);
#1240=CIRCLE('',#1239,3.5E0);
#1259=B_SPLINE_CURVE_WITH_KNOTS('',3,(#1253,#1254,#1255,#1256,#1257,#1258),
.UNSPECIFIED.,.F.,.F.,(4,1,1,4),(0.E0,3.333333333333E-1,6.666666666667E-1,1.E0),
.UNSPECIFIED.);
#1275=B_SPLINE_CURVE_WITH_KNOTS('',3,(#1264,#1265,#1266,#1267,#1268,#1269,#1270,
#1271,#1272,#1273,#1274),.UNSPECIFIED.,.F.,.F.,(4,1,1,1,1,1,1,1,4),(0.E0,
1.150829968569E-1,2.301660016373E-1,3.452490064176E-1,4.603320111971E-1,
5.860952403005E-1,7.118584694038E-1,8.559292346925E-1,1.E0),.UNSPECIFIED.);
#1302=B_SPLINE_CURVE_WITH_KNOTS('',3,(#1296,#1297,#1298,#1299,#1300,#1301),
.UNSPECIFIED.,.F.,.F.,(4,1,1,4),(0.E0,3.333333333333E-1,6.666666666667E-1,1.E0),
.UNSPECIFIED.);
#1312=B_SPLINE_CURVE_WITH_KNOTS('',3,(#1303,#1304,#1305,#1306,#1307,#1308,#1309,
#1310,#1311),.UNSPECIFIED.,.F.,.F.,(4,1,1,1,1,1,4),(0.E0,1.666666666667E-1,
3.333333333333E-1,5.E-1,6.666666666667E-1,8.333333333333E-1,1.E0),
.UNSPECIFIED.);
#1317=CIRCLE('',#1316,2.E0);
#1324=B_SPLINE_CURVE_WITH_KNOTS('',3,(#1318,#1319,#1320,#1321,#1322,#1323),
.UNSPECIFIED.,.F.,.F.,(4,1,1,4),(0.E0,3.333333333333E-1,6.666666666667E-1,1.E0),
.UNSPECIFIED.);
#1335=B_SPLINE_CURVE_WITH_KNOTS('',3,(#1329,#1330,#1331,#1332,#1333,#1334),
.UNSPECIFIED.,.F.,.F.,(4,1,1,4),(0.E0,3.333333333333E-1,6.666666666667E-1,1.E0),
.UNSPECIFIED.);
#1352=CIRCLE('',#1351,2.E0);
#1357=CIRCLE('',#1356,2.E0);
#1362=CIRCLE('',#1361,2.E0);
#1379=B_SPLINE_CURVE_WITH_KNOTS('',3,(#1371,#1372,#1373,#1374,#1375,#1376,#1377,
#1378),.UNSPECIFIED.,.F.,.F.,(4,1,1,1,1,4),(0.E0,2.036704782564E-1,
4.073442526982E-1,6.110180271400E-1,8.146918015819E-1,1.E0),.UNSPECIFIED.);
#1391=B_SPLINE_CURVE_WITH_KNOTS('',3,(#1384,#1385,#1386,#1387,#1388,#1389,
#1390),.UNSPECIFIED.,.F.,.F.,(4,1,1,1,4),(0.E0,1.328490601656E-1,
3.963292443313E-1,6.981646221440E-1,1.E0),.UNSPECIFIED.);
#1408=B_SPLINE_CURVE_WITH_KNOTS('',3,(#1396,#1397,#1398,#1399,#1400,#1401,#1402,
#1403,#1404,#1405,#1406,#1407),.UNSPECIFIED.,.F.,.F.,(4,1,1,1,1,1,1,1,1,4),
(0.E0,2.506149871653E-1,3.759224814651E-1,5.012299757648E-1,6.315476151839E-1,
7.618652546031E-1,8.213989409519E-1,8.809326273014E-1,9.404663136510E-1,1.E0),
.UNSPECIFIED.);
#1421=B_SPLINE_CURVE_WITH_KNOTS('',3,(#1409,#1410,#1411,#1412,#1413,#1414,#1415,
#1416,#1417,#1418,#1419,#1420),.UNSPECIFIED.,.F.,.F.,(4,1,1,1,1,1,1,1,1,4),
(0.E0,7.885205660964E-2,1.577041138512E-1,2.365561710928E-1,3.154082283352E-1,
3.907538642700E-1,4.660995002048E-1,5.995746252562E-1,7.330497503076E-1,1.E0),
.UNSPECIFIED.);
#1430=CIRCLE('',#1429,2.E0);
#1435=CIRCLE('',#1434,2.E0);
#1440=CIRCLE('',#1439,2.E0);
#1454=B_SPLINE_CURVE_WITH_KNOTS('',3,(#1441,#1442,#1443,#1444,#1445,#1446,#1447,
#1448,#1449,#1450,#1451,#1452,#1453),.UNSPECIFIED.,.F.,.F.,(4,1,1,1,1,1,1,1,1,1,
4),(0.E0,1.E-1,2.E-1,3.E-1,4.E-1,5.E-1,6.E-1,7.E-1,8.E-1,9.E-1,1.E0),
.UNSPECIFIED.);
#1459=CIRCLE('',#1458,2.E0);
#1466=B_SPLINE_CURVE_WITH_KNOTS('',3,(#1460,#1461,#1462,#1463,#1464,#1465),
.UNSPECIFIED.,.F.,.F.,(4,1,1,4),(0.E0,3.333333333333E-1,6.666666666667E-1,1.E0),
.UNSPECIFIED.);
#1484=B_SPLINE_CURVE_WITH_KNOTS('',3,(#1471,#1472,#1473,#1474,#1475,#1476,#1477,
#1478,#1479,#1480,#1481,#1482,#1483),.UNSPECIFIED.,.F.,.F.,(4,1,1,1,1,1,1,1,1,1,
4),(0.E0,1.005458217245E-1,2.010915987801E-1,3.016373758366E-1,
4.021831528922E-1,5.058939269924E-1,6.096047010927E-1,7.072039206975E-1,
8.048031403022E-1,9.024023599070E-1,1.E0),.UNSPECIFIED.);
#1495=B_SPLINE_CURVE_WITH_KNOTS('',3,(#1489,#1490,#1491,#1492,#1493,#1494),
.UNSPECIFIED.,.F.,.F.,(4,1,1,4),(0.E0,3.333333333333E-1,6.666666666667E-1,1.E0),
.UNSPECIFIED.);
#1509=B_SPLINE_CURVE_WITH_KNOTS('',3,(#1496,#1497,#1498,#1499,#1500,#1501,#1502,
#1503,#1504,#1505,#1506,#1507,#1508),.UNSPECIFIED.,.F.,.F.,(4,1,1,1,1,1,1,1,1,1,
4),(0.E0,1.E-1,2.E-1,3.E-1,4.E-1,5.E-1,6.E-1,7.E-1,8.E-1,9.E-1,1.E0),
.UNSPECIFIED.);
#1516=B_SPLINE_CURVE_WITH_KNOTS('',3,(#1510,#1511,#1512,#1513,#1514,#1515),
.UNSPECIFIED.,.F.,.F.,(4,1,1,4),(0.E0,3.333333333333E-1,6.666666666667E-1,1.E0),
.UNSPECIFIED.);
#1521=CIRCLE('',#1520,2.E0);
#1532=B_SPLINE_CURVE_WITH_KNOTS('',3,(#1526,#1527,#1528,#1529,#1530,#1531),
.UNSPECIFIED.,.F.,.F.,(4,1,1,4),(0.E0,3.333333333333E-1,6.666666666667E-1,1.E0),
.UNSPECIFIED.);
#1557=CIRCLE('',#1556,2.E0);
#1562=CIRCLE('',#1561,2.E0);
#1575=CIRCLE('',#1574,2.E0);
#1587=B_SPLINE_CURVE_WITH_KNOTS('',3,(#1576,#1577,#1578,#1579,#1580,#1581,#1582,
#1583,#1584,#1585,#1586),.UNSPECIFIED.,.F.,.F.,(4,1,1,1,1,1,1,1,4),(0.E0,
1.25E-1,2.5E-1,3.75E-1,5.E-1,6.25E-1,7.5E-1,8.75E-1,1.E0),.UNSPECIFIED.);
#1592=CIRCLE('',#1591,2.E0);
#1621=B_SPLINE_CURVE_WITH_KNOTS('',3,(#1609,#1610,#1611,#1612,#1613,#1614,#1615,
#1616,#1617,#1618,#1619,#1620),.UNSPECIFIED.,.F.,.F.,(4,1,1,1,1,1,1,1,1,4),
(0.E0,2.669502496924E-1,4.004253747438E-1,5.339004997952E-1,6.092461357300E-1,
6.845917716648E-1,7.634438289072E-1,8.422958861488E-1,9.211479433904E-1,1.E0),
.UNSPECIFIED.);
#1630=CIRCLE('',#1629,2.E0);
#1635=CIRCLE('',#1634,2.E0);
#1651=B_SPLINE_CURVE_WITH_KNOTS('',3,(#1640,#1641,#1642,#1643,#1644,#1645,#1646,
#1647,#1648,#1649,#1650),.UNSPECIFIED.,.F.,.F.,(4,1,1,1,1,1,1,1,4),(0.E0,
1.440707649084E-1,2.881415298205E-1,4.139047585945E-1,5.396679873685E-1,
6.547509918465E-1,7.698339963254E-1,8.849170008042E-1,1.E0),.UNSPECIFIED.);
#1662=B_SPLINE_CURVE_WITH_KNOTS('',3,(#1656,#1657,#1658,#1659,#1660,#1661),
.UNSPECIFIED.,.F.,.F.,(4,1,1,4),(0.E0,3.333333333333E-1,6.666666666667E-1,1.E0),
.UNSPECIFIED.);
#1675=B_SPLINE_CURVE_WITH_KNOTS('',3,(#1671,#1672,#1673,#1674),.UNSPECIFIED.,
.F.,.F.,(4,4),(0.E0,1.E0),.UNSPECIFIED.);
#1685=B_SPLINE_CURVE_WITH_KNOTS('',3,(#1676,#1677,#1678,#1679,#1680,#1681,#1682,
#1683,#1684),.UNSPECIFIED.,.F.,.F.,(4,1,1,1,1,1,4),(0.E0,1.666666666667E-1,
3.333333333333E-1,5.E-1,6.666666666667E-1,8.333333333333E-1,1.E0),
.UNSPECIFIED.);
#1692=B_SPLINE_CURVE_WITH_KNOTS('',3,(#1686,#1687,#1688,#1689,#1690,#1691),
.UNSPECIFIED.,.F.,.F.,(4,1,1,4),(0.E0,3.333333333333E-1,6.666666666667E-1,1.E0),
.UNSPECIFIED.);
#1697=CIRCLE('',#1696,2.E0);
#1713=B_SPLINE_CURVE_WITH_KNOTS('',3,(#1706,#1707,#1708,#1709,#1710,#1711,
#1712),.UNSPECIFIED.,.F.,.F.,(4,1,1,1,4),(0.E0,2.499999975484E-1,
4.999999950495E-1,7.499999925506E-1,1.E0),.UNSPECIFIED.);
#1718=CIRCLE('',#1717,2.E0);
#1723=CIRCLE('',#1722,2.E0);
#1728=CIRCLE('',#1727,2.E0);
#1756=B_SPLINE_CURVE_WITH_KNOTS('',3,(#1745,#1746,#1747,#1748,#1749,#1750,#1751,
#1752,#1753,#1754,#1755),.UNSPECIFIED.,.F.,.F.,(4,1,1,1,1,1,1,1,4),(0.E0,
1.436291261456E-1,2.872582522780E-1,4.130382058635E-1,5.388181594490E-1,
6.541136214689E-1,7.694090834880E-1,8.847045455079E-1,1.E0),.UNSPECIFIED.);
#1767=B_SPLINE_CURVE_WITH_KNOTS('',3,(#1761,#1762,#1763,#1764,#1765,#1766),
.UNSPECIFIED.,.F.,.F.,(4,1,1,4),(0.E0,3.333333333333E-1,6.666666666667E-1,1.E0),
.UNSPECIFIED.);
#1772=CIRCLE('',#1771,2.E0);
#1791=B_SPLINE_CURVE_WITH_KNOTS('',3,(#1777,#1778,#1779,#1780,#1781,#1782,#1783,
#1784,#1785,#1786,#1787,#1788,#1789,#1790),.UNSPECIFIED.,.F.,.F.,(4,1,1,1,1,1,1,
1,1,1,1,4),(0.E0,9.090909090909E-2,1.818181818182E-1,2.727272727273E-1,
3.636363636364E-1,4.545454545455E-1,5.454545454545E-1,6.363636363636E-1,
7.272727272727E-1,8.181818181818E-1,9.090909090909E-1,1.E0),.UNSPECIFIED.);
#1816=CIRCLE('',#1815,1.060229578450E1);
#1821=CIRCLE('',#1820,1.060229578450E1);
#1826=CIRCLE('',#1825,8.602295784500E0);
#1836=B_SPLINE_CURVE_WITH_KNOTS('',3,(#1827,#1828,#1829,#1830,#1831,#1832,#1833,
#1834,#1835),.UNSPECIFIED.,.F.,.F.,(4,1,1,1,1,1,4),(0.E0,1.666666666667E-1,
3.333333333333E-1,5.E-1,6.666666666667E-1,8.333333333333E-1,1.E0),
.UNSPECIFIED.);
#1854=B_SPLINE_CURVE_WITH_KNOTS('',3,(#1845,#1846,#1847,#1848,#1849,#1850,#1851,
#1852,#1853),.UNSPECIFIED.,.F.,.F.,(4,1,1,1,1,1,4),(0.E0,1.666666666667E-1,
3.333333333333E-1,5.E-1,6.666666666667E-1,8.333333333333E-1,1.E0),
.UNSPECIFIED.);
#1859=CIRCLE('',#1858,8.602295784500E0);
#1864=CIRCLE('',#1863,1.060229578450E1);
#1897=B_SPLINE_CURVE_WITH_KNOTS('',3,(#1881,#1882,#1883,#1884,#1885,#1886,#1887,
#1888,#1889,#1890,#1891,#1892,#1893,#1894,#1895,#1896),.UNSPECIFIED.,.F.,.F.,(4,
1,1,1,1,1,1,1,1,1,1,1,1,4),(0.E0,7.692307692308E-2,1.538461538462E-1,
2.307692307692E-1,3.076923076923E-1,3.846153846154E-1,4.615384615385E-1,
5.384615384615E-1,6.153846153846E-1,6.923076923077E-1,7.692307692308E-1,
8.461538461538E-1,9.230769230769E-1,1.E0),.UNSPECIFIED.);
#1926=B_SPLINE_CURVE_WITH_KNOTS('',3,(#1910,#1911,#1912,#1913,#1914,#1915,#1916,
#1917,#1918,#1919,#1920,#1921,#1922,#1923,#1924,#1925),.UNSPECIFIED.,.F.,.F.,(4,
1,1,1,1,1,1,1,1,1,1,1,1,4),(0.E0,7.692307692308E-2,1.538461538462E-1,
2.307692307692E-1,3.076923076923E-1,3.846153846154E-1,4.615384615385E-1,
5.384615384615E-1,6.153846153846E-1,6.923076923077E-1,7.692307692308E-1,
8.461538461538E-1,9.230769230769E-1,1.E0),.UNSPECIFIED.);
#1991=CIRCLE('',#1990,7.5E0);
#1996=CIRCLE('',#1995,7.5E0);
#2020=B_SPLINE_CURVE_WITH_KNOTS('',3,(#1997,#1998,#1999,#2000,#2001,#2002,#2003,
#2004,#2005,#2006,#2007,#2008,#2009,#2010,#2011,#2012,#2013,#2014,#2015,#2016,
#2017,#2018,#2019),.UNSPECIFIED.,.F.,.F.,(4,1,1,1,1,1,1,1,1,1,1,1,1,1,1,1,1,1,1,
1,4),(0.E0,5.E-2,1.E-1,1.5E-1,2.E-1,2.5E-1,3.E-1,3.5E-1,4.E-1,4.5E-1,5.E-1,
5.5E-1,6.E-1,6.5E-1,7.E-1,7.5E-1,8.E-1,8.5E-1,9.E-1,9.5E-1,1.E0),.UNSPECIFIED.);
#2043=B_SPLINE_CURVE_WITH_KNOTS('',3,(#2025,#2026,#2027,#2028,#2029,#2030,#2031,
#2032,#2033,#2034,#2035,#2036,#2037,#2038,#2039,#2040,#2041,#2042),
.UNSPECIFIED.,.F.,.F.,(4,1,1,1,1,1,1,1,1,1,1,1,1,1,1,4),(0.E0,6.666666666667E-2,
1.333333333333E-1,2.E-1,2.666666666667E-1,3.333333333333E-1,4.E-1,
4.666666666667E-1,5.333333333333E-1,6.E-1,6.666666666667E-1,7.333333333333E-1,
8.E-1,8.666666666667E-1,9.333333333333E-1,1.E0),.UNSPECIFIED.);
#2050=B_SPLINE_CURVE_WITH_KNOTS('',3,(#2044,#2045,#2046,#2047,#2048,#2049),
.UNSPECIFIED.,.F.,.F.,(4,1,1,4),(0.E0,3.333333333333E-1,6.666666666667E-1,1.E0),
.UNSPECIFIED.);
#2062=B_SPLINE_CURVE_WITH_KNOTS('',3,(#2051,#2052,#2053,#2054,#2055,#2056,#2057,
#2058,#2059,#2060,#2061),.UNSPECIFIED.,.F.,.F.,(4,1,1,1,1,1,1,1,4),(0.E0,
1.25E-1,2.5E-1,3.75E-1,5.E-1,6.25E-1,7.5E-1,8.75E-1,1.E0),.UNSPECIFIED.);
#2486=EDGE_CURVE('',#2069,#2070,#19,.T.);
#2488=EDGE_CURVE('',#2072,#2070,#55,.T.);
#2490=EDGE_CURVE('',#2074,#2072,#47,.T.);
#2492=EDGE_CURVE('',#2069,#2074,#720,.T.);
#2496=ADVANCED_FACE('',(#2495),#2485,.T.);
#2502=EDGE_CURVE('',#2077,#2078,#23,.T.);
#2504=EDGE_CURVE('',#2078,#2070,#27,.T.);
#2507=EDGE_CURVE('',#2077,#2069,#740,.T.);
#2511=ADVANCED_FACE('',(#2510),#2501,.T.);
#2517=EDGE_CURVE('',#2081,#2082,#31,.T.);
#2519=EDGE_CURVE('',#2078,#2082,#59,.T.);
#2522=EDGE_CURVE('',#2081,#2077,#736,.T.);
#2526=ADVANCED_FACE('',(#2525),#2516,.T.);
#2532=EDGE_CURVE('',#2085,#2086,#35,.T.);
#2534=EDGE_CURVE('',#2082,#2086,#63,.T.);
#2537=EDGE_CURVE('',#2085,#2081,#732,.T.);
#2541=ADVANCED_FACE('',(#2540),#2531,.T.);
#2547=EDGE_CURVE('',#2089,#2090,#39,.T.);
#2549=EDGE_CURVE('',#2090,#2086,#43,.T.);
#2552=EDGE_CURVE('',#2089,#2085,#728,.T.);
#2556=ADVANCED_FACE('',(#2555),#2546,.T.);
#2563=EDGE_CURVE('',#2090,#2072,#51,.T.);
#2566=EDGE_CURVE('',#2074,#2089,#724,.T.);
#2570=ADVANCED_FACE('',(#2569),#2561,.T.);
#2584=EDGE_CURVE('',#2093,#2094,#68,.T.);
#2586=EDGE_CURVE('',#2094,#2093,#73,.T.);
#2590=ADVANCED_FACE('',(#2583,#2589),#2575,.T.);
#2596=EDGE_CURVE('',#2095,#2096,#85,.T.);
#2598=EDGE_CURVE('',#2094,#2096,#2066,.T.);
#2601=EDGE_CURVE('',#2093,#2095,#89,.T.);
#2605=ADVANCED_FACE('',(#2604),#2595,.F.);
#2610=ELLIPSE('',#2609,1.060660171780E1,7.5E0);
#2611=TRIMMED_CURVE('',#2610,(PARAMETER_VALUE(0.E0)),(PARAMETER_VALUE(1.8E2)),
.T.,.UNSPECIFIED.);
#2615=EDGE_CURVE('',#2097,#2098,#130,.T.);
#2617=EDGE_CURVE('',#2097,#2099,#114,.T.);
#2619=EDGE_CURVE('',#2096,#2099,#270,.T.);
#2622=EDGE_CURVE('',#2095,#2101,#118,.T.);
#2624=EDGE_CURVE('',#2098,#2101,#2020,.T.);
#2628=ADVANCED_FACE('',(#2627),#2614,.T.);
#2634=EDGE_CURVE('',#2102,#2097,#125,.T.);
#2637=EDGE_CURVE('',#2103,#2098,#2050,.T.);
#2639=EDGE_CURVE('',#2104,#2103,#2043,.T.);
#2641=EDGE_CURVE('',#2106,#2104,#257,.T.);
#2643=EDGE_CURVE('',#2108,#2106,#221,.T.);
#2645=EDGE_CURVE('',#2108,#2102,#149,.T.);
#2649=ADVANCED_FACE('',(#2648),#2633,.F.);
#2654=ELLIPSE('',#2653,1.060660171780E1,7.5E0);
#2655=TRIMMED_CURVE('',#2654,(PARAMETER_VALUE(8.934602593444E1)),(PARAMETER_VALUE(1.8E2)),.T.,.UNSPECIFIED.);
#2659=EDGE_CURVE('',#2111,#2112,#160,.T.);
#2661=EDGE_CURVE('',#2097,#2111,#339,.T.);
#2664=EDGE_CURVE('',#2112,#2102,#179,.T.);
#2668=ADVANCED_FACE('',(#2667),#2658,.T.);
#2673=ELLIPSE('',#2672,1.060660171780E1,7.5E0);
#2674=TRIMMED_CURVE('',#2673,(PARAMETER_VALUE(1.8E2)),(PARAMETER_VALUE(
2.706539740656E2)),.T.,.UNSPECIFIED.);
#2678=EDGE_CURVE('',#2113,#2112,#217,.T.);
#2680=EDGE_CURVE('',#2113,#2114,#156,.T.);
#2682=EDGE_CURVE('',#2111,#2114,#331,.T.);
#2687=ADVANCED_FACE('',(#2686),#2677,.T.);
#2695=EDGE_CURVE('',#2108,#2113,#198,.T.);
#2700=ADVANCED_FACE('',(#2699),#2692,.T.);
#2708=EDGE_CURVE('',#2104,#2106,#262,.T.);
#2710=EDGE_CURVE('',#2104,#2115,#240,.T.);
#2712=EDGE_CURVE('',#2115,#2116,#247,.T.);
#2714=EDGE_CURVE('',#2116,#2114,#252,.T.);
#2719=ADVANCED_FACE('',(#2718),#2705,.F.);
#2729=ADVANCED_FACE('',(#2728),#2724,.T.);
#2735=EDGE_CURVE('',#2116,#2101,#294,.T.);
#2739=EDGE_CURVE('',#2118,#2104,#2024,.T.);
#2741=EDGE_CURVE('',#2120,#2118,#1996,.T.);
#2743=EDGE_CURVE('',#2120,#2101,#266,.T.);
#2747=ADVANCED_FACE('',(#2746),#2734,.F.);
#2752=ELLIPSE('',#2751,1.060660171780E1,7.5E0);
#2753=TRIMMED_CURVE('',#2752,(PARAMETER_VALUE(1.8E2)),(PARAMETER_VALUE(3.6E2)),
.T.,.UNSPECIFIED.);
#2758=EDGE_CURVE('',#2114,#2099,#319,.T.);
#2763=EDGE_CURVE('',#2096,#2095,#2062,.T.);
#2767=ADVANCED_FACE('',(#2766),#2756,.T.);
#2774=EDGE_CURVE('',#2122,#2099,#343,.T.);
#2776=EDGE_CURVE('',#2124,#2122,#369,.T.);
#2778=EDGE_CURVE('',#2124,#2111,#323,.T.);
#2783=ADVANCED_FACE('',(#2782),#2772,.F.);
#2791=EDGE_CURVE('',#2122,#2124,#364,.T.);
#2797=ADVANCED_FACE('',(#2796),#2788,.F.);
#2803=EDGE_CURVE('',#2127,#2128,#377,.T.);
#2805=EDGE_CURVE('',#2127,#2130,#347,.T.);
#2807=EDGE_CURVE('',#2130,#2132,#351,.T.);
#2809=EDGE_CURVE('',#2134,#2132,#393,.T.);
#2811=EDGE_CURVE('',#2134,#2136,#355,.T.);
#2813=EDGE_CURVE('',#2136,#2128,#359,.T.);
#2821=ADVANCED_FACE('',(#2816,#2820),#2802,.T.);
#2827=EDGE_CURVE('',#2138,#2128,#381,.T.);
#2829=EDGE_CURVE('',#2140,#2138,#429,.T.);
#2831=EDGE_CURVE('',#2140,#2127,#373,.T.);
#2836=ADVANCED_FACE('',(#2835),#2826,.T.);
#2842=EDGE_CURVE('',#2142,#2136,#385,.T.);
#2844=EDGE_CURVE('',#2138,#2142,#409,.T.);
#2850=ADVANCED_FACE('',(#2849),#2841,.T.);
#2856=EDGE_CURVE('',#2144,#2134,#389,.T.);
#2858=EDGE_CURVE('',#2142,#2144,#413,.T.);
#2864=ADVANCED_FACE('',(#2863),#2855,.T.);
#2870=EDGE_CURVE('',#2146,#2132,#397,.T.);
#2872=EDGE_CURVE('',#2144,#2146,#417,.T.);
#2878=ADVANCED_FACE('',(#2877),#2869,.T.);
#2884=EDGE_CURVE('',#2148,#2130,#401,.T.);
#2886=EDGE_CURVE('',#2146,#2148,#421,.T.);
#2892=ADVANCED_FACE('',(#2891),#2883,.T.);
#2899=EDGE_CURVE('',#2148,#2140,#425,.T.);
#2905=ADVANCED_FACE('',(#2904),#2897,.T.);
#2911=EDGE_CURVE('',#2151,#2152,#437,.T.);
#2913=EDGE_CURVE('',#2154,#2151,#768,.T.);
#2915=EDGE_CURVE('',#2154,#2156,#405,.T.);
#2917=EDGE_CURVE('',#2152,#2156,#1938,.T.);
#2929=ADVANCED_FACE('',(#2920,#2928),#2910,.F.);
#2935=EDGE_CURVE('',#2158,#2152,#447,.T.);
#2937=EDGE_CURVE('',#2158,#2160,#433,.T.);
#2939=EDGE_CURVE('',#2151,#2160,#777,.T.);
#2944=ADVANCED_FACE('',(#2943),#2934,.T.);
#3030=EDGE_CURVE('',#2163,#2164,#442,.T.);
#3032=EDGE_CURVE('',#2158,#2164,#849,.T.);
#3035=EDGE_CURVE('',#2152,#2163,#465,.T.);
#3039=ADVANCED_FACE('',(#3038),#3029,.T.);
#3045=EDGE_CURVE('',#2167,#2168,#484,.T.);
#3047=EDGE_CURVE('',#2167,#2164,#469,.T.);
#3050=EDGE_CURVE('',#2168,#2163,#559,.T.);
#3054=ADVANCED_FACE('',(#3053),#3044,.T.);
#3060=EDGE_CURVE('',#2168,#2170,#474,.T.);
#3062=EDGE_CURVE('',#2170,#2167,#479,.T.);
#3067=ADVANCED_FACE('',(#3066),#3059,.T.);
#3073=EDGE_CURVE('',#2172,#2170,#488,.T.);
#3076=EDGE_CURVE('',#2168,#2174,#492,.T.);
#3078=EDGE_CURVE('',#2174,#2172,#500,.T.);
#3082=ADVANCED_FACE('',(#3081),#3072,.T.);
#3088=EDGE_CURVE('',#2172,#2176,#504,.T.);
#3090=EDGE_CURVE('',#2178,#2176,#1279,.T.);
#3092=EDGE_CURVE('',#2178,#2170,#508,.T.);
#3097=ADVANCED_FACE('',(#3096),#3087,.F.);
#3103=EDGE_CURVE('',#2180,#2172,#539,.T.);
#3105=EDGE_CURVE('',#2180,#2181,#513,.T.);
#3107=EDGE_CURVE('',#2183,#2181,#1283,.T.);
#3109=EDGE_CURVE('',#2183,#2176,#527,.T.);
#3114=ADVANCED_FACE('',(#3113),#3102,.F.);
#3166=EDGE_CURVE('',#2174,#2180,#534,.T.);
#3171=ADVANCED_FACE('',(#3170),#3164,.F.);
#3177=EDGE_CURVE('',#2186,#2187,#567,.T.);
#3179=EDGE_CURVE('',#2186,#2189,#543,.T.);
#3181=EDGE_CURVE('',#2191,#2189,#1600,.T.);
#3183=EDGE_CURVE('',#2191,#2193,#547,.T.);
#3185=EDGE_CURVE('',#2195,#2193,#1339,.T.);
#3187=EDGE_CURVE('',#2196,#2195,#1324,.T.);
#3189=EDGE_CURVE('',#2197,#2196,#1302,.T.);
#3191=EDGE_CURVE('',#2197,#2199,#551,.T.);
#3193=EDGE_CURVE('',#2201,#2199,#887,.T.);
#3195=EDGE_CURVE('',#2201,#2181,#555,.T.);
#3201=EDGE_CURVE('',#2203,#2163,#1934,.T.);
#3203=EDGE_CURVE('',#2203,#2205,#563,.T.);
#3205=EDGE_CURVE('',#2207,#2205,#1930,.T.);
#3207=EDGE_CURVE('',#2187,#2207,#1901,.T.);
#3211=ADVANCED_FACE('',(#3210),#3176,.F.);
#3217=EDGE_CURVE('',#2186,#2209,#591,.T.);
#3220=EDGE_CURVE('',#2210,#2187,#1897,.T.);
#3222=EDGE_CURVE('',#2210,#2209,#571,.T.);
#3226=ADVANCED_FACE('',(#3225),#3216,.T.);
#3232=EDGE_CURVE('',#2212,#2209,#619,.T.);
#3234=EDGE_CURVE('',#2212,#2214,#576,.T.);
#3236=EDGE_CURVE('',#2216,#2214,#764,.T.);
#3238=EDGE_CURVE('',#2216,#2218,#581,.T.);
#3240=EDGE_CURVE('',#2220,#2218,#1604,.T.);
#3242=EDGE_CURVE('',#2220,#2189,#586,.T.);
#3248=EDGE_CURVE('',#2223,#2224,#595,.T.);
#3250=EDGE_CURVE('',#2224,#2226,#599,.T.);
#3252=EDGE_CURVE('',#2226,#2228,#603,.T.);
#3254=EDGE_CURVE('',#2228,#2230,#607,.T.);
#3256=EDGE_CURVE('',#2230,#2232,#611,.T.);
#3258=EDGE_CURVE('',#2232,#2223,#615,.T.);
#3262=ADVANCED_FACE('',(#3247,#3261),#3231,.T.);
#3268=EDGE_CURVE('',#2212,#2234,#642,.T.);
#3272=EDGE_CURVE('',#2236,#2210,#1876,.T.);
#3274=EDGE_CURVE('',#2236,#2238,#623,.T.);
#3276=EDGE_CURVE('',#2239,#2238,#1854,.T.);
#3278=EDGE_CURVE('',#2241,#2239,#1844,.T.);
#3280=EDGE_CURVE('',#2241,#2242,#638,.T.);
#3282=EDGE_CURVE('',#2244,#2242,#1811,.T.);
#3284=EDGE_CURVE('',#2234,#2244,#1803,.T.);
#3288=ADVANCED_FACE('',(#3287),#3267,.F.);
#3296=EDGE_CURVE('',#2234,#2245,#659,.T.);
#3298=EDGE_CURVE('',#2245,#2214,#663,.T.);
#3302=ADVANCED_FACE('',(#3301),#3293,.T.);
#3308=EDGE_CURVE('',#2246,#2247,#680,.T.);
#3310=EDGE_CURVE('',#2247,#2245,#684,.T.);
#3313=EDGE_CURVE('',#2234,#2246,#688,.T.);
#3317=ADVANCED_FACE('',(#3316),#3307,.T.);
#3323=EDGE_CURVE('',#2250,#2251,#701,.T.);
#3325=EDGE_CURVE('',#2250,#2247,#692,.T.);
#3328=EDGE_CURVE('',#2246,#2251,#696,.T.);
#3332=ADVANCED_FACE('',(#3331),#3322,.T.);
#3338=EDGE_CURVE('',#2250,#2253,#744,.T.);
#3341=EDGE_CURVE('',#2255,#2251,#1795,.T.);
#3343=EDGE_CURVE('',#2255,#2205,#706,.T.);
#3346=EDGE_CURVE('',#2203,#2156,#711,.T.);
#3349=EDGE_CURVE('',#2154,#2253,#716,.T.);
#3361=ADVANCED_FACE('',(#3352,#3360),#3337,.T.);
#3369=EDGE_CURVE('',#2257,#2253,#772,.T.);
#3371=EDGE_CURVE('',#2257,#2259,#748,.T.);
#3373=EDGE_CURVE('',#2261,#2259,#1701,.T.);
#3375=EDGE_CURVE('',#2262,#2261,#1692,.T.);
#3377=EDGE_CURVE('',#2263,#2262,#1675,.T.);
#3379=EDGE_CURVE('',#2263,#2265,#752,.T.);
#3381=EDGE_CURVE('',#2267,#2265,#917,.T.);
#3383=EDGE_CURVE('',#2267,#2269,#756,.T.);
#3385=EDGE_CURVE('',#2270,#2269,#1495,.T.);
#3387=EDGE_CURVE('',#2271,#2270,#1516,.T.);
#3389=EDGE_CURVE('',#2273,#2271,#1525,.T.);
#3391=EDGE_CURVE('',#2273,#2275,#760,.T.);
#3393=EDGE_CURVE('',#2216,#2275,#1608,.T.);
#3400=ADVANCED_FACE('',(#3399),#3366,.F.);
#3407=EDGE_CURVE('',#2257,#2151,#794,.T.);
#3413=ADVANCED_FACE('',(#3412),#3405,.T.);
#3507=EDGE_CURVE('',#2276,#2160,#836,.T.);
#3509=EDGE_CURVE('',#2276,#2257,#782,.T.);
#3514=ADVANCED_FACE('',(#3513),#3505,.T.);
#3521=EDGE_CURVE('',#2167,#2278,#798,.T.);
#3523=EDGE_CURVE('',#2278,#2279,#806,.T.);
#3525=EDGE_CURVE('',#2279,#2281,#810,.T.);
#3527=EDGE_CURVE('',#2281,#2282,#818,.T.);
#3529=EDGE_CURVE('',#2282,#2284,#822,.T.);
#3531=EDGE_CURVE('',#2276,#2284,#1732,.T.);
#3538=ADVANCED_FACE('',(#3537),#3519,.F.);
#3547=EDGE_CURVE('',#2278,#2178,#868,.T.);
#3551=ADVANCED_FACE('',(#3550),#3543,.T.);
#3663=EDGE_CURVE('',#2285,#2279,#863,.T.);
#3667=EDGE_CURVE('',#2285,#2178,#1275,.T.);
#3671=ADVANCED_FACE('',(#3670),#3662,.F.);
#3677=EDGE_CURVE('',#2288,#2289,#873,.T.);
#3679=EDGE_CURVE('',#2289,#2291,#878,.T.);
#3681=EDGE_CURVE('',#2291,#2288,#883,.T.);
#3686=EDGE_CURVE('',#2293,#2285,#1263,.T.);
#3688=EDGE_CURVE('',#2295,#2293,#1291,.T.);
#3690=EDGE_CURVE('',#2201,#2295,#1287,.T.);
#3693=EDGE_CURVE('',#2199,#2297,#891,.T.);
#3695=EDGE_CURVE('',#2297,#2299,#895,.T.);
#3697=EDGE_CURVE('',#2301,#2299,#1655,.T.);
#3699=EDGE_CURVE('',#2301,#2302,#909,.T.);
#3701=EDGE_CURVE('',#2304,#2302,#1383,.T.);
#3703=EDGE_CURVE('',#2305,#2304,#1454,.T.);
#3705=EDGE_CURVE('',#2307,#2305,#1470,.T.);
#3707=EDGE_CURVE('',#2309,#2307,#1552,.T.);
#3709=EDGE_CURVE('',#2309,#2267,#913,.T.);
#3712=EDGE_CURVE('',#2311,#2265,#1670,.T.);
#3714=EDGE_CURVE('',#2311,#2313,#921,.T.);
#3716=EDGE_CURVE('',#2315,#2313,#1760,.T.);
#3718=EDGE_CURVE('',#2315,#2281,#935,.T.);
#3723=EDGE_CURVE('',#2318,#2319,#940,.T.);
#3725=EDGE_CURVE('',#2319,#2318,#945,.T.);
#3729=EDGE_CURVE('',#2322,#2323,#950,.T.);
#3731=EDGE_CURVE('',#2323,#2322,#955,.T.);
#3735=EDGE_CURVE('',#2326,#2327,#960,.T.);
#3737=EDGE_CURVE('',#2327,#2326,#965,.T.);
#3741=EDGE_CURVE('',#2330,#2331,#970,.T.);
#3743=EDGE_CURVE('',#2331,#2330,#975,.T.);
#3747=ADVANCED_FACE('',(#3684,#3722,#3728,#3734,#3740,#3746),#3676,.T.);
#3753=EDGE_CURVE('',#2289,#2333,#990,.T.);
#3756=EDGE_CURVE('',#2288,#2335,#980,.T.);
#3758=EDGE_CURVE('',#2335,#2333,#985,.T.);
#3762=ADVANCED_FACE('',(#3761),#3752,.T.);
#3772=EDGE_CURVE('',#2333,#2337,#995,.T.);
#3774=EDGE_CURVE('',#2337,#2335,#1000,.T.);
#3778=ADVANCED_FACE('',(#3777),#3767,.T.);
#3784=EDGE_CURVE('',#2339,#2333,#1008,.T.);
#3786=EDGE_CURVE('',#2341,#2339,#1028,.T.);
#3788=EDGE_CURVE('',#2343,#2341,#1023,.T.);
#3790=EDGE_CURVE('',#2343,#2335,#1004,.T.);
#3796=ADVANCED_FACE('',(#3795),#3783,.T.);
#3803=EDGE_CURVE('',#2339,#2343,#1013,.T.);
#3809=ADVANCED_FACE('',(#3808),#3801,.T.);
#3815=EDGE_CURVE('',#2339,#2345,#1033,.T.);
#3818=EDGE_CURVE('',#2343,#2347,#1018,.T.);
#3820=EDGE_CURVE('',#2345,#2347,#1043,.T.);
#3824=ADVANCED_FACE('',(#3823),#3814,.T.);
#3834=EDGE_CURVE('',#2349,#2345,#1038,.T.);
#3836=EDGE_CURVE('',#2347,#2349,#1048,.T.);
#3840=ADVANCED_FACE('',(#3839),#3829,.T.);
#3851=EDGE_CURVE('',#2352,#2353,#1053,.T.);
#3853=EDGE_CURVE('',#2353,#2352,#1058,.T.);
#3857=EDGE_CURVE('',#2356,#2357,#1063,.T.);
#3859=EDGE_CURVE('',#2357,#2359,#1068,.T.);
#3861=EDGE_CURVE('',#2359,#2356,#1073,.T.);
#3865=EDGE_CURVE('',#2362,#2363,#1078,.T.);
#3867=EDGE_CURVE('',#2363,#2362,#1083,.T.);
#3871=EDGE_CURVE('',#2366,#2367,#1088,.T.);
#3873=EDGE_CURVE('',#2367,#2369,#1093,.T.);
#3875=EDGE_CURVE('',#2369,#2366,#1098,.T.);
#3879=ADVANCED_FACE('',(#3850,#3856,#3864,#3870,#3878),#3845,.F.);
#3885=EDGE_CURVE('',#2372,#2373,#1122,.T.);
#3887=EDGE_CURVE('',#2372,#2353,#1102,.T.);
#3890=EDGE_CURVE('',#2373,#2352,#1134,.T.);
#3894=ADVANCED_FACE('',(#3893),#3884,.F.);
#3900=EDGE_CURVE('',#2376,#2377,#1107,.T.);
#3902=EDGE_CURVE('',#2377,#2376,#1112,.T.);
#3906=EDGE_CURVE('',#2373,#2372,#1117,.T.);
#3911=ADVANCED_FACE('',(#3905,#3910),#3899,.T.);
#3917=EDGE_CURVE('',#2319,#2377,#1126,.T.);
#3920=EDGE_CURVE('',#2318,#2376,#1130,.T.);
#3925=ADVANCED_FACE('',(#3924),#3916,.F.);
#3937=ADVANCED_FACE('',(#3936),#3930,.F.);
#3949=ADVANCED_FACE('',(#3948),#3942,.F.);
#3955=EDGE_CURVE('',#2380,#2381,#1163,.T.);
#3957=EDGE_CURVE('',#2380,#2357,#1138,.T.);
#3961=EDGE_CURVE('',#2381,#2359,#1175,.T.);
#3965=ADVANCED_FACE('',(#3964),#3954,.F.);
#3971=EDGE_CURVE('',#2384,#2385,#1143,.T.);
#3973=EDGE_CURVE('',#2385,#2387,#1148,.T.);
#3975=EDGE_CURVE('',#2387,#2384,#1153,.T.);
#3979=EDGE_CURVE('',#2381,#2380,#1158,.T.);
#3984=ADVANCED_FACE('',(#3978,#3983),#3970,.T.);
#3990=EDGE_CURVE('',#2327,#2385,#1167,.T.);
#3994=EDGE_CURVE('',#2326,#2387,#1171,.T.);
#3999=ADVANCED_FACE('',(#3998),#3989,.F.);
#4011=ADVANCED_FACE('',(#4010),#4004,.F.);
#4023=ADVANCED_FACE('',(#4022),#4016,.F.);
#4029=EDGE_CURVE('',#2390,#2391,#1199,.T.);
#4031=EDGE_CURVE('',#2390,#2363,#1179,.T.);
#4034=EDGE_CURVE('',#2391,#2362,#1211,.T.);
#4038=ADVANCED_FACE('',(#4037),#4028,.F.);
#4044=EDGE_CURVE('',#2394,#2395,#1184,.T.);
#4046=EDGE_CURVE('',#2395,#2394,#1189,.T.);
#4050=EDGE_CURVE('',#2391,#2390,#1194,.T.);
#4055=ADVANCED_FACE('',(#4049,#4054),#4043,.T.);
#4061=EDGE_CURVE('',#2322,#2395,#1203,.T.);
#4064=EDGE_CURVE('',#2323,#2394,#1207,.T.);
#4069=ADVANCED_FACE('',(#4068),#4060,.F.);
#4081=ADVANCED_FACE('',(#4080),#4074,.F.);
#4093=ADVANCED_FACE('',(#4092),#4086,.F.);
#4099=EDGE_CURVE('',#2398,#2399,#1240,.T.);
#4101=EDGE_CURVE('',#2398,#2367,#1215,.T.);
#4104=EDGE_CURVE('',#2399,#2366,#1252,.T.);
#4108=ADVANCED_FACE('',(#4107),#4098,.F.);
#4114=EDGE_CURVE('',#2402,#2403,#1220,.T.);
#4116=EDGE_CURVE('',#2403,#2405,#1225,.T.);
#4118=EDGE_CURVE('',#2405,#2402,#1230,.T.);
#4122=EDGE_CURVE('',#2399,#2398,#1235,.T.);
#4127=ADVANCED_FACE('',(#4121,#4126),#4113,.T.);
#4133=EDGE_CURVE('',#2330,#2403,#1244,.T.);
#4136=EDGE_CURVE('',#2331,#2402,#1248,.T.);
#4141=ADVANCED_FACE('',(#4140),#4132,.F.);
#4154=ADVANCED_FACE('',(#4153),#4146,.F.);
#4167=ADVANCED_FACE('',(#4166),#4159,.F.);
#4174=EDGE_CURVE('',#2183,#2293,#1259,.T.);
#4181=ADVANCED_FACE('',(#4180),#4172,.F.);
#4194=ADVANCED_FACE('',(#4193),#4186,.F.);
#4201=EDGE_CURVE('',#2197,#2407,#1295,.T.);
#4203=EDGE_CURVE('',#2299,#2407,#1662,.T.);
#4209=ADVANCED_FACE('',(#4208),#4199,.T.);
#4217=EDGE_CURVE('',#2409,#2196,#1317,.T.);
#4219=EDGE_CURVE('',#2411,#2409,#1343,.T.);
#4221=EDGE_CURVE('',#2411,#2407,#1312,.T.);
#4225=ADVANCED_FACE('',(#4224),#4214,.F.);
#4278=EDGE_CURVE('',#2409,#2195,#1335,.T.);
#4282=ADVANCED_FACE('',(#4281),#4275,.T.);
#4288=EDGE_CURVE('',#2413,#2409,#1328,.T.);
#4292=EDGE_CURVE('',#2413,#2193,#1352,.T.);
#4296=ADVANCED_FACE('',(#4295),#4287,.T.);
#4304=EDGE_CURVE('',#2413,#2415,#1347,.T.);
#4306=EDGE_CURVE('',#2411,#2415,#1639,.T.);
#4310=ADVANCED_FACE('',(#4309),#4301,.F.);
#4316=EDGE_CURVE('',#2417,#2413,#1362,.T.);
#4318=EDGE_CURVE('',#2419,#2417,#1395,.T.);
#4320=EDGE_CURVE('',#2421,#2419,#1635,.T.);
#4322=EDGE_CURVE('',#2415,#2421,#1630,.T.);
#4327=ADVANCED_FACE('',(#4326),#4315,.T.);
#4334=EDGE_CURVE('',#2193,#2417,#1357,.T.);
#4339=ADVANCED_FACE('',(#4338),#4332,.T.);
#4345=EDGE_CURVE('',#2423,#2417,#1366,.T.);
#4349=EDGE_CURVE('',#2423,#2191,#1575,.T.);
#4353=ADVANCED_FACE('',(#4352),#4344,.T.);
#4359=EDGE_CURVE('',#2426,#2427,#1425,.T.);
#4361=EDGE_CURVE('',#2426,#2429,#1370,.T.);
#4363=EDGE_CURVE('',#2429,#2304,#1379,.T.);
#4366=EDGE_CURVE('',#2302,#2419,#1391,.T.);
#4370=EDGE_CURVE('',#2423,#2430,#1408,.T.);
#4372=EDGE_CURVE('',#2432,#2430,#1570,.T.);
#4374=EDGE_CURVE('',#2432,#2427,#1421,.T.);
#4378=ADVANCED_FACE('',(#4377),#4358,.T.);
#4385=EDGE_CURVE('',#2426,#2273,#1435,.T.);
#4388=EDGE_CURVE('',#2275,#2427,#1562,.T.);
#4392=ADVANCED_FACE('',(#4391),#4383,.T.);
#4398=EDGE_CURVE('',#2434,#2426,#1430,.T.);
#4401=EDGE_CURVE('',#2273,#2434,#1440,.T.);
#4405=ADVANCED_FACE('',(#4404),#4397,.T.);
#4411=EDGE_CURVE('',#2429,#2436,#1459,.T.);
#4415=EDGE_CURVE('',#2436,#2434,#1544,.T.);
#4419=ADVANCED_FACE('',(#4418),#4410,.T.);
#4551=EDGE_CURVE('',#2305,#2436,#1484,.T.);
#4558=ADVANCED_FACE('',(#4557),#4550,.T.);
#4564=EDGE_CURVE('',#2437,#2438,#1509,.T.);
#4566=EDGE_CURVE('',#2437,#2307,#1466,.T.);
#4570=EDGE_CURVE('',#2436,#2438,#1488,.T.);
#4574=ADVANCED_FACE('',(#4573),#4563,.F.);
#4580=EDGE_CURVE('',#2270,#2440,#1521,.T.);
#4583=EDGE_CURVE('',#2437,#2269,#1548,.T.);
#4586=EDGE_CURVE('',#2440,#2438,#1540,.T.);
#4590=ADVANCED_FACE('',(#4589),#4579,.F.);
#4643=EDGE_CURVE('',#2271,#2440,#1532,.T.);
#4647=ADVANCED_FACE('',(#4646),#4640,.T.);
#4655=EDGE_CURVE('',#2440,#2434,#1536,.T.);
#4660=ADVANCED_FACE('',(#4659),#4652,.T.);
#4672=ADVANCED_FACE('',(#4671),#4665,.F.);
#4685=ADVANCED_FACE('',(#4684),#4677,.T.);
#4771=EDGE_CURVE('',#2432,#2442,#1557,.T.);
#4773=EDGE_CURVE('',#2275,#2442,#1621,.T.);
#4779=ADVANCED_FACE('',(#4778),#4770,.F.);
#4785=EDGE_CURVE('',#2444,#2430,#1592,.T.);
#4787=EDGE_CURVE('',#2444,#2442,#1566,.T.);
#4793=ADVANCED_FACE('',(#4792),#4784,.T.);
#4880=EDGE_CURVE('',#2191,#2444,#1587,.T.);
#4886=ADVANCED_FACE('',(#4885),#4878,.F.);
#4892=EDGE_CURVE('',#2220,#2444,#1596,.T.);
#4899=ADVANCED_FACE('',(#4898),#4891,.T.);
#4908=EDGE_CURVE('',#2442,#2218,#1625,.T.);
#4912=ADVANCED_FACE('',(#4911),#4904,.F.);
#4924=ADVANCED_FACE('',(#4923),#4917,.T.);
#5038=EDGE_CURVE('',#2415,#2301,#1651,.T.);
#5044=ADVANCED_FACE('',(#5043),#5035,.T.);
#5057=ADVANCED_FACE('',(#5056),#5049,.F.);
#5063=EDGE_CURVE('',#2263,#2446,#1666,.T.);
#5065=EDGE_CURVE('',#2313,#2446,#1767,.T.);
#5072=ADVANCED_FACE('',(#5071),#5062,.F.);
#5080=EDGE_CURVE('',#2448,#2262,#1697,.T.);
#5082=EDGE_CURVE('',#2450,#2448,#1736,.T.);
#5084=EDGE_CURVE('',#2450,#2446,#1685,.T.);
#5088=ADVANCED_FACE('',(#5087),#5077,.F.);
#5140=EDGE_CURVE('',#2448,#2261,#1713,.T.);
#5145=ADVANCED_FACE('',(#5144),#5138,.F.);
#5152=EDGE_CURVE('',#2452,#2259,#1728,.T.);
#5154=EDGE_CURVE('',#2452,#2448,#1705,.T.);
#5159=ADVANCED_FACE('',(#5158),#5150,.T.);
#5165=EDGE_CURVE('',#2259,#2284,#1718,.T.);
#5167=EDGE_CURVE('',#2284,#2452,#1723,.T.);
#5172=ADVANCED_FACE('',(#5171),#5164,.T.);
#5184=ADVANCED_FACE('',(#5183),#5177,.T.);
#5190=EDGE_CURVE('',#2452,#2454,#1740,.T.);
#5194=EDGE_CURVE('',#2454,#2282,#1772,.T.);
#5198=ADVANCED_FACE('',(#5197),#5189,.T.);
#5207=EDGE_CURVE('',#2450,#2454,#1744,.T.);
#5211=ADVANCED_FACE('',(#5210),#5203,.F.);
#5219=EDGE_CURVE('',#2454,#2315,#1756,.T.);
#5225=ADVANCED_FACE('',(#5224),#5216,.F.);
#5343=ADVANCED_FACE('',(#5342),#5336,.F.);
#5350=EDGE_CURVE('',#2456,#2246,#1799,.T.);
#5352=EDGE_CURVE('',#2456,#2458,#1776,.T.);
#5354=EDGE_CURVE('',#2459,#2458,#1836,.T.);
#5356=EDGE_CURVE('',#2461,#2459,#1840,.T.);
#5358=EDGE_CURVE('',#2461,#2462,#1791,.T.);
#5360=EDGE_CURVE('',#2464,#2462,#1872,.T.);
#5362=EDGE_CURVE('',#2466,#2464,#1880,.T.);
#5364=EDGE_CURVE('',#2255,#2466,#1909,.T.);
#5369=ADVANCED_FACE('',(#5368),#5348,.F.);
#5378=EDGE_CURVE('',#2244,#2456,#1807,.T.);
#5382=ADVANCED_FACE('',(#5381),#5374,.T.);
#5389=EDGE_CURVE('',#2242,#2468,#1816,.T.);
#5391=EDGE_CURVE('',#2468,#2458,#1821,.T.);
#5397=ADVANCED_FACE('',(#5396),#5387,.T.);
#5404=EDGE_CURVE('',#2241,#2459,#1826,.T.);
#5411=ADVANCED_FACE('',(#5410),#5402,.T.);
#5417=EDGE_CURVE('',#2461,#2239,#1859,.T.);
#5424=ADVANCED_FACE('',(#5423),#5416,.F.);
#5431=EDGE_CURVE('',#2462,#2238,#1864,.T.);
#5437=ADVANCED_FACE('',(#5436),#5429,.T.);
#5445=EDGE_CURVE('',#2236,#2464,#1868,.T.);
#5450=ADVANCED_FACE('',(#5449),#5442,.F.);
#5457=EDGE_CURVE('',#2466,#2210,#1905,.T.);
#5463=ADVANCED_FACE('',(#5462),#5455,.T.);
#5471=EDGE_CURVE('',#2466,#2207,#1926,.T.);
#5476=ADVANCED_FACE('',(#5475),#5468,.T.);
#5488=ADVANCED_FACE('',(#5487),#5481,.T.);
#5500=ADVANCED_FACE('',(#5499),#5493,.T.);
#5506=EDGE_CURVE('',#2223,#2470,#1942,.T.);
#5508=EDGE_CURVE('',#2472,#2470,#1978,.T.);
#5510=EDGE_CURVE('',#2224,#2472,#1970,.T.);
#5515=ADVANCED_FACE('',(#5514),#5505,.T.);
#5521=EDGE_CURVE('',#2232,#2474,#1946,.T.);
#5523=EDGE_CURVE('',#2474,#2470,#1950,.T.);
#5529=ADVANCED_FACE('',(#5528),#5520,.T.);
#5535=EDGE_CURVE('',#2230,#2476,#1954,.T.);
#5537=EDGE_CURVE('',#2474,#2476,#1982,.T.);
#5543=ADVANCED_FACE('',(#5542),#5534,.T.);
#5549=EDGE_CURVE('',#2228,#2478,#1958,.T.);
#5551=EDGE_CURVE('',#2476,#2478,#1986,.T.);
#5557=ADVANCED_FACE('',(#5556),#5548,.T.);
#5563=EDGE_CURVE('',#2226,#2480,#1962,.T.);
#5565=EDGE_CURVE('',#2480,#2478,#1966,.T.);
#5571=ADVANCED_FACE('',(#5570),#5562,.T.);
#5578=EDGE_CURVE('',#2480,#2472,#1974,.T.);
#5584=ADVANCED_FACE('',(#5583),#5576,.T.);
#5598=EDGE_CURVE('',#2118,#2120,#1991,.T.);
#5603=ADVANCED_FACE('',(#5597,#5602),#5589,.T.);
#5617=ADVANCED_FACE('',(#5616),#5608,.F.);
#5629=ADVANCED_FACE('',(#5628),#5622,.F.);
#5630=CLOSED_SHELL('',(#2496,#2511,#2526,#2541,#2556,#2570,#2590,#2605,#2628,
#2649,#2668,#2687,#2700,#2719,#2729,#2747,#2767,#2783,#2797,#2821,#2836,#2850,
#2864,#2878,#2892,#2905,#2929,#2944,#3039,#3054,#3067,#3082,#3097,#3114,#3171,
#3211,#3226,#3262,#3288,#3302,#3317,#3332,#3361,#3400,#3413,#3514,#3538,#3551,
#3671,#3747,#3762,#3778,#3796,#3809,#3824,#3840,#3879,#3894,#3911,#3925,#3937,
#3949,#3965,#3984,#3999,#4011,#4023,#4038,#4055,#4069,#4081,#4093,#4108,#4127,
#4141,#4154,#4167,#4181,#4194,#4209,#4225,#4282,#4296,#4310,#4327,#4339,#4353,
#4378,#4392,#4405,#4419,#4558,#4574,#4590,#4647,#4660,#4672,#4685,#4779,#4793,
#4886,#4899,#4912,#4924,#5044,#5057,#5072,#5088,#5145,#5159,#5172,#5184,#5198,
#5211,#5225,#5343,#5369,#5382,#5397,#5411,#5424,#5437,#5450,#5463,#5476,#5488,
#5500,#5515,#5529,#5543,#5557,#5571,#5584,#5603,#5617,#5629));
#5631=MANIFOLD_SOLID_BREP('',#5630);
#5650=(LENGTH_UNIT()NAMED_UNIT(*)SI_UNIT(.MILLI.,.METRE.));
#5651=(NAMED_UNIT(*)PLANE_ANGLE_UNIT()SI_UNIT($,.RADIAN.));
#5654=(NAMED_UNIT(*)SI_UNIT($,.STERADIAN.)SOLID_ANGLE_UNIT());
#5656=(GEOMETRIC_REPRESENTATION_CONTEXT(3)GLOBAL_UNCERTAINTY_ASSIGNED_CONTEXT((
#5655))GLOBAL_UNIT_ASSIGNED_CONTEXT((#5650,#5653,#5654))REPRESENTATION_CONTEXT(
'ID1','external'));
#5657=ADVANCED_BREP_SHAPE_REPRESENTATION('',(#5631),#5656);
#5658=GEOMETRICALLY_BOUNDED_SURFACE_SHAPE_REPRESENTATION('',(#5641),#5656);
#5659=SHAPE_REPRESENTATION('',(#5635,#5645),#5656);
#5669=PRODUCT_DEFINITION('part definition','',#5668,#5665);
#5670=PRODUCT_DEFINITION_SHAPE('','SHAPE FOR PRT0002.',#5669);
#5671=SHAPE_ASPECT('','solid data associated with PRT0002',#5670,.F.);
#5672=PROPERTY_DEFINITION('',
'shape for solid data with which properties are associated',#5671);
#5673=SHAPE_REPRESENTATION('',(#5631),#5656);
#5674=SHAPE_DEFINITION_REPRESENTATION(#5672,#5673);
#5675=(LENGTH_UNIT()NAMED_UNIT(*)SI_UNIT(.MILLI.,.METRE.));
#5679=PROPERTY_DEFINITION('geometric validation property','area of PRT0002',
#5671);
#5680=REPRESENTATION('surface area',(#5678),#5656);
#5681=PROPERTY_DEFINITION_REPRESENTATION(#5679,#5680);
#5682=(LENGTH_UNIT()NAMED_UNIT(*)SI_UNIT(.MILLI.,.METRE.));
#5686=PROPERTY_DEFINITION('geometric validation property','volume of PRT0002',
#5671);
#5687=REPRESENTATION('volume',(#5685),#5656);
#5688=PROPERTY_DEFINITION_REPRESENTATION(#5686,#5687);
#5690=PROPERTY_DEFINITION('geometric validation property','centroid of PRT0002',
#5671);
#5691=REPRESENTATION('centroid',(#5689),#5656);
#5692=PROPERTY_DEFINITION_REPRESENTATION(#5690,#5691);
#5693=(LENGTH_UNIT()NAMED_UNIT(*)SI_UNIT(.MILLI.,.METRE.));
#5697=PROPERTY_DEFINITION('geometric validation property','area of PRT0002',
#5670);
#5698=REPRESENTATION('surface area',(#5696),#5656);
#5699=PROPERTY_DEFINITION_REPRESENTATION(#5697,#5698);
#5700=(LENGTH_UNIT()NAMED_UNIT(*)SI_UNIT(.MILLI.,.METRE.));
#5704=PROPERTY_DEFINITION('geometric validation property','volume of PRT0002',
#5670);
#5705=REPRESENTATION('volume',(#5703),#5656);
#5706=PROPERTY_DEFINITION_REPRESENTATION(#5704,#5705);
#5708=PROPERTY_DEFINITION('geometric validation property','centroid of PRT0002',
#5670);
#5709=REPRESENTATION('centroid',(#5707),#5656);
#5710=PROPERTY_DEFINITION_REPRESENTATION(#5708,#5709);
#5711=SHAPE_DEFINITION_REPRESENTATION(#5670,#5659);
ENDSEC;
END-ISO-10303-21;
