ISO-10303-21;
HEADER;
FILE_DESCRIPTION((''),'2;1');
FILE_NAME('AUFNAHME','2026-08-19T22:47:52',('alexp'),(''),
'CREO PARAMETRIC BY PTC INC, 2025102','CREO PARAMETRIC BY PTC INC, 2025102','');
FILE_SCHEMA(('AUTOMOTIVE_DESIGN { 1 0 10303 214 1 1 1 1 }'));
ENDSEC;
DATA;
#17=DIRECTION('',(0.E0,-1.E0,0.E0));
#18=VECTOR('',#17,1.E1);
#19=CARTESIAN_POINT('',(-3.279382434622E1,1.0045E2,1.5E1));
#20=LINE('',#19,#18);
#21=DIRECTION('',(-1.E0,0.E0,0.E0));
#22=VECTOR('',#21,6.7E1);
#23=CARTESIAN_POINT('',(3.420617565378E1,1.0045E2,1.5E1));
#24=LINE('',#23,#22);
#25=DIRECTION('',(0.E0,1.E0,0.E0));
#26=VECTOR('',#25,1.E1);
#27=CARTESIAN_POINT('',(3.420617565378E1,9.045E1,1.5E1));
#28=LINE('',#27,#26);
#29=DIRECTION('',(-1.E0,0.E0,0.E0));
#30=VECTOR('',#29,3.1E1);
#31=CARTESIAN_POINT('',(6.520617565378E1,9.045E1,1.5E1));
#32=LINE('',#31,#30);
#33=DIRECTION('',(0.E0,1.E0,0.E0));
#34=VECTOR('',#33,1.791E2);
#35=CARTESIAN_POINT('',(6.520617565378E1,-8.865E1,1.5E1));
#36=LINE('',#35,#34);
#37=DIRECTION('',(1.E0,0.E0,0.E0));
#38=VECTOR('',#37,1.5E2);
#39=CARTESIAN_POINT('',(-8.479382434622E1,-8.865E1,1.5E1));
#40=LINE('',#39,#38);
#41=DIRECTION('',(0.E0,-1.E0,0.E0));
#42=VECTOR('',#41,1.791E2);
#43=CARTESIAN_POINT('',(-8.479382434622E1,9.045E1,1.5E1));
#44=LINE('',#43,#42);
#45=DIRECTION('',(1.E0,0.E0,0.E0));
#46=VECTOR('',#45,3.1E1);
#47=CARTESIAN_POINT('',(2.449382434622E1,8.065E1,1.5E1));
#48=LINE('',#47,#46);
#49=DIRECTION('',(0.E0,1.E0,0.E0));
#50=VECTOR('',#49,6.182842712475E0);
#51=CARTESIAN_POINT('',(2.449382434622E1,8.065E1,1.5E1));
#52=LINE('',#51,#50);
#53=DIRECTION('',(1.E0,0.E0,0.E0));
#54=VECTOR('',#53,4.748764869244E1);
#55=CARTESIAN_POINT('',(-2.299382434622E1,8.683284271247E1,1.5E1));
#56=LINE('',#55,#54);
#57=DIRECTION('',(0.E0,-1.E0,0.E0));
#58=VECTOR('',#57,6.182842712475E0);
#59=CARTESIAN_POINT('',(-2.299382434622E1,8.683284271247E1,1.5E1));
#60=LINE('',#59,#58);
#61=DIRECTION('',(1.E0,0.E0,0.E0));
#62=VECTOR('',#61,5.2E1);
#63=CARTESIAN_POINT('',(-7.499382434622E1,8.065E1,1.5E1));
#64=LINE('',#63,#62);
#65=DIRECTION('',(0.E0,1.E0,0.E0));
#66=VECTOR('',#65,1.534E2);
#67=CARTESIAN_POINT('',(-7.499382434622E1,-7.275E1,1.5E1));
#68=LINE('',#67,#66);
#69=DIRECTION('',(0.E0,1.E0,0.E0));
#70=VECTOR('',#69,6.1E0);
#71=CARTESIAN_POINT('',(-2.299382434622E1,-7.885E1,1.5E1));
#72=LINE('',#71,#70);
#73=DIRECTION('',(-1.E0,0.E0,0.E0));
#74=VECTOR('',#73,4.748764869244E1);
#75=CARTESIAN_POINT('',(2.449382434622E1,-7.885E1,1.5E1));
#76=LINE('',#75,#74);
#77=DIRECTION('',(0.E0,-1.E0,0.E0));
#78=VECTOR('',#77,6.1E0);
#79=CARTESIAN_POINT('',(2.449382434622E1,-7.275E1,1.5E1));
#80=LINE('',#79,#78);
#81=DIRECTION('',(-1.E0,1.512641650258E-9,1.026073438150E-8));
#82=VECTOR('',#81,4.751025967393E0);
#83=CARTESIAN_POINT('',(2.924485031361E1,-7.275000000719E1,1.499999995125E1));
#84=LINE('',#83,#82);
#85=DIRECTION('',(9.973394263244E-9,-1.E0,-1.005029869204E-8));
#86=VECTOR('',#85,4.812471798936E0);
#87=CARTESIAN_POINT('',(4.549382434622E1,-6.775E1,1.5E1));
#88=LINE('',#87,#86);
#89=DIRECTION('',(-1.E0,0.E0,0.E0));
#90=VECTOR('',#89,1.E1);
#91=CARTESIAN_POINT('',(5.549382434622E1,-6.775E1,1.5E1));
#92=LINE('',#91,#90);
#93=DIRECTION('',(0.E0,0.E0,-1.E0));
#94=VECTOR('',#93,6.1E1);
#95=CARTESIAN_POINT('',(-8.479382434622E1,9.045E1,1.5E1));
#96=LINE('',#95,#94);
#97=DIRECTION('',(0.E0,0.E0,1.E0));
#98=VECTOR('',#97,6.1E1);
#99=CARTESIAN_POINT('',(-3.279382434622E1,9.045E1,-4.6E1));
#100=LINE('',#99,#98);
#101=DIRECTION('',(-1.E0,0.E0,0.E0));
#102=VECTOR('',#101,5.2E1);
#103=CARTESIAN_POINT('',(-3.279382434622E1,9.045E1,1.5E1));
#104=LINE('',#103,#102);
#105=DIRECTION('',(0.E0,0.E0,1.E0));
#106=VECTOR('',#105,6.1E1);
#107=CARTESIAN_POINT('',(-8.479382434622E1,-8.865E1,-4.6E1));
#108=LINE('',#107,#106);
#109=DIRECTION('',(0.E0,0.E0,1.E0));
#110=VECTOR('',#109,6.1E1);
#111=CARTESIAN_POINT('',(6.520617565378E1,-8.865E1,-4.6E1));
#112=LINE('',#111,#110);
#113=DIRECTION('',(0.E0,0.E0,1.E0));
#114=VECTOR('',#113,6.1E1);
#115=CARTESIAN_POINT('',(6.520617565378E1,9.045E1,-4.6E1));
#116=LINE('',#115,#114);
#117=DIRECTION('',(0.E0,0.E0,1.E0));
#118=VECTOR('',#117,6.1E1);
#119=CARTESIAN_POINT('',(3.420617565378E1,9.045E1,-4.6E1));
#120=LINE('',#119,#118);
#121=DIRECTION('',(0.E0,0.E0,1.E0));
#122=VECTOR('',#121,6.1E1);
#123=CARTESIAN_POINT('',(3.420617565378E1,1.0045E2,-4.6E1));
#124=LINE('',#123,#122);
#125=DIRECTION('',(0.E0,0.E0,1.E0));
#126=VECTOR('',#125,6.1E1);
#127=CARTESIAN_POINT('',(-3.279382434622E1,1.0045E2,-4.6E1));
#128=LINE('',#127,#126);
#129=DIRECTION('',(0.E0,-1.E0,0.E0));
#130=VECTOR('',#129,1.791E2);
#131=CARTESIAN_POINT('',(-8.479382434622E1,9.045E1,-4.6E1));
#132=LINE('',#131,#130);
#133=DIRECTION('',(1.E0,0.E0,0.E0));
#134=VECTOR('',#133,1.5E2);
#135=CARTESIAN_POINT('',(-8.479382434622E1,-8.865E1,-4.6E1));
#136=LINE('',#135,#134);
#137=DIRECTION('',(0.E0,1.E0,0.E0));
#138=VECTOR('',#137,1.791E2);
#139=CARTESIAN_POINT('',(6.520617565378E1,-8.865E1,-4.6E1));
#140=LINE('',#139,#138);
#141=DIRECTION('',(-1.E0,0.E0,0.E0));
#142=VECTOR('',#141,3.1E1);
#143=CARTESIAN_POINT('',(6.520617565378E1,9.045E1,-4.6E1));
#144=LINE('',#143,#142);
#145=DIRECTION('',(0.E0,1.E0,0.E0));
#146=VECTOR('',#145,1.E1);
#147=CARTESIAN_POINT('',(3.420617565378E1,9.045E1,-4.6E1));
#148=LINE('',#147,#146);
#149=DIRECTION('',(-1.E0,0.E0,0.E0));
#150=VECTOR('',#149,6.7E1);
#151=CARTESIAN_POINT('',(3.420617565378E1,1.0045E2,-4.6E1));
#152=LINE('',#151,#150);
#153=DIRECTION('',(0.E0,-1.E0,0.E0));
#154=VECTOR('',#153,1.E1);
#155=CARTESIAN_POINT('',(-3.279382434622E1,1.0045E2,-4.6E1));
#156=LINE('',#155,#154);
#157=DIRECTION('',(-1.E0,0.E0,0.E0));
#158=VECTOR('',#157,5.2E1);
#159=CARTESIAN_POINT('',(-3.279382434622E1,9.045E1,-4.6E1));
#160=LINE('',#159,#158);
#161=DIRECTION('',(0.E0,-1.E0,0.E0));
#162=VECTOR('',#161,1.484E2);
#163=CARTESIAN_POINT('',(5.549382434622E1,8.065E1,1.5E1));
#164=LINE('',#163,#162);
#165=DIRECTION('',(5.773502691897E-1,-5.773502691896E-1,5.773502691896E-1));
#166=VECTOR('',#165,3.464101615138E-1);
#167=CARTESIAN_POINT('',(5.529382434622E1,-6.755E1,1.48E1));
#168=LINE('',#167,#166);
#169=DIRECTION('',(0.E0,1.E0,0.E0));
#170=VECTOR('',#169,1.48E2);
#171=CARTESIAN_POINT('',(5.529382434622E1,-6.755E1,1.48E1));
#172=LINE('',#171,#170);
#173=DIRECTION('',(5.773502691896E-1,-5.773502691896E-1,5.773502691896E-1));
#174=VECTOR('',#173,3.464101615138E-1);
#175=CARTESIAN_POINT('',(4.529382434622E1,-6.755E1,1.48E1));
#176=LINE('',#175,#174);
#177=DIRECTION('',(0.E0,0.E0,-1.E0));
#178=VECTOR('',#177,1.5E1);
#179=CARTESIAN_POINT('',(4.529382434622E1,-6.755E1,1.48E1));
#180=LINE('',#179,#178);
#181=DIRECTION('',(-1.E0,0.E0,0.E0));
#182=VECTOR('',#181,1.E1);
#183=CARTESIAN_POINT('',(5.529382434622E1,-6.755E1,1.48E1));
#184=LINE('',#183,#182);
#185=DIRECTION('',(7.211551171895E-9,-1.E0,-7.234295644846E-9));
#186=VECTOR('',#185,5.000000004540E0);
#187=CARTESIAN_POINT('',(4.529382434622E1,-6.755E1,1.48E1));
#188=LINE('',#187,#186);
#189=DIRECTION('',(7.097982049697E-10,-8.937368786670E-11,1.E0));
#190=VECTOR('',#189,5.079999996383E1);
#191=CARTESIAN_POINT('',(4.529382434622E1,-7.255E1,-3.6E1));
#192=LINE('',#191,#190);
#193=DIRECTION('',(0.E0,1.E0,0.E0));
#194=VECTOR('',#193,8.4E0);
#195=CARTESIAN_POINT('',(4.529382434622E1,-7.255E1,-3.6E1));
#196=LINE('',#195,#194);
#197=DIRECTION('',(5.398536991332E-13,-2.940874064444E-9,1.E0));
#198=VECTOR('',#197,3.579999996982E1);
#199=CARTESIAN_POINT('',(4.529382434622E1,-6.415E1,-3.6E1));
#200=LINE('',#199,#198);
#201=DIRECTION('',(-5.684342062100E-12,-1.E0,8.876948275079E-9));
#202=VECTOR('',#201,3.399999894717E0);
#203=CARTESIAN_POINT('',(4.529382434624E1,-6.415000010528E1,
-2.000000301816E-1));
#204=LINE('',#203,#202);
#205=DIRECTION('',(-8.413785222548E-9,-1.E0,3.747863371931E-9));
#206=VECTOR('',#205,1.160000000213E1);
#207=CARTESIAN_POINT('',(4.529382444622E1,7.255000000456E1,-2.000000361709E-1));
#208=LINE('',#207,#206);
#209=DIRECTION('',(6.722428943605E-11,6.801005443334E-11,1.E0));
#210=VECTOR('',#209,3.580000000730E1);
#211=CARTESIAN_POINT('',(4.529382434622E1,6.095E1,-3.6E1));
#212=LINE('',#211,#210);
#213=DIRECTION('',(0.E0,1.E0,0.E0));
#214=VECTOR('',#213,1.16E1);
#215=CARTESIAN_POINT('',(4.529382434622E1,6.095E1,-3.6E1));
#216=LINE('',#215,#214);
#217=DIRECTION('',(2.793478523950E-9,1.274999474141E-10,1.E0));
#218=VECTOR('',#217,3.579999996383E1);
#219=CARTESIAN_POINT('',(4.529382434622E1,7.255E1,-3.6E1));
#220=LINE('',#219,#218);
#221=DIRECTION('',(2.896073006999E-11,-1.E0,-3.345730349583E-10));
#222=VECTOR('',#221,8.309999996246E1);
#223=CARTESIAN_POINT('',(4.529382434622E1,3.595E1,-2.E-1));
#224=LINE('',#223,#222);
#225=DIRECTION('',(6.722369407510E-11,1.048660650130E-9,1.E0));
#226=VECTOR('',#225,3.579999997220E1);
#227=CARTESIAN_POINT('',(4.529382434622E1,-4.715E1,-3.6E1));
#228=LINE('',#227,#226);
#229=DIRECTION('',(0.E0,1.E0,0.E0));
#230=VECTOR('',#229,9.11E1);
#231=CARTESIAN_POINT('',(4.529382434622E1,-4.715E1,-3.6E1));
#232=LINE('',#231,#230);
#233=DIRECTION('',(0.E0,0.E0,1.E0));
#234=VECTOR('',#233,1.8E1);
#235=CARTESIAN_POINT('',(4.529382434622E1,4.395E1,-3.6E1));
#236=LINE('',#235,#234);
#237=DIRECTION('',(0.E0,1.E0,0.E0));
#238=VECTOR('',#237,8.E0);
#239=CARTESIAN_POINT('',(4.529382434622E1,3.595E1,-1.8E1));
#240=LINE('',#239,#238);
#241=DIRECTION('',(0.E0,0.E0,1.E0));
#242=VECTOR('',#241,1.78E1);
#243=CARTESIAN_POINT('',(4.529382434622E1,3.595E1,-1.8E1));
#244=LINE('',#243,#242);
#245=CARTESIAN_POINT('',(4.529382438228E1,-7.255000000454E1,1.479999996383E1));
#246=CARTESIAN_POINT('',(4.532669690080E1,-7.255206262552E1,1.483287248235E1));
#247=CARTESIAN_POINT('',(4.539290252226E1,-7.255620849902E1,1.489907826034E1));
#248=CARTESIAN_POINT('',(4.546003023930E1,-7.256037746823E1,1.496620579672E1));
#249=CARTESIAN_POINT('',(4.549382439421E1,-7.256247179894E1,1.499999995163E1));
#251=CARTESIAN_POINT('',(3.735657028521E1,-7.155000011296E1,1.5E1));
#252=DIRECTION('',(0.E0,0.E0,-1.E0));
#253=DIRECTION('',(9.923480269559E-1,-1.234722373521E-1,0.E0));
#254=AXIS2_PLACEMENT_3D('',#251,#252,#253);
#256=CARTESIAN_POINT('',(2.941931637982E1,-7.255000000456E1,1.479999996383E1));
#257=CARTESIAN_POINT('',(2.939017292637E1,-7.258304557411E1,1.483304553337E1));
#258=CARTESIAN_POINT('',(2.933195266210E1,-7.264942473927E1,1.489942478761E1));
#259=CARTESIAN_POINT('',(2.927386321737E1,-7.271637935783E1,1.496637930190E1));
#260=CARTESIAN_POINT('',(2.924485031361E1,-7.275000000719E1,1.499999995125E1));
#262=CARTESIAN_POINT('',(3.735657028521E1,-7.155000011296E1,1.479999951868E1));
#263=DIRECTION('',(0.E0,0.E0,1.E0));
#264=DIRECTION('',(-9.921567431508E-1,-1.249999880818E-1,0.E0));
#265=AXIS2_PLACEMENT_3D('',#262,#263,#264);
#267=DIRECTION('',(5.773502691896E-1,-5.773502691896E-1,5.773502691896E-1));
#268=VECTOR('',#267,3.464101615138E-1);
#269=CARTESIAN_POINT('',(2.429382434622E1,-7.255E1,1.48E1));
#270=LINE('',#269,#268);
#271=DIRECTION('',(5.773502691896E-1,-5.773502691896E-1,5.773502691896E-1));
#272=VECTOR('',#271,3.464101615138E-1);
#273=CARTESIAN_POINT('',(2.429382434622E1,-7.865E1,1.48E1));
#274=LINE('',#273,#272);
#275=DIRECTION('',(0.E0,0.E0,1.E0));
#276=VECTOR('',#275,2.E1);
#277=CARTESIAN_POINT('',(2.429382434622E1,-7.255E1,-5.2E0));
#278=LINE('',#277,#276);
#279=DIRECTION('',(0.E0,-1.E0,0.E0));
#280=VECTOR('',#279,6.1E0);
#281=CARTESIAN_POINT('',(2.429382434622E1,-7.255E1,1.48E1));
#282=LINE('',#281,#280);
#283=DIRECTION('',(-1.E0,0.E0,0.E0));
#284=VECTOR('',#283,4.708764869244E1);
#285=CARTESIAN_POINT('',(2.429382434622E1,-7.275E1,-5.E0));
#286=LINE('',#285,#284);
#287=DIRECTION('',(0.E0,1.E0,0.E0));
#288=VECTOR('',#287,5.9E0);
#289=CARTESIAN_POINT('',(2.429382434622E1,-7.865E1,-5.E0));
#290=LINE('',#289,#288);
#291=DIRECTION('',(1.E0,0.E0,0.E0));
#292=VECTOR('',#291,4.708764869244E1);
#293=CARTESIAN_POINT('',(-2.279382434622E1,-7.865E1,-5.E0));
#294=LINE('',#293,#292);
#295=DIRECTION('',(0.E0,1.E0,0.E0));
#296=VECTOR('',#295,5.9E0);
#297=CARTESIAN_POINT('',(-2.279382434622E1,-7.865E1,-5.E0));
#298=LINE('',#297,#296);
#299=DIRECTION('',(1.E0,0.E0,0.E0));
#300=VECTOR('',#299,4.708764869244E1);
#301=CARTESIAN_POINT('',(-2.279382434622E1,7.275E1,-5.E0));
#302=LINE('',#301,#300);
#303=DIRECTION('',(1.E0,0.E0,0.E0));
#304=VECTOR('',#303,4.708764869244E1);
#305=CARTESIAN_POINT('',(-2.279382434622E1,8.655E1,-5.E0));
#306=LINE('',#305,#304);
#307=DIRECTION('',(0.E0,-7.071067811866E-1,7.071067811865E-1));
#308=VECTOR('',#307,2.828427124746E-1);
#309=CARTESIAN_POINT('',(2.429382434622E1,-7.255E1,-5.2E0));
#310=LINE('',#309,#308);
#311=DIRECTION('',(0.E0,7.071067811866E-1,-7.071067811865E-1));
#312=VECTOR('',#311,2.828427124746E-1);
#313=CARTESIAN_POINT('',(-2.279382434622E1,-7.275E1,-5.E0));
#314=LINE('',#313,#312);
#315=DIRECTION('',(0.E0,-2.816567587557E-11,1.E0));
#316=VECTOR('',#315,3.579999999899E1);
#317=CARTESIAN_POINT('',(-4.529382434622E1,-7.255E1,-3.6E1));
#318=LINE('',#317,#316);
#319=DIRECTION('',(-1.E0,0.E0,0.E0));
#320=VECTOR('',#319,7.471314082605E1);
#321=CARTESIAN_POINT('',(2.941931647983E1,-7.255E1,-3.6E1));
#322=LINE('',#321,#320);
#323=DIRECTION('',(-1.968633551541E-9,-8.985736046159E-11,1.E0));
#324=VECTOR('',#323,5.079999996383E1);
#325=CARTESIAN_POINT('',(2.941931647983E1,-7.255E1,-3.6E1));
#326=LINE('',#325,#324);
#327=DIRECTION('',(-1.E0,8.905981861388E-10,7.057002060498E-9));
#328=VECTOR('',#327,5.125492033606E0);
#329=CARTESIAN_POINT('',(2.941931637982E1,-7.255000000456E1,1.479999996383E1));
#330=LINE('',#329,#328);
#331=DIRECTION('',(-1.E0,0.E0,0.E0));
#332=VECTOR('',#331,4.708764869244E1);
#333=CARTESIAN_POINT('',(2.429382434622E1,-7.255E1,-5.2E0));
#334=LINE('',#333,#332);
#335=DIRECTION('',(0.E0,1.E0,0.E0));
#336=VECTOR('',#335,7.7E0);
#337=CARTESIAN_POINT('',(-2.299382434622E1,7.275E1,0.E0));
#338=LINE('',#337,#336);
#339=DIRECTION('',(1.E0,-6.392596865409E-10,-6.392603555374E-10));
#340=VECTOR('',#339,2.23E1);
#341=CARTESIAN_POINT('',(-4.529382434622E1,7.275000001426E1,1.425550642808E-8));
#342=LINE('',#341,#340);
#343=CARTESIAN_POINT('',(-4.529382434622E1,6.455E1,1.243449787580E-14));
#344=DIRECTION('',(0.E0,0.E0,-1.E0));
#345=DIRECTION('',(-2.439024390244E-2,-9.997025137522E-1,0.E0));
#346=AXIS2_PLACEMENT_3D('',#343,#344,#345);
#348=DIRECTION('',(-4.828959667266E-12,1.E0,1.891592079445E-11));
#349=VECTOR('',#348,1.127048787697E2);
#350=CARTESIAN_POINT('',(-4.549382434567E1,-5.635243938244E1,
-2.131915981714E-9));
#351=LINE('',#350,#349);
#352=DIRECTION('',(1.E0,-3.862376924541E-11,-3.958932927473E-11));
#353=VECTOR('',#352,2.769999999976E1);
#354=CARTESIAN_POINT('',(-7.479382434622E1,-7.255E1,0.E0));
#355=LINE('',#354,#353);
#356=DIRECTION('',(0.E0,1.E0,0.E0));
#357=VECTOR('',#356,1.53E2);
#358=CARTESIAN_POINT('',(-7.479382434622E1,-7.255E1,0.E0));
#359=LINE('',#358,#357);
#360=DIRECTION('',(1.E0,0.E0,0.E0));
#361=VECTOR('',#360,5.18E1);
#362=CARTESIAN_POINT('',(-7.479382434622E1,8.045E1,0.E0));
#363=LINE('',#362,#361);
#364=DIRECTION('',(0.E0,-1.E0,0.E0));
#365=VECTOR('',#364,8.1E0);
#366=CARTESIAN_POINT('',(-2.279382434622E1,8.065E1,-2.E-1));
#367=LINE('',#366,#365);
#368=DIRECTION('',(-5.773502691896E-1,-5.773502691896E-1,5.773502691896E-1));
#369=VECTOR('',#368,3.464101615138E-1);
#370=CARTESIAN_POINT('',(-2.279382434622E1,8.065E1,-2.E-1));
#371=LINE('',#370,#369);
#372=DIRECTION('',(5.773502691895E-1,5.773502691897E-1,5.773502691896E-1));
#373=VECTOR('',#372,1.732050807569E-1);
#374=CARTESIAN_POINT('',(-2.299382434622E1,8.045E1,1.48E1));
#375=LINE('',#374,#373);
#376=DIRECTION('',(-5.773502691896E-1,5.773502691896E-1,5.773502691896E-1));
#377=VECTOR('',#376,1.732050807569E-1);
#378=CARTESIAN_POINT('',(-2.289382434622E1,8.055E1,1.49E1));
#379=LINE('',#378,#377);
#380=DIRECTION('',(0.E0,0.E0,1.E0));
#381=VECTOR('',#380,1.48E1);
#382=CARTESIAN_POINT('',(-2.299382434622E1,8.045E1,0.E0));
#383=LINE('',#382,#381);
#384=DIRECTION('',(0.E0,0.E0,1.E0));
#385=VECTOR('',#384,1.48E1);
#386=CARTESIAN_POINT('',(-7.479382434622E1,8.045E1,0.E0));
#387=LINE('',#386,#385);
#388=DIRECTION('',(1.E0,0.E0,0.E0));
#389=VECTOR('',#388,5.18E1);
#390=CARTESIAN_POINT('',(-7.479382434622E1,8.045E1,1.48E1));
#391=LINE('',#390,#389);
#392=DIRECTION('',(0.E0,1.E0,0.E0));
#393=VECTOR('',#392,1.53E2);
#394=CARTESIAN_POINT('',(-7.479382434622E1,-7.255E1,1.48E1));
#395=LINE('',#394,#393);
#396=DIRECTION('',(0.E0,0.E0,1.E0));
#397=VECTOR('',#396,1.48E1);
#398=CARTESIAN_POINT('',(-7.479382434622E1,-7.255E1,0.E0));
#399=LINE('',#398,#397);
#400=DIRECTION('',(-5.773502691896E-1,5.773502691896E-1,5.773502691896E-1));
#401=VECTOR('',#400,3.464101615138E-1);
#402=CARTESIAN_POINT('',(-7.479382434622E1,8.045E1,1.48E1));
#403=LINE('',#402,#401);
#404=DIRECTION('',(1.E0,0.E0,0.E0));
#405=VECTOR('',#404,5.2E1);
#406=CARTESIAN_POINT('',(-7.479382434622E1,-7.255E1,1.48E1));
#407=LINE('',#406,#405);
#408=DIRECTION('',(-1.E0,0.E0,0.E0));
#409=VECTOR('',#408,5.2E1);
#410=CARTESIAN_POINT('',(-2.299382434622E1,-7.275E1,1.5E1));
#411=LINE('',#410,#409);
#412=DIRECTION('',(-5.773502691897E-1,-5.773502691896E-1,5.773502691896E-1));
#413=VECTOR('',#412,3.464101615138E-1);
#414=CARTESIAN_POINT('',(-7.479382434622E1,-7.255E1,1.48E1));
#415=LINE('',#414,#413);
#416=DIRECTION('',(-5.773502691896E-1,-5.773502691896E-1,5.773502691896E-1));
#417=VECTOR('',#416,3.464101615138E-1);
#418=CARTESIAN_POINT('',(-2.279382434622E1,-7.255E1,1.48E1));
#419=LINE('',#418,#417);
#420=DIRECTION('',(0.E0,0.E0,-1.E0));
#421=VECTOR('',#420,2.E1);
#422=CARTESIAN_POINT('',(-2.279382434622E1,-7.255E1,1.48E1));
#423=LINE('',#422,#421);
#424=DIRECTION('',(0.E0,0.E0,1.E0));
#425=VECTOR('',#424,1.98E1);
#426=CARTESIAN_POINT('',(-2.279382434622E1,-7.865E1,-5.E0));
#427=LINE('',#426,#425);
#428=DIRECTION('',(0.E0,1.E0,0.E0));
#429=VECTOR('',#428,6.1E0);
#430=CARTESIAN_POINT('',(-2.279382434622E1,-7.865E1,1.48E1));
#431=LINE('',#430,#429);
#432=DIRECTION('',(-1.E0,0.E0,0.E0));
#433=VECTOR('',#432,4.708764869244E1);
#434=CARTESIAN_POINT('',(2.429382434622E1,-7.865E1,1.48E1));
#435=LINE('',#434,#433);
#436=DIRECTION('',(0.E0,0.E0,1.E0));
#437=VECTOR('',#436,1.98E1);
#438=CARTESIAN_POINT('',(2.429382434622E1,-7.865E1,-5.E0));
#439=LINE('',#438,#437);
#440=DIRECTION('',(-5.773502691896E-1,-5.773502691896E-1,5.773502691896E-1));
#441=VECTOR('',#440,3.464101615138E-1);
#442=CARTESIAN_POINT('',(-2.279382434622E1,-7.865E1,1.48E1));
#443=LINE('',#442,#441);
#444=DIRECTION('',(5.773502691897E-1,5.773502691896E-1,-5.773502691896E-1));
#445=VECTOR('',#444,1.732050807569E-1);
#446=CARTESIAN_POINT('',(-2.289382434622E1,8.055E1,1.49E1));
#447=LINE('',#446,#445);
#448=DIRECTION('',(5.773502691896E-1,-5.773502691897E-1,-5.773502691896E-1));
#449=VECTOR('',#448,2.449489742783E-1);
#450=CARTESIAN_POINT('',(-2.293524570246E1,8.669142135624E1,1.494142135624E1));
#451=LINE('',#450,#449);
#452=DIRECTION('',(-3.574067443366E-1,8.628562094610E-1,3.574067443366E-1));
#453=VECTOR('',#452,1.638991000895E-1);
#454=CARTESIAN_POINT('',(-2.293524570246E1,8.669142135624E1,1.494142135624E1));
#455=LINE('',#454,#453);
#456=DIRECTION('',(1.E0,0.E0,0.E0));
#457=VECTOR('',#456,4.737049140491E1);
#458=CARTESIAN_POINT('',(-2.293524570246E1,8.669142135624E1,1.494142135624E1));
#459=LINE('',#458,#457);
#460=DIRECTION('',(5.773502691896E-1,5.773502691896E-1,5.773502691896E-1));
#461=VECTOR('',#460,2.449489742783E-1);
#462=CARTESIAN_POINT('',(2.429382434622E1,8.655E1,1.48E1));
#463=LINE('',#462,#461);
#464=DIRECTION('',(5.773502691897E-1,-5.773502691896E-1,5.773502691896E-1));
#465=VECTOR('',#464,1.732050807569E-1);
#466=CARTESIAN_POINT('',(2.429382434622E1,8.065E1,1.48E1));
#467=LINE('',#466,#465);
#468=DIRECTION('',(3.574067443366E-1,8.628562094610E-1,3.574067443366E-1));
#469=VECTOR('',#468,1.638991000895E-1);
#470=CARTESIAN_POINT('',(2.443524570246E1,8.669142135624E1,1.494142135624E1));
#471=LINE('',#470,#469);
#472=DIRECTION('',(-5.773502691896E-1,5.773502691896E-1,-5.773502691896E-1));
#473=VECTOR('',#472,3.464101615138E-1);
#474=CARTESIAN_POINT('',(2.449382434622E1,8.045E1,0.E0));
#475=LINE('',#474,#473);
#476=DIRECTION('',(0.E0,0.E0,-1.E0));
#477=VECTOR('',#476,1.5E1);
#478=CARTESIAN_POINT('',(2.429382434622E1,8.065E1,1.48E1));
#479=LINE('',#478,#477);
#480=DIRECTION('',(0.E0,0.E0,-1.E0));
#481=VECTOR('',#480,5.E0);
#482=CARTESIAN_POINT('',(2.429382434622E1,7.255E1,-2.E-1));
#483=LINE('',#482,#481);
#484=DIRECTION('',(0.E0,1.E0,0.E0));
#485=VECTOR('',#484,1.38E1);
#486=CARTESIAN_POINT('',(2.429382434622E1,7.275E1,-5.E0));
#487=LINE('',#486,#485);
#488=DIRECTION('',(0.E0,0.E0,1.E0));
#489=VECTOR('',#488,1.98E1);
#490=CARTESIAN_POINT('',(2.429382434622E1,8.655E1,-5.E0));
#491=LINE('',#490,#489);
#492=DIRECTION('',(0.E0,1.E0,0.E0));
#493=VECTOR('',#492,5.9E0);
#494=CARTESIAN_POINT('',(2.429382434622E1,8.065E1,1.48E1));
#495=LINE('',#494,#493);
#496=DIRECTION('',(0.E0,1.E0,0.E0));
#497=VECTOR('',#496,8.1E0);
#498=CARTESIAN_POINT('',(2.429382434622E1,7.255E1,-2.E-1));
#499=LINE('',#498,#497);
#500=DIRECTION('',(5.773502691896E-1,5.773502691896E-1,5.773502691896E-1));
#501=VECTOR('',#500,3.464101615138E-1);
#502=CARTESIAN_POINT('',(2.429382434622E1,7.255E1,-2.E-1));
#503=LINE('',#502,#501);
#504=DIRECTION('',(0.E0,-1.E0,0.E0));
#505=VECTOR('',#504,7.7E0);
#506=CARTESIAN_POINT('',(2.449382434622E1,8.045E1,0.E0));
#507=LINE('',#506,#505);
#508=DIRECTION('',(1.E0,0.E0,0.E0));
#509=VECTOR('',#508,3.08E1);
#510=CARTESIAN_POINT('',(2.449382434622E1,8.045E1,0.E0));
#511=LINE('',#510,#509);
#512=DIRECTION('',(1.E0,0.E0,0.E0));
#513=VECTOR('',#512,9.8E0);
#514=CARTESIAN_POINT('',(4.549382434622E1,-6.755E1,0.E0));
#515=LINE('',#514,#513);
#516=DIRECTION('',(-3.477961703083E-10,-1.E0,1.475523130640E-8));
#517=VECTOR('',#516,3.202298966108E0);
#518=CARTESIAN_POINT('',(4.549382434733E1,-6.434770103389E1,
-4.725066197568E-8));
#519=LINE('',#518,#517);
#520=DIRECTION('',(1.316280340603E-11,-1.E0,-5.725832083712E-10));
#521=VECTOR('',#520,8.270229905965E1);
#522=CARTESIAN_POINT('',(4.549382434622E1,3.575E1,0.E0));
#523=LINE('',#522,#521);
#524=DIRECTION('',(-1.E0,0.E0,0.E0));
#525=VECTOR('',#524,8.5E0);
#526=CARTESIAN_POINT('',(5.399382434622E1,3.575E1,0.E0));
#527=LINE('',#526,#525);
#528=DIRECTION('',(1.258426496741E-10,-1.E0,1.258425408124E-10));
#529=VECTOR('',#528,1.67E1);
#530=CARTESIAN_POINT('',(5.399382434412E1,5.245E1,-2.101571643561E-9));
#531=LINE('',#530,#529);
#532=CARTESIAN_POINT('',(4.529382434622E1,5.245E1,0.E0));
#533=DIRECTION('',(0.E0,0.E0,-1.E0));
#534=DIRECTION('',(2.298850574713E-2,9.997357293823E-1,0.E0));
#535=AXIS2_PLACEMENT_3D('',#532,#533,#534);
#537=DIRECTION('',(-1.167949408399E-8,-1.E0,4.227223526704E-9));
#538=VECTOR('',#537,1.141477095317E1);
#539=CARTESIAN_POINT('',(4.549382447954E1,7.256247179880E1,-4.825278779319E-8));
#540=LINE('',#539,#538);
#541=DIRECTION('',(1.E0,1.505104018911E-9,-1.028486362866E-8));
#542=VECTOR('',#541,4.751026052690E0);
#543=CARTESIAN_POINT('',(2.449382434622E1,7.275E1,0.E0));
#544=LINE('',#543,#542);
#545=DIRECTION('',(0.E0,0.E0,-1.E0));
#546=VECTOR('',#545,1.48E1);
#547=CARTESIAN_POINT('',(2.449382434622E1,8.045E1,1.48E1));
#548=LINE('',#547,#546);
#549=DIRECTION('',(1.E0,0.E0,0.E0));
#550=VECTOR('',#549,3.08E1);
#551=CARTESIAN_POINT('',(2.449382434622E1,8.045E1,1.48E1));
#552=LINE('',#551,#550);
#553=DIRECTION('',(5.773502691897E-1,-5.773502691896E-1,-5.773502691896E-1));
#554=VECTOR('',#553,1.732050807569E-1);
#555=CARTESIAN_POINT('',(2.439382434622E1,8.055E1,1.49E1));
#556=LINE('',#555,#554);
#557=DIRECTION('',(-5.773502691896E-1,-5.773502691896E-1,-5.773502691897E-1));
#558=VECTOR('',#557,1.732050807569E-1);
#559=CARTESIAN_POINT('',(2.449382434622E1,8.065E1,1.5E1));
#560=LINE('',#559,#558);
#561=DIRECTION('',(5.773502691897E-1,5.773502691896E-1,5.773502691896E-1));
#562=VECTOR('',#561,3.464101615138E-1);
#563=CARTESIAN_POINT('',(5.529382434622E1,8.045E1,1.48E1));
#564=LINE('',#563,#562);
#565=DIRECTION('',(0.E0,0.E0,-1.E0));
#566=VECTOR('',#565,1.48E1);
#567=CARTESIAN_POINT('',(5.529382434622E1,-6.755E1,1.48E1));
#568=LINE('',#567,#566);
#569=DIRECTION('',(0.E0,1.E0,0.E0));
#570=VECTOR('',#569,1.48E2);
#571=CARTESIAN_POINT('',(5.529382434622E1,-6.755E1,0.E0));
#572=LINE('',#571,#570);
#573=DIRECTION('',(0.E0,0.E0,1.E0));
#574=VECTOR('',#573,1.48E1);
#575=CARTESIAN_POINT('',(5.529382434622E1,8.045E1,0.E0));
#576=LINE('',#575,#574);
#577=DIRECTION('',(-7.071067811865E-1,0.E0,-7.071067811865E-1));
#578=VECTOR('',#577,2.828427124746E-1);
#579=CARTESIAN_POINT('',(4.549382434622E1,-6.755E1,0.E0));
#580=LINE('',#579,#578);
#581=CARTESIAN_POINT('',(4.529382448665E1,-5.565000014020E1,0.E0));
#582=DIRECTION('',(0.E0,0.E0,-1.E0));
#583=DIRECTION('',(2.298848886850E-2,9.997357297704E-1,0.E0));
#584=AXIS2_PLACEMENT_3D('',#581,#582,#583);
#586=CARTESIAN_POINT('',(4.529382434624E1,-6.415000010528E1,
-2.000000301816E-1));
#587=CARTESIAN_POINT('',(4.532686166982E1,-6.418303742941E1,
-1.669627066029E-1));
#588=CARTESIAN_POINT('',(4.539323281451E1,-6.424902367468E1,
-1.005914924298E-1));
#589=CARTESIAN_POINT('',(4.546019566416E1,-6.431483673828E1,
-3.362873042503E-2));
#590=CARTESIAN_POINT('',(4.549382434733E1,-6.434770103389E1,
-4.725066197568E-8));
#592=CARTESIAN_POINT('',(4.529382448665E1,-5.565000014020E1,
-2.000005113339E-1));
#593=DIRECTION('',(0.E0,0.E0,1.E0));
#594=DIRECTION('',(-1.652108846374E-8,-1.E0,0.E0));
#595=AXIS2_PLACEMENT_3D('',#592,#593,#594);
#597=CARTESIAN_POINT('',(3.735657041302E1,-7.155E1,-3.6E1));
#598=DIRECTION('',(0.E0,0.E0,1.E0));
#599=DIRECTION('',(-9.921567416492E-1,-1.25E-1,0.E0));
#600=AXIS2_PLACEMENT_3D('',#597,#598,#599);
#602=CARTESIAN_POINT('',(-4.529382434622E1,-6.455E1,-3.6E1));
#603=DIRECTION('',(0.E0,0.E0,1.E0));
#604=DIRECTION('',(0.E0,1.E0,0.E0));
#605=AXIS2_PLACEMENT_3D('',#602,#603,#604);
#607=CARTESIAN_POINT('',(-4.529382434622E1,6.455E1,-3.6E1));
#608=DIRECTION('',(0.E0,0.E0,1.E0));
#609=DIRECTION('',(1.119104808822E-13,1.E0,0.E0));
#610=AXIS2_PLACEMENT_3D('',#607,#608,#609);
#612=CARTESIAN_POINT('',(3.735657041302E1,7.155E1,-3.6E1));
#613=DIRECTION('',(0.E0,0.E0,1.E0));
#614=DIRECTION('',(9.921567416492E-1,1.25E-1,0.E0));
#615=AXIS2_PLACEMENT_3D('',#612,#613,#614);
#617=CARTESIAN_POINT('',(4.529382434622E1,5.245E1,-3.6E1));
#618=DIRECTION('',(0.E0,0.E0,1.E0));
#619=DIRECTION('',(0.E0,-1.E0,0.E0));
#620=AXIS2_PLACEMENT_3D('',#617,#618,#619);
#622=CARTESIAN_POINT('',(4.529382434622E1,-5.565E1,-3.6E1));
#623=DIRECTION('',(0.E0,0.E0,1.E0));
#624=DIRECTION('',(0.E0,-1.E0,0.E0));
#625=AXIS2_PLACEMENT_3D('',#622,#623,#624);
#627=CARTESIAN_POINT('',(-4.529382434804E1,-6.454999999469E1,0.E0));
#628=DIRECTION('',(0.E0,0.E0,-1.E0));
#629=DIRECTION('',(-2.195121947716E-1,-9.756097561764E-1,0.E0));
#630=AXIS2_PLACEMENT_3D('',#627,#628,#629);
#632=CARTESIAN_POINT('',(-4.529382434579E1,-5.654999999742E1,
-2.000000015815E-1));
#633=CARTESIAN_POINT('',(-4.532684052260E1,-5.651698382059E1,
-1.669838247619E-1));
#634=CARTESIAN_POINT('',(-4.539319076494E1,-5.645104233500E1,
-1.006335799139E-1));
#635=CARTESIAN_POINT('',(-4.546017457400E1,-5.638527819709E1,
-3.364977380565E-2));
#636=CARTESIAN_POINT('',(-4.549382434567E1,-5.635243938244E1,
-2.131915981714E-9));
#638=CARTESIAN_POINT('',(-4.529382434804E1,-6.454999999469E1,
-2.000000125324E-1));
#639=DIRECTION('',(0.E0,0.E0,1.E0));
#640=DIRECTION('',(2.279421096652E-10,1.E0,0.E0));
#641=AXIS2_PLACEMENT_3D('',#638,#639,#640);
#643=CARTESIAN_POINT('',(-4.529382434622E1,-7.255000000101E1,
-2.000000010083E-1));
#644=CARTESIAN_POINT('',(-4.536664812345E1,-7.255000000101E1,
-2.000000010249E-1));
#645=CARTESIAN_POINT('',(-4.551252220621E1,-7.254999999953E1,
-1.980092466148E-1));
#646=CARTESIAN_POINT('',(-4.573175812609E1,-7.255000000013E1,
-1.890236286136E-1));
#647=CARTESIAN_POINT('',(-4.595218321374E1,-7.254999999996E1,
-1.739653122162E-1));
#648=CARTESIAN_POINT('',(-4.617434300255E1,-7.255000000002E1,
-1.527084713726E-1));
#649=CARTESIAN_POINT('',(-4.639885076553E1,-7.254999999996E1,
-1.250767307703E-1));
#650=CARTESIAN_POINT('',(-4.662635891309E1,-7.255000000013E1,
-9.083129859985E-2));
#651=CARTESIAN_POINT('',(-4.685744679776E1,-7.254999999950E1,
-4.969724950008E-2));
#652=CARTESIAN_POINT('',(-4.701456682376E1,-7.255000000107E1,
-1.739799385642E-2));
#653=CARTESIAN_POINT('',(-4.709382434646E1,-7.255000000107E1,
-1.096624420901E-9));
#655=CARTESIAN_POINT('',(-4.529382434622E1,5.654999999998E1,
-1.999999999350E-1));
#656=CARTESIAN_POINT('',(-4.532684320431E1,5.651698114189E1,
-1.669811418426E-1));
#657=CARTESIAN_POINT('',(-4.539319615443E1,5.645103702346E1,
-1.006281918243E-1));
#658=CARTESIAN_POINT('',(-4.546017727737E1,5.638527556417E1,
-3.364706884361E-2));
#659=CARTESIAN_POINT('',(-4.549382434622E1,5.635243938723E1,0.E0));
#661=DIRECTION('',(-3.825496752157E-12,1.E0,1.455816703100E-11));
#662=VECTOR('',#661,1.130999999974E2);
#663=CARTESIAN_POINT('',(-4.529382434579E1,-5.654999999742E1,
-2.000000015815E-1));
#664=LINE('',#663,#662);
#665=DIRECTION('',(0.E0,-6.051521791421E-13,1.E0));
#666=VECTOR('',#665,3.580000000007E1);
#667=CARTESIAN_POINT('',(-4.529382434622E1,5.655E1,-3.6E1));
#668=LINE('',#667,#666);
#669=DIRECTION('',(0.E0,-1.E0,0.E0));
#670=VECTOR('',#669,1.131E2);
#671=CARTESIAN_POINT('',(-4.529382434622E1,5.655E1,-3.6E1));
#672=LINE('',#671,#670);
#673=DIRECTION('',(1.208557772844E-11,7.205002578738E-11,1.E0));
#674=VECTOR('',#673,3.579999999842E1);
#675=CARTESIAN_POINT('',(-4.529382434622E1,-5.655E1,-3.6E1));
#676=LINE('',#675,#674);
#677=CARTESIAN_POINT('',(-4.529382434622E1,6.455E1,-1.999999999999E-1));
#678=DIRECTION('',(0.E0,0.E0,-1.E0));
#679=DIRECTION('',(0.E0,-1.E0,0.E0));
#680=AXIS2_PLACEMENT_3D('',#677,#678,#679);
#682=DIRECTION('',(-9.797376243854E-13,-7.071067811865E-1,-7.071067811866E-1));
#683=VECTOR('',#682,2.828427326349E-1);
#684=CARTESIAN_POINT('',(-4.529382434622E1,7.275000001426E1,1.425550642808E-8));
#685=LINE('',#684,#683);
#686=DIRECTION('',(-5.773502691896E-1,5.773502691896E-1,5.773502691896E-1));
#687=VECTOR('',#686,3.464101615138E-1);
#688=CARTESIAN_POINT('',(-2.279382434622E1,7.255E1,-2.E-1));
#689=LINE('',#688,#687);
#690=DIRECTION('',(1.E0,0.E0,0.E0));
#691=VECTOR('',#690,2.25E1);
#692=CARTESIAN_POINT('',(-4.529382434622E1,7.255E1,-2.E-1));
#693=LINE('',#692,#691);
#694=DIRECTION('',(1.E0,0.E0,0.E0));
#695=VECTOR('',#694,4.708764869244E1);
#696=CARTESIAN_POINT('',(-2.279382434622E1,7.255E1,-5.2E0));
#697=LINE('',#696,#695);
#698=DIRECTION('',(1.E0,8.935287957644E-10,-7.057169627101E-9));
#699=VECTOR('',#698,5.125492097560E0);
#700=CARTESIAN_POINT('',(2.429382434622E1,7.255E1,-2.E-1));
#701=LINE('',#700,#699);
#702=DIRECTION('',(-1.007059960960E-9,1.279266700073E-10,1.E0));
#703=VECTOR('',#702,3.579999996383E1);
#704=CARTESIAN_POINT('',(2.941931647983E1,7.255E1,-3.6E1));
#705=LINE('',#704,#703);
#706=DIRECTION('',(-1.E0,0.E0,0.E0));
#707=VECTOR('',#706,7.471314082605E1);
#708=CARTESIAN_POINT('',(2.941931647983E1,7.255E1,-3.6E1));
#709=LINE('',#708,#707);
#710=DIRECTION('',(0.E0,0.E0,1.E0));
#711=VECTOR('',#710,3.58E1);
#712=CARTESIAN_POINT('',(-4.529382434622E1,7.255E1,-3.6E1));
#713=LINE('',#712,#711);
#714=DIRECTION('',(0.E0,0.E0,1.E0));
#715=VECTOR('',#714,1.5E1);
#716=CARTESIAN_POINT('',(-2.279382434622E1,8.065E1,-2.E-1));
#717=LINE('',#716,#715);
#718=DIRECTION('',(0.E0,-1.E0,0.E0));
#719=VECTOR('',#718,5.9E0);
#720=CARTESIAN_POINT('',(-2.279382434622E1,8.655E1,1.48E1));
#721=LINE('',#720,#719);
#722=DIRECTION('',(0.E0,-1.E0,0.E0));
#723=VECTOR('',#722,1.38E1);
#724=CARTESIAN_POINT('',(-2.279382434622E1,8.655E1,-5.E0));
#725=LINE('',#724,#723);
#726=DIRECTION('',(0.E0,0.E0,1.E0));
#727=VECTOR('',#726,5.E0);
#728=CARTESIAN_POINT('',(-2.279382434622E1,7.255E1,-5.2E0));
#729=LINE('',#728,#727);
#730=DIRECTION('',(1.E0,0.E0,0.E0));
#731=VECTOR('',#730,4.708764869244E1);
#732=CARTESIAN_POINT('',(-2.279382434622E1,8.655E1,1.48E1));
#733=LINE('',#732,#731);
#734=DIRECTION('',(0.E0,0.E0,1.E0));
#735=VECTOR('',#734,1.98E1);
#736=CARTESIAN_POINT('',(-2.279382434622E1,8.655E1,-5.E0));
#737=LINE('',#736,#735);
#738=DIRECTION('',(0.E0,7.071067811866E-1,7.071067811865E-1));
#739=VECTOR('',#738,2.828427124746E-1);
#740=CARTESIAN_POINT('',(-2.279382434622E1,7.255E1,-5.2E0));
#741=LINE('',#740,#739);
#742=DIRECTION('',(2.512147933894E-14,-7.071067811866E-1,-7.071067811865E-1));
#743=VECTOR('',#742,2.828427124746E-1);
#744=CARTESIAN_POINT('',(2.429382434622E1,7.275E1,-5.E0));
#745=LINE('',#744,#743);
#746=CARTESIAN_POINT('',(2.941931644378E1,7.255000000458E1,-2.000000361715E-1));
#747=CARTESIAN_POINT('',(2.939017902404E1,7.258303873254E1,-1.669613082157E-1));
#748=CARTESIAN_POINT('',(2.933196455957E1,7.264941101384E1,-1.005889377760E-1));
#749=CARTESIAN_POINT('',(2.927386924210E1,7.271637247508E1,-3.362758093668E-2));
#750=CARTESIAN_POINT('',(2.924485039891E1,7.275000000715E1,-4.886365446063E-8));
#752=CARTESIAN_POINT('',(3.735657054084E1,7.155000011296E1,0.E0));
#753=DIRECTION('',(0.E0,0.E0,-1.E0));
#754=DIRECTION('',(-9.892341388464E-1,1.463414450551E-1,0.E0));
#755=AXIS2_PLACEMENT_3D('',#752,#753,#754);
#757=CARTESIAN_POINT('',(4.529382444622E1,7.255000000456E1,-2.000000361709E-1));
#758=CARTESIAN_POINT('',(4.532650685754E1,7.255205069707E1,-1.673176248546E-1));
#759=CARTESIAN_POINT('',(4.539252222867E1,7.255618478649E1,-1.013019586762E-1));
#760=CARTESIAN_POINT('',(4.545984021285E1,7.256036568626E1,-3.398431494361E-2));
#761=CARTESIAN_POINT('',(4.549382447954E1,7.256247179880E1,-4.825278779319E-8));
#763=CARTESIAN_POINT('',(3.735657054084E1,7.155000011296E1,-2.000004813189E-1));
#764=DIRECTION('',(0.E0,0.E0,1.E0));
#765=DIRECTION('',(9.921567431508E-1,1.249999880819E-1,0.E0));
#766=AXIS2_PLACEMENT_3D('',#763,#764,#765);
#768=CARTESIAN_POINT('',(4.529382434862E1,6.095000000243E1,-1.999999926957E-1));
#769=CARTESIAN_POINT('',(4.532685298898E1,6.098302864275E1,-1.669713523436E-1));
#770=CARTESIAN_POINT('',(4.539321556806E1,6.104900620912E1,-1.006087806073E-1));
#771=CARTESIAN_POINT('',(4.546018691462E1,6.111482800100E1,-3.363743159325E-2));
#772=CARTESIAN_POINT('',(4.549382434622E1,6.114770084563E1,0.E0));
#774=DIRECTION('',(-7.071067811866E-1,0.E0,-7.071067811865E-1));
#775=VECTOR('',#774,2.828427095026E-1);
#776=CARTESIAN_POINT('',(5.399382434412E1,5.245E1,-2.101571643561E-9));
#777=LINE('',#776,#775);
#778=DIRECTION('',(5.773502691896E-1,-5.773502691896E-1,5.773502691896E-1));
#779=VECTOR('',#778,3.464101615138E-1);
#780=CARTESIAN_POINT('',(5.379382434622E1,3.595E1,-2.E-1));
#781=LINE('',#780,#779);
#782=DIRECTION('',(0.E0,-1.E0,0.E0));
#783=VECTOR('',#782,1.65E1);
#784=CARTESIAN_POINT('',(5.379382434622E1,5.245E1,-2.E-1));
#785=LINE('',#784,#783);
#786=DIRECTION('',(0.E0,0.E0,-1.E0));
#787=VECTOR('',#786,1.78E1);
#788=CARTESIAN_POINT('',(5.379382434622E1,3.595E1,-2.E-1));
#789=LINE('',#788,#787);
#790=DIRECTION('',(-1.E0,0.E0,0.E0));
#791=VECTOR('',#790,8.5E0);
#792=CARTESIAN_POINT('',(5.379382434622E1,3.595E1,-2.E-1));
#793=LINE('',#792,#791);
#794=DIRECTION('',(5.773502691896E-1,-5.773502691896E-1,5.773502691896E-1));
#795=VECTOR('',#794,3.464101615138E-1);
#796=CARTESIAN_POINT('',(4.529382434622E1,3.595E1,-2.E-1));
#797=LINE('',#796,#795);
#798=CARTESIAN_POINT('',(4.529382434862E1,-4.714999996246E1,
-2.000000278030E-1));
#799=CARTESIAN_POINT('',(4.532686011866E1,-4.711696419191E1,
-1.669642577632E-1));
#800=CARTESIAN_POINT('',(4.539322969405E1,-4.705097932756E1,
-1.005946128457E-1));
#801=CARTESIAN_POINT('',(4.546019409881E1,-4.698516488500E1,
-3.363029585012E-2));
#802=CARTESIAN_POINT('',(4.549382434731E1,-4.695229905965E1,
-4.735394861880E-8));
#804=DIRECTION('',(0.E0,1.E0,0.E0));
#805=VECTOR('',#804,1.65E1);
#806=CARTESIAN_POINT('',(5.379382434622E1,3.595E1,-1.8E1));
#807=LINE('',#806,#805);
#808=DIRECTION('',(1.E0,0.E0,0.E0));
#809=VECTOR('',#808,8.5E0);
#810=CARTESIAN_POINT('',(4.529382434622E1,3.595E1,-1.8E1));
#811=LINE('',#810,#809);
#812=CARTESIAN_POINT('',(4.529382434622E1,5.245E1,-2.E-1));
#813=DIRECTION('',(0.E0,0.E0,-1.E0));
#814=DIRECTION('',(0.E0,1.E0,0.E0));
#815=AXIS2_PLACEMENT_3D('',#812,#813,#814);
#817=DIRECTION('',(0.E0,0.E0,1.E0));
#818=VECTOR('',#817,1.78E1);
#819=CARTESIAN_POINT('',(5.379382434622E1,5.245E1,-1.8E1));
#820=LINE('',#819,#818);
#821=CARTESIAN_POINT('',(4.529382434622E1,5.245E1,-1.8E1));
#822=DIRECTION('',(0.E0,0.E0,1.E0));
#823=DIRECTION('',(0.E0,-1.E0,0.E0));
#824=AXIS2_PLACEMENT_3D('',#821,#822,#823);
#826=CARTESIAN_POINT('',(-8.479382434622E1,9.045E1,1.5E1));
#827=CARTESIAN_POINT('',(-8.479382434622E1,-8.865E1,1.5E1));
#828=VERTEX_POINT('',#826);
#829=VERTEX_POINT('',#827);
#830=CARTESIAN_POINT('',(6.520617565378E1,-8.865E1,1.5E1));
#831=VERTEX_POINT('',#830);
#832=CARTESIAN_POINT('',(6.520617565378E1,9.045E1,1.5E1));
#833=VERTEX_POINT('',#832);
#834=CARTESIAN_POINT('',(3.420617565378E1,9.045E1,1.5E1));
#835=VERTEX_POINT('',#834);
#836=CARTESIAN_POINT('',(3.420617565378E1,1.0045E2,1.5E1));
#837=VERTEX_POINT('',#836);
#838=CARTESIAN_POINT('',(-3.279382434622E1,1.0045E2,1.5E1));
#839=VERTEX_POINT('',#838);
#840=CARTESIAN_POINT('',(-3.279382434622E1,9.045E1,1.5E1));
#841=VERTEX_POINT('',#840);
#842=CARTESIAN_POINT('',(-7.479382434622E1,-7.255E1,0.E0));
#843=CARTESIAN_POINT('',(-7.479382434622E1,8.045E1,0.E0));
#844=VERTEX_POINT('',#842);
#845=VERTEX_POINT('',#843);
#846=CARTESIAN_POINT('',(-2.279382434622E1,8.655E1,-5.E0));
#847=CARTESIAN_POINT('',(2.429382434622E1,8.655E1,-5.E0));
#848=VERTEX_POINT('',#846);
#849=VERTEX_POINT('',#847);
#850=CARTESIAN_POINT('',(-2.279382434622E1,-7.865E1,-5.E0));
#851=CARTESIAN_POINT('',(2.429382434622E1,-7.865E1,-5.E0));
#852=VERTEX_POINT('',#850);
#853=VERTEX_POINT('',#851);
#854=CARTESIAN_POINT('',(-7.499382434622E1,-7.275E1,1.5E1));
#855=CARTESIAN_POINT('',(-7.499382434622E1,8.065E1,1.5E1));
#856=VERTEX_POINT('',#854);
#857=VERTEX_POINT('',#855);
#858=CARTESIAN_POINT('',(-7.479382434622E1,-7.255E1,1.48E1));
#859=CARTESIAN_POINT('',(-7.479382434622E1,8.045E1,1.48E1));
#860=VERTEX_POINT('',#858);
#861=VERTEX_POINT('',#859);
#862=CARTESIAN_POINT('',(5.529382434622E1,8.045E1,0.E0));
#863=CARTESIAN_POINT('',(5.529382434622E1,8.045E1,1.48E1));
#864=VERTEX_POINT('',#862);
#865=VERTEX_POINT('',#863);
#866=CARTESIAN_POINT('',(5.549382434622E1,8.065E1,1.5E1));
#867=VERTEX_POINT('',#866);
#868=CARTESIAN_POINT('',(5.529382434622E1,-6.755E1,0.E0));
#869=VERTEX_POINT('',#868);
#870=CARTESIAN_POINT('',(-8.479382434622E1,9.045E1,-4.6E1));
#871=CARTESIAN_POINT('',(-8.479382434622E1,-8.865E1,-4.6E1));
#872=VERTEX_POINT('',#870);
#873=VERTEX_POINT('',#871);
#874=CARTESIAN_POINT('',(6.520617565378E1,-8.865E1,-4.6E1));
#875=VERTEX_POINT('',#874);
#876=CARTESIAN_POINT('',(6.520617565378E1,9.045E1,-4.6E1));
#877=VERTEX_POINT('',#876);
#878=CARTESIAN_POINT('',(3.420617565378E1,9.045E1,-4.6E1));
#879=VERTEX_POINT('',#878);
#880=CARTESIAN_POINT('',(3.420617565378E1,1.0045E2,-4.6E1));
#881=VERTEX_POINT('',#880);
#882=CARTESIAN_POINT('',(-3.279382434622E1,1.0045E2,-4.6E1));
#883=VERTEX_POINT('',#882);
#884=CARTESIAN_POINT('',(-3.279382434622E1,9.045E1,-4.6E1));
#885=VERTEX_POINT('',#884);
#886=CARTESIAN_POINT('',(-4.529382434622E1,5.655E1,-3.6E1));
#887=CARTESIAN_POINT('',(-4.529382434622E1,-5.655E1,-3.6E1));
#888=VERTEX_POINT('',#886);
#889=VERTEX_POINT('',#887);
#890=CARTESIAN_POINT('',(2.941931647983E1,7.255E1,-3.6E1));
#891=CARTESIAN_POINT('',(-4.529382434622E1,7.255E1,-3.6E1));
#892=VERTEX_POINT('',#890);
#893=VERTEX_POINT('',#891);
#894=CARTESIAN_POINT('',(-4.529382434622E1,-7.255E1,-3.6E1));
#895=VERTEX_POINT('',#894);
#896=CARTESIAN_POINT('',(4.529382434622E1,7.255E1,-3.6E1));
#897=VERTEX_POINT('',#896);
#898=CARTESIAN_POINT('',(4.529382434622E1,-4.715E1,-3.6E1));
#899=CARTESIAN_POINT('',(4.529382434622E1,4.395E1,-3.6E1));
#900=VERTEX_POINT('',#898);
#901=VERTEX_POINT('',#899);
#902=CARTESIAN_POINT('',(4.529382434622E1,6.095E1,-3.6E1));
#903=VERTEX_POINT('',#902);
#904=CARTESIAN_POINT('',(4.529382434622E1,-6.415E1,-3.6E1));
#905=VERTEX_POINT('',#904);
#906=CARTESIAN_POINT('',(4.529382434622E1,3.595E1,-1.8E1));
#907=CARTESIAN_POINT('',(4.529382434622E1,4.395E1,-1.8E1));
#908=VERTEX_POINT('',#906);
#909=VERTEX_POINT('',#907);
#910=CARTESIAN_POINT('',(5.379382434622E1,5.245E1,-1.8E1));
#911=VERTEX_POINT('',#910);
#912=CARTESIAN_POINT('',(5.379382434622E1,3.595E1,-1.8E1));
#913=VERTEX_POINT('',#912);
#914=CARTESIAN_POINT('',(2.941931647983E1,-7.255E1,-3.6E1));
#915=VERTEX_POINT('',#914);
#916=CARTESIAN_POINT('',(4.529382434622E1,-7.255E1,-3.6E1));
#917=VERTEX_POINT('',#916);
#918=CARTESIAN_POINT('',(5.529382434622E1,-6.755E1,1.48E1));
#919=CARTESIAN_POINT('',(4.529382434622E1,-6.755E1,1.48E1));
#920=VERTEX_POINT('',#918);
#921=VERTEX_POINT('',#919);
#922=CARTESIAN_POINT('',(5.549382434622E1,-6.775E1,1.5E1));
#923=CARTESIAN_POINT('',(4.549382434622E1,-6.775E1,1.5E1));
#924=VERTEX_POINT('',#922);
#925=VERTEX_POINT('',#923);
#926=CARTESIAN_POINT('',(4.529382438228E1,-7.255000000454E1,1.479999996383E1));
#927=VERTEX_POINT('',#926);
#928=CARTESIAN_POINT('',(4.549382439421E1,-7.256247179894E1,1.499999995163E1));
#929=VERTEX_POINT('',#928);
#930=CARTESIAN_POINT('',(2.924485031361E1,-7.275000000719E1,1.499999995125E1));
#931=CARTESIAN_POINT('',(2.449382434622E1,-7.275E1,1.5E1));
#932=VERTEX_POINT('',#930);
#933=VERTEX_POINT('',#931);
#934=CARTESIAN_POINT('',(2.941931637982E1,-7.255000000456E1,1.479999996383E1));
#935=CARTESIAN_POINT('',(2.429382434622E1,-7.255E1,1.48E1));
#936=VERTEX_POINT('',#934);
#937=VERTEX_POINT('',#935);
#938=CARTESIAN_POINT('',(2.429382434622E1,-7.865E1,1.48E1));
#939=VERTEX_POINT('',#938);
#940=CARTESIAN_POINT('',(2.449382434622E1,-7.885E1,1.5E1));
#941=VERTEX_POINT('',#940);
#942=CARTESIAN_POINT('',(-2.279382434622E1,-7.865E1,1.48E1));
#943=VERTEX_POINT('',#942);
#944=CARTESIAN_POINT('',(-2.299382434622E1,-7.885E1,1.5E1));
#945=VERTEX_POINT('',#944);
#946=CARTESIAN_POINT('',(-2.279382434622E1,-7.255E1,1.48E1));
#947=VERTEX_POINT('',#946);
#948=CARTESIAN_POINT('',(-2.299382434622E1,-7.275E1,1.5E1));
#949=VERTEX_POINT('',#948);
#950=CARTESIAN_POINT('',(2.429382434622E1,-7.255E1,-5.2E0));
#951=CARTESIAN_POINT('',(-2.279382434622E1,-7.255E1,-5.2E0));
#952=VERTEX_POINT('',#950);
#953=VERTEX_POINT('',#951);
#954=CARTESIAN_POINT('',(2.429382434622E1,-7.275E1,-5.E0));
#955=CARTESIAN_POINT('',(-2.279382434622E1,-7.275E1,-5.E0));
#956=VERTEX_POINT('',#954);
#957=VERTEX_POINT('',#955);
#958=CARTESIAN_POINT('',(-4.529382434579E1,-5.654999999742E1,
-2.000000015815E-1));
#959=CARTESIAN_POINT('',(-4.529382434622E1,5.654999999998E1,
-1.999999999350E-1));
#960=VERTEX_POINT('',#958);
#961=VERTEX_POINT('',#959);
#962=CARTESIAN_POINT('',(-4.549382434567E1,-5.635243938244E1,
-2.131915981714E-9));
#963=CARTESIAN_POINT('',(-4.549382434622E1,5.635243938723E1,0.E0));
#964=VERTEX_POINT('',#962);
#965=VERTEX_POINT('',#963);
#966=CARTESIAN_POINT('',(-4.529382434622E1,7.275E1,1.243449787580E-14));
#967=VERTEX_POINT('',#966);
#968=CARTESIAN_POINT('',(-4.529382434622E1,7.255E1,-1.999999999999E-1));
#969=VERTEX_POINT('',#968);
#970=CARTESIAN_POINT('',(-2.279382434622E1,7.255E1,-2.E-1));
#971=VERTEX_POINT('',#970);
#972=CARTESIAN_POINT('',(-2.299382434622E1,7.275E1,0.E0));
#973=VERTEX_POINT('',#972);
#974=CARTESIAN_POINT('',(2.429382434622E1,7.255E1,-2.E-1));
#975=CARTESIAN_POINT('',(2.941931644378E1,7.255000000458E1,-2.000000361715E-1));
#976=VERTEX_POINT('',#974);
#977=VERTEX_POINT('',#975);
#978=CARTESIAN_POINT('',(2.449382434622E1,7.275E1,0.E0));
#979=CARTESIAN_POINT('',(2.924485039891E1,7.275000000715E1,-4.886365446063E-8));
#980=VERTEX_POINT('',#978);
#981=VERTEX_POINT('',#979);
#982=CARTESIAN_POINT('',(4.529382444622E1,7.255000000456E1,-2.000000361709E-1));
#983=CARTESIAN_POINT('',(4.529382434862E1,6.095000000243E1,-1.999999926957E-1));
#984=VERTEX_POINT('',#982);
#985=VERTEX_POINT('',#983);
#986=CARTESIAN_POINT('',(4.549382447954E1,7.256247179880E1,-4.825278779319E-8));
#987=CARTESIAN_POINT('',(4.549382434622E1,6.114770084563E1,0.E0));
#988=VERTEX_POINT('',#986);
#989=VERTEX_POINT('',#987);
#990=CARTESIAN_POINT('',(5.379382434622E1,5.245E1,-2.E-1));
#991=CARTESIAN_POINT('',(5.379382434622E1,3.595E1,-2.E-1));
#992=VERTEX_POINT('',#990);
#993=VERTEX_POINT('',#991);
#994=CARTESIAN_POINT('',(5.399382434412E1,5.245E1,-2.101571643561E-9));
#995=CARTESIAN_POINT('',(5.399382434622E1,3.575E1,0.E0));
#996=VERTEX_POINT('',#994);
#997=VERTEX_POINT('',#995);
#998=CARTESIAN_POINT('',(4.549382434622E1,3.575E1,0.E0));
#999=VERTEX_POINT('',#998);
#1000=CARTESIAN_POINT('',(4.529382434622E1,3.595E1,-2.E-1));
#1001=VERTEX_POINT('',#1000);
#1002=CARTESIAN_POINT('',(4.529382434862E1,-4.714999996246E1,
-2.000000278030E-1));
#1003=VERTEX_POINT('',#1002);
#1004=CARTESIAN_POINT('',(4.549382434731E1,-4.695229905965E1,
-4.735394861880E-8));
#1005=VERTEX_POINT('',#1004);
#1006=CARTESIAN_POINT('',(4.529382434624E1,-6.415000010528E1,
-2.000000301816E-1));
#1007=CARTESIAN_POINT('',(4.529382434622E1,-6.755E1,-2.E-1));
#1008=VERTEX_POINT('',#1006);
#1009=VERTEX_POINT('',#1007);
#1010=CARTESIAN_POINT('',(4.549382434733E1,-6.434770103389E1,
-4.725066197568E-8));
#1011=CARTESIAN_POINT('',(4.549382434622E1,-6.755E1,0.E0));
#1012=VERTEX_POINT('',#1010);
#1013=VERTEX_POINT('',#1011);
#1014=CARTESIAN_POINT('',(-2.279382434622E1,7.255E1,-5.2E0));
#1015=CARTESIAN_POINT('',(2.429382434622E1,7.255E1,-5.2E0));
#1016=VERTEX_POINT('',#1014);
#1017=VERTEX_POINT('',#1015);
#1018=CARTESIAN_POINT('',(-2.279382434622E1,7.275E1,-5.E0));
#1019=CARTESIAN_POINT('',(2.429382434622E1,7.275E1,-5.E0));
#1020=VERTEX_POINT('',#1018);
#1021=VERTEX_POINT('',#1019);
#1022=CARTESIAN_POINT('',(2.449382434622E1,8.065E1,1.5E1));
#1023=CARTESIAN_POINT('',(2.449382434622E1,8.683284271247E1,1.5E1));
#1024=VERTEX_POINT('',#1022);
#1025=VERTEX_POINT('',#1023);
#1026=CARTESIAN_POINT('',(-2.299382434622E1,8.683284271247E1,1.5E1));
#1027=VERTEX_POINT('',#1026);
#1028=CARTESIAN_POINT('',(-2.299382434622E1,8.065E1,1.5E1));
#1029=VERTEX_POINT('',#1028);
#1030=CARTESIAN_POINT('',(-2.279382434622E1,8.655E1,1.48E1));
#1031=CARTESIAN_POINT('',(2.429382434622E1,8.655E1,1.48E1));
#1032=VERTEX_POINT('',#1030);
#1033=VERTEX_POINT('',#1031);
#1034=CARTESIAN_POINT('',(-4.529382434622E1,-7.255000000101E1,
-2.000000010083E-1));
#1035=VERTEX_POINT('',#1034);
#1036=CARTESIAN_POINT('',(-4.709382434646E1,-7.255000000107E1,
-1.096624420901E-9));
#1037=VERTEX_POINT('',#1036);
#1038=CARTESIAN_POINT('',(-2.293524570246E1,8.669142135624E1,1.494142135624E1));
#1039=VERTEX_POINT('',#1038);
#1040=CARTESIAN_POINT('',(2.443524570246E1,8.669142135624E1,1.494142135624E1));
#1041=VERTEX_POINT('',#1040);
#1042=CARTESIAN_POINT('',(-2.299382434622E1,8.045E1,1.48E1));
#1043=CARTESIAN_POINT('',(-2.289382434622E1,8.055E1,1.49E1));
#1044=VERTEX_POINT('',#1042);
#1045=VERTEX_POINT('',#1043);
#1046=CARTESIAN_POINT('',(-2.279382434622E1,8.065E1,1.48E1));
#1047=VERTEX_POINT('',#1046);
#1048=CARTESIAN_POINT('',(-2.279382434622E1,8.065E1,-2.E-1));
#1049=VERTEX_POINT('',#1048);
#1050=CARTESIAN_POINT('',(-2.299382434622E1,8.045E1,0.E0));
#1051=VERTEX_POINT('',#1050);
#1052=CARTESIAN_POINT('',(2.429382434622E1,8.065E1,1.48E1));
#1053=CARTESIAN_POINT('',(2.429382434622E1,8.065E1,-2.E-1));
#1054=VERTEX_POINT('',#1052);
#1055=VERTEX_POINT('',#1053);
#1056=CARTESIAN_POINT('',(2.439382434622E1,8.055E1,1.49E1));
#1057=VERTEX_POINT('',#1056);
#1058=CARTESIAN_POINT('',(2.449382434622E1,8.045E1,1.48E1));
#1059=VERTEX_POINT('',#1058);
#1060=CARTESIAN_POINT('',(2.449382434622E1,8.045E1,0.E0));
#1061=VERTEX_POINT('',#1060);
#1062=CARTESIAN_POINT('',(-9.75E0,6.865094339623E0,1.5E1));
#1063=DIRECTION('',(0.E0,0.E0,1.E0));
#1064=DIRECTION('',(1.E0,0.E0,0.E0));
#1065=AXIS2_PLACEMENT_3D('',#1062,#1063,#1064);
#1066=PLANE('',#1065);
#1068=ORIENTED_EDGE('',*,*,#1067,.F.);
#1070=ORIENTED_EDGE('',*,*,#1069,.F.);
#1072=ORIENTED_EDGE('',*,*,#1071,.F.);
#1074=ORIENTED_EDGE('',*,*,#1073,.F.);
#1076=ORIENTED_EDGE('',*,*,#1075,.F.);
#1078=ORIENTED_EDGE('',*,*,#1077,.F.);
#1080=ORIENTED_EDGE('',*,*,#1079,.F.);
#1082=ORIENTED_EDGE('',*,*,#1081,.F.);
#1083=EDGE_LOOP('',(#1068,#1070,#1072,#1074,#1076,#1078,#1080,#1082));
#1084=FACE_OUTER_BOUND('',#1083,.F.);
#1086=ORIENTED_EDGE('',*,*,#1085,.F.);
#1088=ORIENTED_EDGE('',*,*,#1087,.F.);
#1090=ORIENTED_EDGE('',*,*,#1089,.T.);
#1092=ORIENTED_EDGE('',*,*,#1091,.F.);
#1094=ORIENTED_EDGE('',*,*,#1093,.T.);
#1096=ORIENTED_EDGE('',*,*,#1095,.F.);
#1098=ORIENTED_EDGE('',*,*,#1097,.F.);
#1100=ORIENTED_EDGE('',*,*,#1099,.F.);
#1102=ORIENTED_EDGE('',*,*,#1101,.F.);
#1104=ORIENTED_EDGE('',*,*,#1103,.F.);
#1106=ORIENTED_EDGE('',*,*,#1105,.F.);
#1108=ORIENTED_EDGE('',*,*,#1107,.F.);
#1110=ORIENTED_EDGE('',*,*,#1109,.F.);
#1112=ORIENTED_EDGE('',*,*,#1111,.F.);
#1114=ORIENTED_EDGE('',*,*,#1113,.F.);
#1115=EDGE_LOOP('',(#1086,#1088,#1090,#1092,#1094,#1096,#1098,#1100,#1102,#1104,
#1106,#1108,#1110,#1112,#1114));
#1116=FACE_BOUND('',#1115,.F.);
#1118=CARTESIAN_POINT('',(-7.479382434622E1,9.045E1,-3.6E1));
#1119=DIRECTION('',(0.E0,1.E0,0.E0));
#1120=DIRECTION('',(-1.E0,0.E0,0.E0));
#1121=AXIS2_PLACEMENT_3D('',#1118,#1119,#1120);
#1122=PLANE('',#1121);
#1124=ORIENTED_EDGE('',*,*,#1123,.T.);
#1126=ORIENTED_EDGE('',*,*,#1125,.F.);
#1128=ORIENTED_EDGE('',*,*,#1127,.T.);
#1129=ORIENTED_EDGE('',*,*,#1067,.T.);
#1130=EDGE_LOOP('',(#1124,#1126,#1128,#1129));
#1131=FACE_OUTER_BOUND('',#1130,.F.);
#1133=CARTESIAN_POINT('',(-8.479382434622E1,9.045E1,-3.6E1));
#1134=DIRECTION('',(-1.E0,0.E0,0.E0));
#1135=DIRECTION('',(0.E0,-1.E0,0.E0));
#1136=AXIS2_PLACEMENT_3D('',#1133,#1134,#1135);
#1137=PLANE('',#1136);
#1139=ORIENTED_EDGE('',*,*,#1138,.F.);
#1141=ORIENTED_EDGE('',*,*,#1140,.F.);
#1142=ORIENTED_EDGE('',*,*,#1123,.F.);
#1143=ORIENTED_EDGE('',*,*,#1081,.T.);
#1144=EDGE_LOOP('',(#1139,#1141,#1142,#1143));
#1145=FACE_OUTER_BOUND('',#1144,.F.);
#1147=CARTESIAN_POINT('',(-8.479382434622E1,-8.865E1,-3.6E1));
#1148=DIRECTION('',(0.E0,-1.E0,0.E0));
#1149=DIRECTION('',(1.E0,0.E0,0.E0));
#1150=AXIS2_PLACEMENT_3D('',#1147,#1148,#1149);
#1151=PLANE('',#1150);
#1153=ORIENTED_EDGE('',*,*,#1152,.F.);
#1155=ORIENTED_EDGE('',*,*,#1154,.F.);
#1156=ORIENTED_EDGE('',*,*,#1138,.T.);
#1157=ORIENTED_EDGE('',*,*,#1079,.T.);
#1158=EDGE_LOOP('',(#1153,#1155,#1156,#1157));
#1159=FACE_OUTER_BOUND('',#1158,.F.);
#1161=CARTESIAN_POINT('',(6.520617565378E1,-8.865E1,-3.6E1));
#1162=DIRECTION('',(1.E0,0.E0,0.E0));
#1163=DIRECTION('',(0.E0,1.E0,0.E0));
#1164=AXIS2_PLACEMENT_3D('',#1161,#1162,#1163);
#1165=PLANE('',#1164);
#1167=ORIENTED_EDGE('',*,*,#1166,.F.);
#1169=ORIENTED_EDGE('',*,*,#1168,.F.);
#1170=ORIENTED_EDGE('',*,*,#1152,.T.);
#1171=ORIENTED_EDGE('',*,*,#1077,.T.);
#1172=EDGE_LOOP('',(#1167,#1169,#1170,#1171));
#1173=FACE_OUTER_BOUND('',#1172,.F.);
#1175=CARTESIAN_POINT('',(6.520617565378E1,9.045E1,-3.6E1));
#1176=DIRECTION('',(0.E0,1.E0,0.E0));
#1177=DIRECTION('',(-1.E0,0.E0,0.E0));
#1178=AXIS2_PLACEMENT_3D('',#1175,#1176,#1177);
#1179=PLANE('',#1178);
#1181=ORIENTED_EDGE('',*,*,#1180,.F.);
#1183=ORIENTED_EDGE('',*,*,#1182,.F.);
#1184=ORIENTED_EDGE('',*,*,#1166,.T.);
#1185=ORIENTED_EDGE('',*,*,#1075,.T.);
#1186=EDGE_LOOP('',(#1181,#1183,#1184,#1185));
#1187=FACE_OUTER_BOUND('',#1186,.F.);
#1189=CARTESIAN_POINT('',(3.420617565378E1,9.045E1,-3.6E1));
#1190=DIRECTION('',(1.E0,0.E0,0.E0));
#1191=DIRECTION('',(0.E0,1.E0,0.E0));
#1192=AXIS2_PLACEMENT_3D('',#1189,#1190,#1191);
#1193=PLANE('',#1192);
#1195=ORIENTED_EDGE('',*,*,#1194,.F.);
#1197=ORIENTED_EDGE('',*,*,#1196,.F.);
#1198=ORIENTED_EDGE('',*,*,#1180,.T.);
#1199=ORIENTED_EDGE('',*,*,#1073,.T.);
#1200=EDGE_LOOP('',(#1195,#1197,#1198,#1199));
#1201=FACE_OUTER_BOUND('',#1200,.F.);
#1203=CARTESIAN_POINT('',(3.420617565378E1,1.0045E2,-3.6E1));
#1204=DIRECTION('',(0.E0,1.E0,0.E0));
#1205=DIRECTION('',(-1.E0,0.E0,0.E0));
#1206=AXIS2_PLACEMENT_3D('',#1203,#1204,#1205);
#1207=PLANE('',#1206);
#1209=ORIENTED_EDGE('',*,*,#1208,.F.);
#1211=ORIENTED_EDGE('',*,*,#1210,.F.);
#1212=ORIENTED_EDGE('',*,*,#1194,.T.);
#1213=ORIENTED_EDGE('',*,*,#1071,.T.);
#1214=EDGE_LOOP('',(#1209,#1211,#1212,#1213));
#1215=FACE_OUTER_BOUND('',#1214,.F.);
#1217=CARTESIAN_POINT('',(-3.279382434622E1,1.0045E2,-3.6E1));
#1218=DIRECTION('',(-1.E0,0.E0,0.E0));
#1219=DIRECTION('',(0.E0,-1.E0,0.E0));
#1220=AXIS2_PLACEMENT_3D('',#1217,#1218,#1219);
#1221=PLANE('',#1220);
#1222=ORIENTED_EDGE('',*,*,#1127,.F.);
#1224=ORIENTED_EDGE('',*,*,#1223,.F.);
#1225=ORIENTED_EDGE('',*,*,#1208,.T.);
#1226=ORIENTED_EDGE('',*,*,#1069,.T.);
#1227=EDGE_LOOP('',(#1222,#1224,#1225,#1226));
#1228=FACE_OUTER_BOUND('',#1227,.F.);
#1230=CARTESIAN_POINT('',(-9.75E0,6.865094339623E0,-4.6E1));
#1231=DIRECTION('',(0.E0,0.E0,1.E0));
#1232=DIRECTION('',(1.E0,0.E0,0.E0));
#1233=AXIS2_PLACEMENT_3D('',#1230,#1231,#1232);
#1234=PLANE('',#1233);
#1235=ORIENTED_EDGE('',*,*,#1140,.T.);
#1236=ORIENTED_EDGE('',*,*,#1154,.T.);
#1237=ORIENTED_EDGE('',*,*,#1168,.T.);
#1238=ORIENTED_EDGE('',*,*,#1182,.T.);
#1239=ORIENTED_EDGE('',*,*,#1196,.T.);
#1240=ORIENTED_EDGE('',*,*,#1210,.T.);
#1241=ORIENTED_EDGE('',*,*,#1223,.T.);
#1242=ORIENTED_EDGE('',*,*,#1125,.T.);
#1243=EDGE_LOOP('',(#1235,#1236,#1237,#1238,#1239,#1240,#1241,#1242));
#1244=FACE_OUTER_BOUND('',#1243,.F.);
#1246=CARTESIAN_POINT('',(5.539382434622E1,6.645E1,1.49E1));
#1247=DIRECTION('',(-7.071067811865E-1,0.E0,7.071067811865E-1));
#1248=DIRECTION('',(-7.071067811865E-1,0.E0,-7.071067811865E-1));
#1249=AXIS2_PLACEMENT_3D('',#1246,#1247,#1248);
#1250=PLANE('',#1249);
#1251=ORIENTED_EDGE('',*,*,#1085,.T.);
#1253=ORIENTED_EDGE('',*,*,#1252,.F.);
#1255=ORIENTED_EDGE('',*,*,#1254,.T.);
#1257=ORIENTED_EDGE('',*,*,#1256,.T.);
#1258=EDGE_LOOP('',(#1251,#1253,#1255,#1257));
#1259=FACE_OUTER_BOUND('',#1258,.F.);
#1261=CARTESIAN_POINT('',(5.029382434622E1,-6.765E1,1.49E1));
#1262=DIRECTION('',(0.E0,7.071067811866E-1,7.071067811865E-1));
#1263=DIRECTION('',(0.E0,7.071067811865E-1,-7.071067811866E-1));
#1264=AXIS2_PLACEMENT_3D('',#1261,#1262,#1263);
#1265=PLANE('',#1264);
#1267=ORIENTED_EDGE('',*,*,#1266,.F.);
#1268=ORIENTED_EDGE('',*,*,#1252,.T.);
#1269=ORIENTED_EDGE('',*,*,#1113,.T.);
#1271=ORIENTED_EDGE('',*,*,#1270,.F.);
#1272=EDGE_LOOP('',(#1267,#1268,#1269,#1271));
#1273=FACE_OUTER_BOUND('',#1272,.F.);
#1275=CARTESIAN_POINT('',(4.529382434622E1,-6.755E1,1.5E1));
#1276=DIRECTION('',(0.E0,-1.E0,0.E0));
#1277=DIRECTION('',(1.E0,0.E0,0.E0));
#1278=AXIS2_PLACEMENT_3D('',#1275,#1276,#1277);
#1279=PLANE('',#1278);
#1281=ORIENTED_EDGE('',*,*,#1280,.T.);
#1283=ORIENTED_EDGE('',*,*,#1282,.F.);
#1285=ORIENTED_EDGE('',*,*,#1284,.T.);
#1287=ORIENTED_EDGE('',*,*,#1286,.F.);
#1288=ORIENTED_EDGE('',*,*,#1266,.T.);
#1289=EDGE_LOOP('',(#1281,#1283,#1285,#1287,#1288));
#1290=FACE_OUTER_BOUND('',#1289,.F.);
#1292=CARTESIAN_POINT('',(4.529382434622E1,-7.255E1,1.5E1));
#1293=DIRECTION('',(1.E0,0.E0,0.E0));
#1294=DIRECTION('',(0.E0,1.E0,0.E0));
#1295=AXIS2_PLACEMENT_3D('',#1292,#1293,#1294);
#1296=PLANE('',#1295);
#1298=ORIENTED_EDGE('',*,*,#1297,.T.);
#1300=ORIENTED_EDGE('',*,*,#1299,.F.);
#1302=ORIENTED_EDGE('',*,*,#1301,.T.);
#1304=ORIENTED_EDGE('',*,*,#1303,.T.);
#1306=ORIENTED_EDGE('',*,*,#1305,.T.);
#1307=ORIENTED_EDGE('',*,*,#1280,.F.);
#1308=EDGE_LOOP('',(#1298,#1300,#1302,#1304,#1306,#1307));
#1309=FACE_OUTER_BOUND('',#1308,.F.);
#1311=CARTESIAN_POINT('',(4.529382434622E1,-7.255E1,1.5E1));
#1312=DIRECTION('',(1.E0,0.E0,0.E0));
#1313=DIRECTION('',(0.E0,1.E0,0.E0));
#1314=AXIS2_PLACEMENT_3D('',#1311,#1312,#1313);
#1315=PLANE('',#1314);
#1317=ORIENTED_EDGE('',*,*,#1316,.T.);
#1319=ORIENTED_EDGE('',*,*,#1318,.F.);
#1321=ORIENTED_EDGE('',*,*,#1320,.T.);
#1323=ORIENTED_EDGE('',*,*,#1322,.T.);
#1324=EDGE_LOOP('',(#1317,#1319,#1321,#1323));
#1325=FACE_OUTER_BOUND('',#1324,.F.);
#1327=CARTESIAN_POINT('',(4.529382434622E1,-7.255E1,1.5E1));
#1328=DIRECTION('',(1.E0,0.E0,0.E0));
#1329=DIRECTION('',(0.E0,1.E0,0.E0));
#1330=AXIS2_PLACEMENT_3D('',#1327,#1328,#1329);
#1331=PLANE('',#1330);
#1333=ORIENTED_EDGE('',*,*,#1332,.T.);
#1335=ORIENTED_EDGE('',*,*,#1334,.F.);
#1337=ORIENTED_EDGE('',*,*,#1336,.T.);
#1339=ORIENTED_EDGE('',*,*,#1338,.T.);
#1341=ORIENTED_EDGE('',*,*,#1340,.F.);
#1343=ORIENTED_EDGE('',*,*,#1342,.T.);
#1344=EDGE_LOOP('',(#1333,#1335,#1337,#1339,#1341,#1343));
#1345=FACE_OUTER_BOUND('',#1344,.F.);
#1347=CARTESIAN_POINT('',(4.539382434622E1,-7.005E1,1.49E1));
#1348=DIRECTION('',(-7.071067811865E-1,0.E0,7.071067811865E-1));
#1349=DIRECTION('',(-7.071067811865E-1,0.E0,-7.071067811865E-1));
#1350=AXIS2_PLACEMENT_3D('',#1347,#1348,#1349);
#1351=PLANE('',#1350);
#1352=ORIENTED_EDGE('',*,*,#1297,.F.);
#1353=ORIENTED_EDGE('',*,*,#1270,.T.);
#1354=ORIENTED_EDGE('',*,*,#1111,.T.);
#1356=ORIENTED_EDGE('',*,*,#1355,.F.);
#1357=EDGE_LOOP('',(#1352,#1353,#1354,#1356));
#1358=FACE_OUTER_BOUND('',#1357,.F.);
#1360=CARTESIAN_POINT('',(3.735657028521E1,-7.155000011296E1,1.489999972021E1));
#1361=DIRECTION('',(0.E0,0.E0,1.E0));
#1362=DIRECTION('',(0.E0,1.E0,0.E0));
#1363=AXIS2_PLACEMENT_3D('',#1360,#1361,#1362);
#1364=CONICAL_SURFACE('',#1363,8.100000123297E0,4.5E1);
#1365=ORIENTED_EDGE('',*,*,#1109,.T.);
#1367=ORIENTED_EDGE('',*,*,#1366,.F.);
#1369=ORIENTED_EDGE('',*,*,#1368,.T.);
#1370=ORIENTED_EDGE('',*,*,#1355,.T.);
#1371=EDGE_LOOP('',(#1365,#1367,#1369,#1370));
#1372=FACE_OUTER_BOUND('',#1371,.F.);
#1374=CARTESIAN_POINT('',(2.685657041302E1,-7.265E1,1.49E1));
#1375=DIRECTION('',(0.E0,7.071067811865E-1,7.071067811865E-1));
#1376=DIRECTION('',(0.E0,7.071067811865E-1,-7.071067811865E-1));
#1377=AXIS2_PLACEMENT_3D('',#1374,#1375,#1376);
#1378=PLANE('',#1377);
#1379=ORIENTED_EDGE('',*,*,#1107,.T.);
#1381=ORIENTED_EDGE('',*,*,#1380,.F.);
#1383=ORIENTED_EDGE('',*,*,#1382,.F.);
#1384=ORIENTED_EDGE('',*,*,#1366,.T.);
#1385=EDGE_LOOP('',(#1379,#1381,#1383,#1384));
#1386=FACE_OUTER_BOUND('',#1385,.F.);
#1388=CARTESIAN_POINT('',(2.439382434622E1,-7.56E1,1.49E1));
#1389=DIRECTION('',(-7.071067811865E-1,0.E0,7.071067811865E-1));
#1390=DIRECTION('',(-7.071067811865E-1,0.E0,-7.071067811865E-1));
#1391=AXIS2_PLACEMENT_3D('',#1388,#1389,#1390);
#1392=PLANE('',#1391);
#1394=ORIENTED_EDGE('',*,*,#1393,.F.);
#1395=ORIENTED_EDGE('',*,*,#1380,.T.);
#1396=ORIENTED_EDGE('',*,*,#1105,.T.);
#1398=ORIENTED_EDGE('',*,*,#1397,.F.);
#1399=EDGE_LOOP('',(#1394,#1395,#1396,#1398));
#1400=FACE_OUTER_BOUND('',#1399,.F.);
#1402=CARTESIAN_POINT('',(2.429382434622E1,-7.255E1,-3.6E1));
#1403=DIRECTION('',(-1.E0,0.E0,0.E0));
#1404=DIRECTION('',(0.E0,-1.E0,0.E0));
#1405=AXIS2_PLACEMENT_3D('',#1402,#1403,#1404);
#1406=PLANE('',#1405);
#1408=ORIENTED_EDGE('',*,*,#1407,.T.);
#1410=ORIENTED_EDGE('',*,*,#1409,.F.);
#1412=ORIENTED_EDGE('',*,*,#1411,.T.);
#1413=ORIENTED_EDGE('',*,*,#1393,.T.);
#1415=ORIENTED_EDGE('',*,*,#1414,.F.);
#1416=EDGE_LOOP('',(#1408,#1410,#1412,#1413,#1415));
#1417=FACE_OUTER_BOUND('',#1416,.F.);
#1419=CARTESIAN_POINT('',(-9.75E0,6.865094339623E0,-5.E0));
#1420=DIRECTION('',(0.E0,0.E0,1.E0));
#1421=DIRECTION('',(1.E0,0.E0,0.E0));
#1422=AXIS2_PLACEMENT_3D('',#1419,#1420,#1421);
#1423=PLANE('',#1422);
#1425=ORIENTED_EDGE('',*,*,#1424,.F.);
#1426=ORIENTED_EDGE('',*,*,#1407,.F.);
#1428=ORIENTED_EDGE('',*,*,#1427,.F.);
#1430=ORIENTED_EDGE('',*,*,#1429,.T.);
#1431=EDGE_LOOP('',(#1425,#1426,#1428,#1430));
#1432=FACE_OUTER_BOUND('',#1431,.F.);
#1434=CARTESIAN_POINT('',(-9.75E0,6.865094339623E0,-5.E0));
#1435=DIRECTION('',(0.E0,0.E0,1.E0));
#1436=DIRECTION('',(1.E0,0.E0,0.E0));
#1437=AXIS2_PLACEMENT_3D('',#1434,#1435,#1436);
#1438=PLANE('',#1437);
#1440=ORIENTED_EDGE('',*,*,#1439,.F.);
#1442=ORIENTED_EDGE('',*,*,#1441,.F.);
#1444=ORIENTED_EDGE('',*,*,#1443,.T.);
#1446=ORIENTED_EDGE('',*,*,#1445,.F.);
#1447=EDGE_LOOP('',(#1440,#1442,#1444,#1446));
#1448=FACE_OUTER_BOUND('',#1447,.F.);
#1450=CARTESIAN_POINT('',(7.500000000001E-1,-7.265E1,-5.1E0));
#1451=DIRECTION('',(0.E0,7.071067811865E-1,7.071067811866E-1));
#1452=DIRECTION('',(0.E0,7.071067811866E-1,-7.071067811865E-1));
#1453=AXIS2_PLACEMENT_3D('',#1450,#1451,#1452);
#1454=PLANE('',#1453);
#1456=ORIENTED_EDGE('',*,*,#1455,.F.);
#1457=ORIENTED_EDGE('',*,*,#1409,.T.);
#1458=ORIENTED_EDGE('',*,*,#1424,.T.);
#1460=ORIENTED_EDGE('',*,*,#1459,.T.);
#1461=EDGE_LOOP('',(#1456,#1457,#1458,#1460));
#1462=FACE_OUTER_BOUND('',#1461,.F.);
#1464=CARTESIAN_POINT('',(-2.279382434622E1,-7.255E1,-3.6E1));
#1465=DIRECTION('',(0.E0,1.E0,0.E0));
#1466=DIRECTION('',(-1.E0,0.E0,0.E0));
#1467=AXIS2_PLACEMENT_3D('',#1464,#1465,#1466);
#1468=PLANE('',#1467);
#1470=ORIENTED_EDGE('',*,*,#1469,.T.);
#1472=ORIENTED_EDGE('',*,*,#1471,.F.);
#1474=ORIENTED_EDGE('',*,*,#1473,.F.);
#1476=ORIENTED_EDGE('',*,*,#1475,.F.);
#1478=ORIENTED_EDGE('',*,*,#1477,.T.);
#1479=ORIENTED_EDGE('',*,*,#1382,.T.);
#1480=ORIENTED_EDGE('',*,*,#1411,.F.);
#1481=ORIENTED_EDGE('',*,*,#1455,.T.);
#1483=ORIENTED_EDGE('',*,*,#1482,.F.);
#1485=ORIENTED_EDGE('',*,*,#1484,.F.);
#1487=ORIENTED_EDGE('',*,*,#1486,.F.);
#1488=EDGE_LOOP('',(#1470,#1472,#1474,#1476,#1478,#1479,#1480,#1481,#1483,#1485,
#1487));
#1489=FACE_OUTER_BOUND('',#1488,.F.);
#1491=CARTESIAN_POINT('',(-9.75E0,6.865094339623E0,0.E0));
#1492=DIRECTION('',(0.E0,0.E0,1.E0));
#1493=DIRECTION('',(1.E0,0.E0,0.E0));
#1494=AXIS2_PLACEMENT_3D('',#1491,#1492,#1493);
#1495=PLANE('',#1494);
#1497=ORIENTED_EDGE('',*,*,#1496,.F.);
#1499=ORIENTED_EDGE('',*,*,#1498,.F.);
#1501=ORIENTED_EDGE('',*,*,#1500,.F.);
#1503=ORIENTED_EDGE('',*,*,#1502,.F.);
#1505=ORIENTED_EDGE('',*,*,#1504,.F.);
#1506=ORIENTED_EDGE('',*,*,#1469,.F.);
#1508=ORIENTED_EDGE('',*,*,#1507,.T.);
#1510=ORIENTED_EDGE('',*,*,#1509,.T.);
#1511=EDGE_LOOP('',(#1497,#1499,#1501,#1503,#1505,#1506,#1508,#1510));
#1512=FACE_OUTER_BOUND('',#1511,.F.);
#1514=CARTESIAN_POINT('',(-2.289382434622E1,7.65E1,-1.E-1));
#1515=DIRECTION('',(7.071067811866E-1,0.E0,7.071067811865E-1));
#1516=DIRECTION('',(7.071067811865E-1,0.E0,-7.071067811866E-1));
#1517=AXIS2_PLACEMENT_3D('',#1514,#1515,#1516);
#1518=PLANE('',#1517);
#1519=ORIENTED_EDGE('',*,*,#1496,.T.);
#1521=ORIENTED_EDGE('',*,*,#1520,.F.);
#1523=ORIENTED_EDGE('',*,*,#1522,.T.);
#1525=ORIENTED_EDGE('',*,*,#1524,.T.);
#1526=EDGE_LOOP('',(#1519,#1521,#1523,#1525));
#1527=FACE_OUTER_BOUND('',#1526,.F.);
#1529=CARTESIAN_POINT('',(-2.289382434622E1,8.055E1,7.4E0));
#1530=DIRECTION('',(7.071067811865E-1,-7.071067811865E-1,0.E0));
#1531=DIRECTION('',(7.071067811865E-1,7.071067811865E-1,0.E0));
#1532=AXIS2_PLACEMENT_3D('',#1529,#1530,#1531);
#1533=PLANE('',#1532);
#1535=ORIENTED_EDGE('',*,*,#1534,.T.);
#1537=ORIENTED_EDGE('',*,*,#1536,.T.);
#1539=ORIENTED_EDGE('',*,*,#1538,.F.);
#1540=ORIENTED_EDGE('',*,*,#1520,.T.);
#1542=ORIENTED_EDGE('',*,*,#1541,.T.);
#1543=EDGE_LOOP('',(#1535,#1537,#1539,#1540,#1542));
#1544=FACE_OUTER_BOUND('',#1543,.F.);
#1546=CARTESIAN_POINT('',(-4.879382434622E1,8.055E1,1.49E1));
#1547=DIRECTION('',(0.E0,-7.071067811865E-1,7.071067811865E-1));
#1548=DIRECTION('',(0.E0,-7.071067811865E-1,-7.071067811865E-1));
#1549=AXIS2_PLACEMENT_3D('',#1546,#1547,#1548);
#1550=PLANE('',#1549);
#1551=ORIENTED_EDGE('',*,*,#1534,.F.);
#1553=ORIENTED_EDGE('',*,*,#1552,.F.);
#1555=ORIENTED_EDGE('',*,*,#1554,.T.);
#1556=ORIENTED_EDGE('',*,*,#1095,.T.);
#1558=ORIENTED_EDGE('',*,*,#1557,.F.);
#1559=EDGE_LOOP('',(#1551,#1553,#1555,#1556,#1558));
#1560=FACE_OUTER_BOUND('',#1559,.F.);
#1562=CARTESIAN_POINT('',(-7.479382434622E1,8.045E1,-3.6E1));
#1563=DIRECTION('',(0.E0,-1.E0,0.E0));
#1564=DIRECTION('',(1.E0,0.E0,0.E0));
#1565=AXIS2_PLACEMENT_3D('',#1562,#1563,#1564);
#1566=PLANE('',#1565);
#1567=ORIENTED_EDGE('',*,*,#1541,.F.);
#1568=ORIENTED_EDGE('',*,*,#1509,.F.);
#1570=ORIENTED_EDGE('',*,*,#1569,.T.);
#1571=ORIENTED_EDGE('',*,*,#1552,.T.);
#1572=EDGE_LOOP('',(#1567,#1568,#1570,#1571));
#1573=FACE_OUTER_BOUND('',#1572,.F.);
#1575=CARTESIAN_POINT('',(-7.479382434622E1,-7.255E1,-3.6E1));
#1576=DIRECTION('',(1.E0,0.E0,0.E0));
#1577=DIRECTION('',(0.E0,1.E0,0.E0));
#1578=AXIS2_PLACEMENT_3D('',#1575,#1576,#1577);
#1579=PLANE('',#1578);
#1581=ORIENTED_EDGE('',*,*,#1580,.T.);
#1582=ORIENTED_EDGE('',*,*,#1569,.F.);
#1583=ORIENTED_EDGE('',*,*,#1507,.F.);
#1584=ORIENTED_EDGE('',*,*,#1486,.T.);
#1585=EDGE_LOOP('',(#1581,#1582,#1583,#1584));
#1586=FACE_OUTER_BOUND('',#1585,.F.);
#1588=CARTESIAN_POINT('',(-7.489382434622E1,3.95E0,1.49E1));
#1589=DIRECTION('',(7.071067811865E-1,0.E0,7.071067811865E-1));
#1590=DIRECTION('',(7.071067811865E-1,0.E0,-7.071067811865E-1));
#1591=AXIS2_PLACEMENT_3D('',#1588,#1589,#1590);
#1592=PLANE('',#1591);
#1593=ORIENTED_EDGE('',*,*,#1097,.T.);
#1594=ORIENTED_EDGE('',*,*,#1554,.F.);
#1595=ORIENTED_EDGE('',*,*,#1580,.F.);
#1597=ORIENTED_EDGE('',*,*,#1596,.T.);
#1598=EDGE_LOOP('',(#1593,#1594,#1595,#1597));
#1599=FACE_OUTER_BOUND('',#1598,.F.);
#1601=CARTESIAN_POINT('',(-6.004382434622E1,-7.265E1,1.49E1));
#1602=DIRECTION('',(0.E0,7.071067811865E-1,7.071067811865E-1));
#1603=DIRECTION('',(0.E0,7.071067811865E-1,-7.071067811865E-1));
#1604=AXIS2_PLACEMENT_3D('',#1601,#1602,#1603);
#1605=PLANE('',#1604);
#1606=ORIENTED_EDGE('',*,*,#1484,.T.);
#1608=ORIENTED_EDGE('',*,*,#1607,.T.);
#1609=ORIENTED_EDGE('',*,*,#1099,.T.);
#1610=ORIENTED_EDGE('',*,*,#1596,.F.);
#1611=EDGE_LOOP('',(#1606,#1608,#1609,#1610));
#1612=FACE_OUTER_BOUND('',#1611,.F.);
#1614=CARTESIAN_POINT('',(-2.289382434622E1,-7.56E1,1.49E1));
#1615=DIRECTION('',(7.071067811866E-1,0.E0,7.071067811865E-1));
#1616=DIRECTION('',(7.071067811865E-1,0.E0,-7.071067811866E-1));
#1617=AXIS2_PLACEMENT_3D('',#1614,#1615,#1616);
#1618=PLANE('',#1617);
#1620=ORIENTED_EDGE('',*,*,#1619,.F.);
#1622=ORIENTED_EDGE('',*,*,#1621,.T.);
#1623=ORIENTED_EDGE('',*,*,#1101,.T.);
#1624=ORIENTED_EDGE('',*,*,#1607,.F.);
#1625=EDGE_LOOP('',(#1620,#1622,#1623,#1624));
#1626=FACE_OUTER_BOUND('',#1625,.F.);
#1628=CARTESIAN_POINT('',(-2.279382434622E1,-7.865E1,-3.6E1));
#1629=DIRECTION('',(1.E0,0.E0,0.E0));
#1630=DIRECTION('',(0.E0,1.E0,0.E0));
#1631=AXIS2_PLACEMENT_3D('',#1628,#1629,#1630);
#1632=PLANE('',#1631);
#1633=ORIENTED_EDGE('',*,*,#1482,.T.);
#1634=ORIENTED_EDGE('',*,*,#1459,.F.);
#1635=ORIENTED_EDGE('',*,*,#1429,.F.);
#1637=ORIENTED_EDGE('',*,*,#1636,.T.);
#1638=ORIENTED_EDGE('',*,*,#1619,.T.);
#1639=EDGE_LOOP('',(#1633,#1634,#1635,#1637,#1638));
#1640=FACE_OUTER_BOUND('',#1639,.F.);
#1642=CARTESIAN_POINT('',(2.429382434622E1,-7.865E1,-3.6E1));
#1643=DIRECTION('',(0.E0,1.E0,0.E0));
#1644=DIRECTION('',(-1.E0,0.E0,0.E0));
#1645=AXIS2_PLACEMENT_3D('',#1642,#1643,#1644);
#1646=PLANE('',#1645);
#1648=ORIENTED_EDGE('',*,*,#1647,.T.);
#1649=ORIENTED_EDGE('',*,*,#1636,.F.);
#1650=ORIENTED_EDGE('',*,*,#1427,.T.);
#1651=ORIENTED_EDGE('',*,*,#1414,.T.);
#1652=EDGE_LOOP('',(#1648,#1649,#1650,#1651));
#1653=FACE_OUTER_BOUND('',#1652,.F.);
#1655=CARTESIAN_POINT('',(7.5E-1,-7.875E1,1.49E1));
#1656=DIRECTION('',(0.E0,7.071067811865E-1,7.071067811865E-1));
#1657=DIRECTION('',(0.E0,7.071067811865E-1,-7.071067811865E-1));
#1658=AXIS2_PLACEMENT_3D('',#1655,#1656,#1657);
#1659=PLANE('',#1658);
#1660=ORIENTED_EDGE('',*,*,#1647,.F.);
#1661=ORIENTED_EDGE('',*,*,#1397,.T.);
#1662=ORIENTED_EDGE('',*,*,#1103,.T.);
#1663=ORIENTED_EDGE('',*,*,#1621,.F.);
#1664=EDGE_LOOP('',(#1660,#1661,#1662,#1663));
#1665=FACE_OUTER_BOUND('',#1664,.F.);
#1667=CARTESIAN_POINT('',(-2.289382434622E1,8.36E1,1.49E1));
#1668=DIRECTION('',(7.071067811865E-1,0.E0,7.071067811866E-1));
#1669=DIRECTION('',(-7.071067811866E-1,0.E0,7.071067811865E-1));
#1670=AXIS2_PLACEMENT_3D('',#1667,#1668,#1669);
#1671=PLANE('',#1670);
#1672=ORIENTED_EDGE('',*,*,#1536,.F.);
#1673=ORIENTED_EDGE('',*,*,#1557,.T.);
#1674=ORIENTED_EDGE('',*,*,#1093,.F.);
#1676=ORIENTED_EDGE('',*,*,#1675,.F.);
#1678=ORIENTED_EDGE('',*,*,#1677,.T.);
#1680=ORIENTED_EDGE('',*,*,#1679,.T.);
#1681=EDGE_LOOP('',(#1672,#1673,#1674,#1676,#1678,#1680));
#1682=FACE_OUTER_BOUND('',#1681,.F.);
#1684=CARTESIAN_POINT('',(7.5E-1,8.676213203436E1,1.497071067812E1));
#1685=DIRECTION('',(0.E0,-3.826834323651E-1,9.238795325113E-1));
#1686=DIRECTION('',(0.E0,-9.238795325113E-1,-3.826834323651E-1));
#1687=AXIS2_PLACEMENT_3D('',#1684,#1685,#1686);
#1688=PLANE('',#1687);
#1690=ORIENTED_EDGE('',*,*,#1689,.F.);
#1691=ORIENTED_EDGE('',*,*,#1675,.T.);
#1692=ORIENTED_EDGE('',*,*,#1091,.T.);
#1694=ORIENTED_EDGE('',*,*,#1693,.F.);
#1695=EDGE_LOOP('',(#1690,#1691,#1692,#1694));
#1696=FACE_OUTER_BOUND('',#1695,.F.);
#1698=CARTESIAN_POINT('',(7.5E-1,8.665E1,1.49E1));
#1699=DIRECTION('',(0.E0,-7.071067811865E-1,7.071067811865E-1));
#1700=DIRECTION('',(0.E0,-7.071067811865E-1,-7.071067811865E-1));
#1701=AXIS2_PLACEMENT_3D('',#1698,#1699,#1700);
#1702=PLANE('',#1701);
#1703=ORIENTED_EDGE('',*,*,#1689,.T.);
#1705=ORIENTED_EDGE('',*,*,#1704,.F.);
#1707=ORIENTED_EDGE('',*,*,#1706,.F.);
#1708=ORIENTED_EDGE('',*,*,#1677,.F.);
#1709=EDGE_LOOP('',(#1703,#1705,#1707,#1708));
#1710=FACE_OUTER_BOUND('',#1709,.F.);
#1712=CARTESIAN_POINT('',(2.439382434622E1,8.36E1,1.49E1));
#1713=DIRECTION('',(-7.071067811865E-1,0.E0,7.071067811866E-1));
#1714=DIRECTION('',(7.071067811866E-1,0.E0,7.071067811865E-1));
#1715=AXIS2_PLACEMENT_3D('',#1712,#1713,#1714);
#1716=PLANE('',#1715);
#1718=ORIENTED_EDGE('',*,*,#1717,.F.);
#1720=ORIENTED_EDGE('',*,*,#1719,.T.);
#1721=ORIENTED_EDGE('',*,*,#1704,.T.);
#1722=ORIENTED_EDGE('',*,*,#1693,.T.);
#1723=ORIENTED_EDGE('',*,*,#1089,.F.);
#1725=ORIENTED_EDGE('',*,*,#1724,.T.);
#1726=EDGE_LOOP('',(#1718,#1720,#1721,#1722,#1723,#1725));
#1727=FACE_OUTER_BOUND('',#1726,.F.);
#1729=CARTESIAN_POINT('',(2.439382434622E1,8.055E1,7.4E0));
#1730=DIRECTION('',(-7.071067811865E-1,-7.071067811865E-1,0.E0));
#1731=DIRECTION('',(-7.071067811865E-1,7.071067811865E-1,0.E0));
#1732=AXIS2_PLACEMENT_3D('',#1729,#1730,#1731);
#1733=PLANE('',#1732);
#1735=ORIENTED_EDGE('',*,*,#1734,.F.);
#1736=ORIENTED_EDGE('',*,*,#1717,.T.);
#1738=ORIENTED_EDGE('',*,*,#1737,.T.);
#1740=ORIENTED_EDGE('',*,*,#1739,.T.);
#1742=ORIENTED_EDGE('',*,*,#1741,.T.);
#1743=EDGE_LOOP('',(#1735,#1736,#1738,#1740,#1742));
#1744=FACE_OUTER_BOUND('',#1743,.F.);
#1746=CARTESIAN_POINT('',(2.429382434622E1,7.255E1,1.5E1));
#1747=DIRECTION('',(1.E0,0.E0,0.E0));
#1748=DIRECTION('',(0.E0,1.E0,0.E0));
#1749=AXIS2_PLACEMENT_3D('',#1746,#1747,#1748);
#1750=PLANE('',#1749);
#1751=ORIENTED_EDGE('',*,*,#1734,.T.);
#1753=ORIENTED_EDGE('',*,*,#1752,.F.);
#1755=ORIENTED_EDGE('',*,*,#1754,.T.);
#1757=ORIENTED_EDGE('',*,*,#1756,.F.);
#1758=ORIENTED_EDGE('',*,*,#1445,.T.);
#1760=ORIENTED_EDGE('',*,*,#1759,.T.);
#1761=ORIENTED_EDGE('',*,*,#1719,.F.);
#1762=EDGE_LOOP('',(#1751,#1753,#1755,#1757,#1758,#1760,#1761));
#1763=FACE_OUTER_BOUND('',#1762,.F.);
#1765=CARTESIAN_POINT('',(2.439382434622E1,7.65E1,-1.E-1));
#1766=DIRECTION('',(-7.071067811865E-1,0.E0,7.071067811866E-1));
#1767=DIRECTION('',(-7.071067811866E-1,0.E0,-7.071067811865E-1));
#1768=AXIS2_PLACEMENT_3D('',#1765,#1766,#1767);
#1769=PLANE('',#1768);
#1770=ORIENTED_EDGE('',*,*,#1752,.T.);
#1771=ORIENTED_EDGE('',*,*,#1741,.F.);
#1773=ORIENTED_EDGE('',*,*,#1772,.T.);
#1775=ORIENTED_EDGE('',*,*,#1774,.F.);
#1776=EDGE_LOOP('',(#1770,#1771,#1773,#1775));
#1777=FACE_OUTER_BOUND('',#1776,.F.);
#1779=CARTESIAN_POINT('',(-9.75E0,6.865094339623E0,0.E0));
#1780=DIRECTION('',(0.E0,0.E0,1.E0));
#1781=DIRECTION('',(1.E0,0.E0,0.E0));
#1782=AXIS2_PLACEMENT_3D('',#1779,#1780,#1781);
#1783=PLANE('',#1782);
#1784=ORIENTED_EDGE('',*,*,#1772,.F.);
#1786=ORIENTED_EDGE('',*,*,#1785,.T.);
#1788=ORIENTED_EDGE('',*,*,#1787,.F.);
#1789=ORIENTED_EDGE('',*,*,#1284,.F.);
#1791=ORIENTED_EDGE('',*,*,#1790,.F.);
#1793=ORIENTED_EDGE('',*,*,#1792,.F.);
#1795=ORIENTED_EDGE('',*,*,#1794,.F.);
#1797=ORIENTED_EDGE('',*,*,#1796,.F.);
#1799=ORIENTED_EDGE('',*,*,#1798,.F.);
#1801=ORIENTED_EDGE('',*,*,#1800,.F.);
#1803=ORIENTED_EDGE('',*,*,#1802,.F.);
#1805=ORIENTED_EDGE('',*,*,#1804,.F.);
#1807=ORIENTED_EDGE('',*,*,#1806,.F.);
#1808=EDGE_LOOP('',(#1784,#1786,#1788,#1789,#1791,#1793,#1795,#1797,#1799,#1801,
#1803,#1805,#1807));
#1809=FACE_OUTER_BOUND('',#1808,.F.);
#1811=CARTESIAN_POINT('',(2.429382434622E1,8.045E1,-3.6E1));
#1812=DIRECTION('',(0.E0,-1.E0,0.E0));
#1813=DIRECTION('',(1.E0,0.E0,0.E0));
#1814=AXIS2_PLACEMENT_3D('',#1811,#1812,#1813);
#1815=PLANE('',#1814);
#1816=ORIENTED_EDGE('',*,*,#1739,.F.);
#1818=ORIENTED_EDGE('',*,*,#1817,.T.);
#1820=ORIENTED_EDGE('',*,*,#1819,.F.);
#1821=ORIENTED_EDGE('',*,*,#1785,.F.);
#1822=EDGE_LOOP('',(#1816,#1818,#1820,#1821));
#1823=FACE_OUTER_BOUND('',#1822,.F.);
#1825=CARTESIAN_POINT('',(3.979382434622E1,8.055E1,1.49E1));
#1826=DIRECTION('',(0.E0,-7.071067811865E-1,7.071067811865E-1));
#1827=DIRECTION('',(0.E0,-7.071067811865E-1,-7.071067811865E-1));
#1828=AXIS2_PLACEMENT_3D('',#1825,#1826,#1827);
#1829=PLANE('',#1828);
#1830=ORIENTED_EDGE('',*,*,#1737,.F.);
#1831=ORIENTED_EDGE('',*,*,#1724,.F.);
#1832=ORIENTED_EDGE('',*,*,#1087,.T.);
#1833=ORIENTED_EDGE('',*,*,#1256,.F.);
#1834=ORIENTED_EDGE('',*,*,#1817,.F.);
#1835=EDGE_LOOP('',(#1830,#1831,#1832,#1833,#1834));
#1836=FACE_OUTER_BOUND('',#1835,.F.);
#1838=CARTESIAN_POINT('',(5.529382434622E1,8.045E1,-3.6E1));
#1839=DIRECTION('',(-1.E0,0.E0,0.E0));
#1840=DIRECTION('',(0.E0,-1.E0,0.E0));
#1841=AXIS2_PLACEMENT_3D('',#1838,#1839,#1840);
#1842=PLANE('',#1841);
#1843=ORIENTED_EDGE('',*,*,#1254,.F.);
#1844=ORIENTED_EDGE('',*,*,#1286,.T.);
#1845=ORIENTED_EDGE('',*,*,#1787,.T.);
#1846=ORIENTED_EDGE('',*,*,#1819,.T.);
#1847=EDGE_LOOP('',(#1843,#1844,#1845,#1846));
#1848=FACE_OUTER_BOUND('',#1847,.F.);
#1850=CARTESIAN_POINT('',(4.539382434622E1,-6.585E1,-1.E-1));
#1851=DIRECTION('',(-7.071067811865E-1,0.E0,7.071067811865E-1));
#1852=DIRECTION('',(-7.071067811865E-1,0.E0,-7.071067811865E-1));
#1853=AXIS2_PLACEMENT_3D('',#1850,#1851,#1852);
#1854=PLANE('',#1853);
#1855=ORIENTED_EDGE('',*,*,#1305,.F.);
#1857=ORIENTED_EDGE('',*,*,#1856,.T.);
#1858=ORIENTED_EDGE('',*,*,#1790,.T.);
#1859=ORIENTED_EDGE('',*,*,#1282,.T.);
#1860=EDGE_LOOP('',(#1855,#1857,#1858,#1859));
#1861=FACE_OUTER_BOUND('',#1860,.F.);
#1863=CARTESIAN_POINT('',(4.529382448665E1,-5.565000014020E1,
-1.000003028939E-1));
#1864=DIRECTION('',(0.E0,0.E0,1.E0));
#1865=DIRECTION('',(0.E0,1.E0,0.E0));
#1866=AXIS2_PLACEMENT_3D('',#1863,#1864,#1865);
#1867=CONICAL_SURFACE('',#1866,8.600000118162E0,4.5E1);
#1868=ORIENTED_EDGE('',*,*,#1792,.T.);
#1869=ORIENTED_EDGE('',*,*,#1856,.F.);
#1871=ORIENTED_EDGE('',*,*,#1870,.T.);
#1873=ORIENTED_EDGE('',*,*,#1872,.T.);
#1874=EDGE_LOOP('',(#1868,#1869,#1871,#1873));
#1875=FACE_OUTER_BOUND('',#1874,.F.);
#1877=CARTESIAN_POINT('',(4.529382434622E1,-5.565E1,0.E0));
#1878=DIRECTION('',(0.E0,0.E0,1.E0));
#1879=DIRECTION('',(1.E0,0.E0,0.E0));
#1880=AXIS2_PLACEMENT_3D('',#1877,#1878,#1879);
#1881=CYLINDRICAL_SURFACE('',#1880,8.5E0);
#1882=ORIENTED_EDGE('',*,*,#1870,.F.);
#1883=ORIENTED_EDGE('',*,*,#1303,.F.);
#1885=ORIENTED_EDGE('',*,*,#1884,.T.);
#1886=ORIENTED_EDGE('',*,*,#1334,.T.);
#1887=EDGE_LOOP('',(#1882,#1883,#1885,#1886));
#1888=FACE_OUTER_BOUND('',#1887,.F.);
#1890=CARTESIAN_POINT('',(-9.75E0,6.865094339623E0,-3.6E1));
#1891=DIRECTION('',(0.E0,0.E0,1.E0));
#1892=DIRECTION('',(1.E0,0.E0,0.E0));
#1893=AXIS2_PLACEMENT_3D('',#1890,#1891,#1892);
#1894=PLANE('',#1893);
#1895=ORIENTED_EDGE('',*,*,#1301,.F.);
#1897=ORIENTED_EDGE('',*,*,#1896,.F.);
#1898=ORIENTED_EDGE('',*,*,#1475,.T.);
#1900=ORIENTED_EDGE('',*,*,#1899,.F.);
#1902=ORIENTED_EDGE('',*,*,#1901,.F.);
#1904=ORIENTED_EDGE('',*,*,#1903,.F.);
#1906=ORIENTED_EDGE('',*,*,#1905,.F.);
#1908=ORIENTED_EDGE('',*,*,#1907,.F.);
#1909=ORIENTED_EDGE('',*,*,#1320,.F.);
#1911=ORIENTED_EDGE('',*,*,#1910,.F.);
#1912=ORIENTED_EDGE('',*,*,#1336,.F.);
#1913=ORIENTED_EDGE('',*,*,#1884,.F.);
#1914=EDGE_LOOP('',(#1895,#1897,#1898,#1900,#1902,#1904,#1906,#1908,#1909,#1911,
#1912,#1913));
#1915=FACE_OUTER_BOUND('',#1914,.F.);
#1917=CARTESIAN_POINT('',(3.735657041302E1,-7.155E1,1.5E1));
#1918=DIRECTION('',(0.E0,0.E0,1.E0));
#1919=DIRECTION('',(1.E0,0.E0,0.E0));
#1920=AXIS2_PLACEMENT_3D('',#1917,#1918,#1919);
#1921=CYLINDRICAL_SURFACE('',#1920,8.E0);
#1922=ORIENTED_EDGE('',*,*,#1368,.F.);
#1923=ORIENTED_EDGE('',*,*,#1477,.F.);
#1924=ORIENTED_EDGE('',*,*,#1896,.T.);
#1925=ORIENTED_EDGE('',*,*,#1299,.T.);
#1926=EDGE_LOOP('',(#1922,#1923,#1924,#1925));
#1927=FACE_OUTER_BOUND('',#1926,.F.);
#1929=CARTESIAN_POINT('',(-4.529382434622E1,-6.455E1,-3.6E1));
#1930=DIRECTION('',(0.E0,0.E0,1.E0));
#1931=DIRECTION('',(1.E0,0.E0,0.E0));
#1932=AXIS2_PLACEMENT_3D('',#1929,#1930,#1931);
#1933=CYLINDRICAL_SURFACE('',#1932,8.E0);
#1935=ORIENTED_EDGE('',*,*,#1934,.F.);
#1937=ORIENTED_EDGE('',*,*,#1936,.F.);
#1938=ORIENTED_EDGE('',*,*,#1899,.T.);
#1939=ORIENTED_EDGE('',*,*,#1473,.T.);
#1940=EDGE_LOOP('',(#1935,#1937,#1938,#1939));
#1941=FACE_OUTER_BOUND('',#1940,.F.);
#1943=CARTESIAN_POINT('',(-4.529382434804E1,-6.454999999469E1,
-1.000000085622E-1));
#1944=DIRECTION('',(0.E0,0.E0,1.E0));
#1945=DIRECTION('',(0.E0,1.E0,0.E0));
#1946=AXIS2_PLACEMENT_3D('',#1943,#1944,#1945);
#1947=CONICAL_SURFACE('',#1946,8.100000002798E0,4.5E1);
#1948=ORIENTED_EDGE('',*,*,#1504,.T.);
#1950=ORIENTED_EDGE('',*,*,#1949,.F.);
#1951=ORIENTED_EDGE('',*,*,#1934,.T.);
#1952=ORIENTED_EDGE('',*,*,#1471,.T.);
#1953=EDGE_LOOP('',(#1948,#1950,#1951,#1952));
#1954=FACE_OUTER_BOUND('',#1953,.F.);
#1956=CARTESIAN_POINT('',(-4.539382434622E1,-5.684341886081E-14,-1.E-1));
#1957=DIRECTION('',(7.071067811865E-1,0.E0,7.071067811865E-1));
#1958=DIRECTION('',(7.071067811865E-1,0.E0,-7.071067811865E-1));
#1959=AXIS2_PLACEMENT_3D('',#1956,#1957,#1958);
#1960=PLANE('',#1959);
#1962=ORIENTED_EDGE('',*,*,#1961,.F.);
#1963=ORIENTED_EDGE('',*,*,#1949,.T.);
#1964=ORIENTED_EDGE('',*,*,#1502,.T.);
#1966=ORIENTED_EDGE('',*,*,#1965,.F.);
#1967=EDGE_LOOP('',(#1962,#1963,#1964,#1966));
#1968=FACE_OUTER_BOUND('',#1967,.F.);
#1970=CARTESIAN_POINT('',(-4.529382434622E1,7.255E1,1.5E1));
#1971=DIRECTION('',(-1.E0,0.E0,0.E0));
#1972=DIRECTION('',(0.E0,-1.E0,0.E0));
#1973=AXIS2_PLACEMENT_3D('',#1970,#1971,#1972);
#1974=PLANE('',#1973);
#1975=ORIENTED_EDGE('',*,*,#1961,.T.);
#1977=ORIENTED_EDGE('',*,*,#1976,.F.);
#1978=ORIENTED_EDGE('',*,*,#1901,.T.);
#1979=ORIENTED_EDGE('',*,*,#1936,.T.);
#1980=EDGE_LOOP('',(#1975,#1977,#1978,#1979));
#1981=FACE_OUTER_BOUND('',#1980,.F.);
#1983=CARTESIAN_POINT('',(-4.529382434622E1,6.455E1,-3.6E1));
#1984=DIRECTION('',(0.E0,0.E0,1.E0));
#1985=DIRECTION('',(1.E0,0.E0,0.E0));
#1986=AXIS2_PLACEMENT_3D('',#1983,#1984,#1985);
#1987=CYLINDRICAL_SURFACE('',#1986,8.E0);
#1989=ORIENTED_EDGE('',*,*,#1988,.T.);
#1991=ORIENTED_EDGE('',*,*,#1990,.F.);
#1992=ORIENTED_EDGE('',*,*,#1903,.T.);
#1993=ORIENTED_EDGE('',*,*,#1976,.T.);
#1994=EDGE_LOOP('',(#1989,#1991,#1992,#1993));
#1995=FACE_OUTER_BOUND('',#1994,.F.);
#1997=CARTESIAN_POINT('',(-4.529382434622E1,6.455E1,-9.999997861675E-2));
#1998=DIRECTION('',(0.E0,0.E0,1.E0));
#1999=DIRECTION('',(0.E0,1.E0,0.E0));
#2000=AXIS2_PLACEMENT_3D('',#1997,#1998,#1999);
#2001=CONICAL_SURFACE('',#2000,8.100000021383E0,4.5E1);
#2002=ORIENTED_EDGE('',*,*,#1500,.T.);
#2004=ORIENTED_EDGE('',*,*,#2003,.T.);
#2005=ORIENTED_EDGE('',*,*,#1988,.F.);
#2006=ORIENTED_EDGE('',*,*,#1965,.T.);
#2007=EDGE_LOOP('',(#2002,#2004,#2005,#2006));
#2008=FACE_OUTER_BOUND('',#2007,.F.);
#2010=CARTESIAN_POINT('',(-3.404382434622E1,7.265E1,-1.E-1));
#2011=DIRECTION('',(0.E0,-7.071067811865E-1,7.071067811866E-1));
#2012=DIRECTION('',(0.E0,-7.071067811866E-1,-7.071067811865E-1));
#2013=AXIS2_PLACEMENT_3D('',#2010,#2011,#2012);
#2014=PLANE('',#2013);
#2016=ORIENTED_EDGE('',*,*,#2015,.F.);
#2017=ORIENTED_EDGE('',*,*,#2003,.F.);
#2018=ORIENTED_EDGE('',*,*,#1498,.T.);
#2019=ORIENTED_EDGE('',*,*,#1524,.F.);
#2020=EDGE_LOOP('',(#2016,#2017,#2018,#2019));
#2021=FACE_OUTER_BOUND('',#2020,.F.);
#2023=CARTESIAN_POINT('',(4.529382434622E1,7.255E1,1.5E1));
#2024=DIRECTION('',(0.E0,1.E0,0.E0));
#2025=DIRECTION('',(-1.E0,0.E0,0.E0));
#2026=AXIS2_PLACEMENT_3D('',#2023,#2024,#2025);
#2027=PLANE('',#2026);
#2028=ORIENTED_EDGE('',*,*,#2015,.T.);
#2030=ORIENTED_EDGE('',*,*,#2029,.F.);
#2032=ORIENTED_EDGE('',*,*,#2031,.T.);
#2033=ORIENTED_EDGE('',*,*,#1754,.F.);
#2035=ORIENTED_EDGE('',*,*,#2034,.T.);
#2037=ORIENTED_EDGE('',*,*,#2036,.F.);
#2038=ORIENTED_EDGE('',*,*,#1905,.T.);
#2039=ORIENTED_EDGE('',*,*,#1990,.T.);
#2040=EDGE_LOOP('',(#2028,#2030,#2032,#2033,#2035,#2037,#2038,#2039));
#2041=FACE_OUTER_BOUND('',#2040,.F.);
#2043=CARTESIAN_POINT('',(-2.279382434622E1,8.655E1,1.5E1));
#2044=DIRECTION('',(-1.E0,0.E0,0.E0));
#2045=DIRECTION('',(0.E0,-1.E0,0.E0));
#2046=AXIS2_PLACEMENT_3D('',#2043,#2044,#2045);
#2047=PLANE('',#2046);
#2048=ORIENTED_EDGE('',*,*,#1538,.T.);
#2049=ORIENTED_EDGE('',*,*,#1679,.F.);
#2051=ORIENTED_EDGE('',*,*,#2050,.F.);
#2052=ORIENTED_EDGE('',*,*,#1441,.T.);
#2054=ORIENTED_EDGE('',*,*,#2053,.F.);
#2055=ORIENTED_EDGE('',*,*,#2029,.T.);
#2056=ORIENTED_EDGE('',*,*,#1522,.F.);
#2057=EDGE_LOOP('',(#2048,#2049,#2051,#2052,#2054,#2055,#2056));
#2058=FACE_OUTER_BOUND('',#2057,.F.);
#2060=CARTESIAN_POINT('',(-2.279382434622E1,8.655E1,-3.6E1));
#2061=DIRECTION('',(0.E0,-1.E0,0.E0));
#2062=DIRECTION('',(1.E0,0.E0,0.E0));
#2063=AXIS2_PLACEMENT_3D('',#2060,#2061,#2062);
#2064=PLANE('',#2063);
#2065=ORIENTED_EDGE('',*,*,#1706,.T.);
#2066=ORIENTED_EDGE('',*,*,#1759,.F.);
#2067=ORIENTED_EDGE('',*,*,#1443,.F.);
#2068=ORIENTED_EDGE('',*,*,#2050,.T.);
#2069=EDGE_LOOP('',(#2065,#2066,#2067,#2068));
#2070=FACE_OUTER_BOUND('',#2069,.F.);
#2072=CARTESIAN_POINT('',(7.5E-1,7.265E1,-5.1E0));
#2073=DIRECTION('',(0.E0,-7.071067811865E-1,7.071067811866E-1));
#2074=DIRECTION('',(0.E0,-7.071067811866E-1,-7.071067811865E-1));
#2075=AXIS2_PLACEMENT_3D('',#2072,#2073,#2074);
#2076=PLANE('',#2075);
#2077=ORIENTED_EDGE('',*,*,#2031,.F.);
#2078=ORIENTED_EDGE('',*,*,#2053,.T.);
#2079=ORIENTED_EDGE('',*,*,#1439,.T.);
#2080=ORIENTED_EDGE('',*,*,#1756,.T.);
#2081=EDGE_LOOP('',(#2077,#2078,#2079,#2080));
#2082=FACE_OUTER_BOUND('',#2081,.F.);
#2084=CARTESIAN_POINT('',(2.685657041302E1,7.265E1,-1.E-1));
#2085=DIRECTION('',(0.E0,-7.071067811865E-1,7.071067811865E-1));
#2086=DIRECTION('',(0.E0,-7.071067811865E-1,-7.071067811865E-1));
#2087=AXIS2_PLACEMENT_3D('',#2084,#2085,#2086);
#2088=PLANE('',#2087);
#2089=ORIENTED_EDGE('',*,*,#2034,.F.);
#2090=ORIENTED_EDGE('',*,*,#1774,.T.);
#2091=ORIENTED_EDGE('',*,*,#1806,.T.);
#2093=ORIENTED_EDGE('',*,*,#2092,.F.);
#2094=EDGE_LOOP('',(#2089,#2090,#2091,#2093));
#2095=FACE_OUTER_BOUND('',#2094,.F.);
#2097=CARTESIAN_POINT('',(3.735657054084E1,7.155000011296E1,
-1.000002797783E-1));
#2098=DIRECTION('',(0.E0,0.E0,1.E0));
#2099=DIRECTION('',(0.E0,1.E0,0.E0));
#2100=AXIS2_PLACEMENT_3D('',#2097,#2098,#2099);
#2101=CONICAL_SURFACE('',#2100,8.100000123314E0,4.5E1);
#2102=ORIENTED_EDGE('',*,*,#1804,.T.);
#2104=ORIENTED_EDGE('',*,*,#2103,.F.);
#2106=ORIENTED_EDGE('',*,*,#2105,.T.);
#2107=ORIENTED_EDGE('',*,*,#2092,.T.);
#2108=EDGE_LOOP('',(#2102,#2104,#2106,#2107));
#2109=FACE_OUTER_BOUND('',#2108,.F.);
#2111=CARTESIAN_POINT('',(4.539382434622E1,6.675E1,-1.E-1));
#2112=DIRECTION('',(-7.071067811865E-1,0.E0,7.071067811865E-1));
#2113=DIRECTION('',(-7.071067811865E-1,0.E0,-7.071067811865E-1));
#2114=AXIS2_PLACEMENT_3D('',#2111,#2112,#2113);
#2115=PLANE('',#2114);
#2116=ORIENTED_EDGE('',*,*,#1316,.F.);
#2117=ORIENTED_EDGE('',*,*,#2103,.T.);
#2118=ORIENTED_EDGE('',*,*,#1802,.T.);
#2120=ORIENTED_EDGE('',*,*,#2119,.F.);
#2121=EDGE_LOOP('',(#2116,#2117,#2118,#2120));
#2122=FACE_OUTER_BOUND('',#2121,.F.);
#2124=CARTESIAN_POINT('',(4.529382434622E1,5.245E1,-1.000000001654E-1));
#2125=DIRECTION('',(0.E0,0.E0,1.E0));
#2126=DIRECTION('',(0.E0,1.E0,0.E0));
#2127=AXIS2_PLACEMENT_3D('',#2124,#2125,#2126);
#2128=CONICAL_SURFACE('',#2127,8.599999999835E0,4.5E1);
#2129=ORIENTED_EDGE('',*,*,#1800,.T.);
#2131=ORIENTED_EDGE('',*,*,#2130,.T.);
#2133=ORIENTED_EDGE('',*,*,#2132,.F.);
#2134=ORIENTED_EDGE('',*,*,#2119,.T.);
#2135=EDGE_LOOP('',(#2129,#2131,#2133,#2134));
#2136=FACE_OUTER_BOUND('',#2135,.F.);
#2138=CARTESIAN_POINT('',(5.389382434622E1,4.42E1,-1.E-1));
#2139=DIRECTION('',(-7.071067811865E-1,0.E0,7.071067811866E-1));
#2140=DIRECTION('',(-7.071067811866E-1,0.E0,-7.071067811865E-1));
#2141=AXIS2_PLACEMENT_3D('',#2138,#2139,#2140);
#2142=PLANE('',#2141);
#2144=ORIENTED_EDGE('',*,*,#2143,.F.);
#2145=ORIENTED_EDGE('',*,*,#2130,.F.);
#2146=ORIENTED_EDGE('',*,*,#1798,.T.);
#2148=ORIENTED_EDGE('',*,*,#2147,.F.);
#2149=EDGE_LOOP('',(#2144,#2145,#2146,#2148));
#2150=FACE_OUTER_BOUND('',#2149,.F.);
#2152=CARTESIAN_POINT('',(5.379382434622E1,3.595E1,0.E0));
#2153=DIRECTION('',(1.E0,0.E0,0.E0));
#2154=DIRECTION('',(0.E0,1.E0,0.E0));
#2155=AXIS2_PLACEMENT_3D('',#2152,#2153,#2154);
#2156=PLANE('',#2155);
#2157=ORIENTED_EDGE('',*,*,#2143,.T.);
#2159=ORIENTED_EDGE('',*,*,#2158,.T.);
#2161=ORIENTED_EDGE('',*,*,#2160,.T.);
#2163=ORIENTED_EDGE('',*,*,#2162,.T.);
#2164=EDGE_LOOP('',(#2157,#2159,#2161,#2163));
#2165=FACE_OUTER_BOUND('',#2164,.F.);
#2167=CARTESIAN_POINT('',(4.529382434622E1,3.595E1,0.E0));
#2168=DIRECTION('',(0.E0,-1.E0,0.E0));
#2169=DIRECTION('',(1.E0,0.E0,0.E0));
#2170=AXIS2_PLACEMENT_3D('',#2167,#2168,#2169);
#2171=PLANE('',#2170);
#2173=ORIENTED_EDGE('',*,*,#2172,.T.);
#2174=ORIENTED_EDGE('',*,*,#1342,.F.);
#2176=ORIENTED_EDGE('',*,*,#2175,.T.);
#2177=ORIENTED_EDGE('',*,*,#2158,.F.);
#2178=EDGE_LOOP('',(#2173,#2174,#2176,#2177));
#2179=FACE_OUTER_BOUND('',#2178,.F.);
#2181=CARTESIAN_POINT('',(4.954382434622E1,3.585E1,-1.E-1));
#2182=DIRECTION('',(0.E0,7.071067811865E-1,7.071067811865E-1));
#2183=DIRECTION('',(0.E0,7.071067811865E-1,-7.071067811865E-1));
#2184=AXIS2_PLACEMENT_3D('',#2181,#2182,#2183);
#2185=PLANE('',#2184);
#2186=ORIENTED_EDGE('',*,*,#1796,.T.);
#2188=ORIENTED_EDGE('',*,*,#2187,.F.);
#2189=ORIENTED_EDGE('',*,*,#2172,.F.);
#2190=ORIENTED_EDGE('',*,*,#2147,.T.);
#2191=EDGE_LOOP('',(#2186,#2188,#2189,#2190));
#2192=FACE_OUTER_BOUND('',#2191,.F.);
#2194=CARTESIAN_POINT('',(4.539382434622E1,-5.6E0,-1.E-1));
#2195=DIRECTION('',(-7.071067811865E-1,0.E0,7.071067811866E-1));
#2196=DIRECTION('',(-7.071067811866E-1,0.E0,-7.071067811865E-1));
#2197=AXIS2_PLACEMENT_3D('',#2194,#2195,#2196);
#2198=PLANE('',#2197);
#2199=ORIENTED_EDGE('',*,*,#1332,.F.);
#2200=ORIENTED_EDGE('',*,*,#2187,.T.);
#2201=ORIENTED_EDGE('',*,*,#1794,.T.);
#2202=ORIENTED_EDGE('',*,*,#1872,.F.);
#2203=EDGE_LOOP('',(#2199,#2200,#2201,#2202));
#2204=FACE_OUTER_BOUND('',#2203,.F.);
#2206=CARTESIAN_POINT('',(-9.75E0,6.865094339623E0,-1.8E1));
#2207=DIRECTION('',(0.E0,0.E0,1.E0));
#2208=DIRECTION('',(1.E0,0.E0,0.E0));
#2209=AXIS2_PLACEMENT_3D('',#2206,#2207,#2208);
#2210=PLANE('',#2209);
#2211=ORIENTED_EDGE('',*,*,#1340,.T.);
#2213=ORIENTED_EDGE('',*,*,#2212,.T.);
#2214=ORIENTED_EDGE('',*,*,#2160,.F.);
#2215=ORIENTED_EDGE('',*,*,#2175,.F.);
#2216=EDGE_LOOP('',(#2211,#2213,#2214,#2215));
#2217=FACE_OUTER_BOUND('',#2216,.F.);
#2219=CARTESIAN_POINT('',(4.529382434622E1,5.245E1,0.E0));
#2220=DIRECTION('',(0.E0,0.E0,1.E0));
#2221=DIRECTION('',(1.E0,0.E0,0.E0));
#2222=AXIS2_PLACEMENT_3D('',#2219,#2220,#2221);
#2223=CYLINDRICAL_SURFACE('',#2222,8.5E0);
#2224=ORIENTED_EDGE('',*,*,#2132,.T.);
#2225=ORIENTED_EDGE('',*,*,#2162,.F.);
#2226=ORIENTED_EDGE('',*,*,#2212,.F.);
#2227=ORIENTED_EDGE('',*,*,#1338,.F.);
#2228=ORIENTED_EDGE('',*,*,#1910,.T.);
#2229=ORIENTED_EDGE('',*,*,#1318,.T.);
#2230=EDGE_LOOP('',(#2224,#2225,#2226,#2227,#2228,#2229));
#2231=FACE_OUTER_BOUND('',#2230,.F.);
#2233=CARTESIAN_POINT('',(3.735657041302E1,7.155E1,-3.6E1));
#2234=DIRECTION('',(0.E0,0.E0,1.E0));
#2235=DIRECTION('',(1.E0,0.E0,0.E0));
#2236=AXIS2_PLACEMENT_3D('',#2233,#2234,#2235);
#2237=CYLINDRICAL_SURFACE('',#2236,8.E0);
#2238=ORIENTED_EDGE('',*,*,#2105,.F.);
#2239=ORIENTED_EDGE('',*,*,#1322,.F.);
#2240=ORIENTED_EDGE('',*,*,#1907,.T.);
#2241=ORIENTED_EDGE('',*,*,#2036,.T.);
#2242=EDGE_LOOP('',(#2238,#2239,#2240,#2241));
#2243=FACE_OUTER_BOUND('',#2242,.F.);
#2247=CARTESIAN_POINT('',(-9.75E0,6.865094339623E0,-3.6E1));
#2248=DIRECTION('',(1.E0,0.E0,0.E0));
#2249=DIRECTION('',(0.E0,0.E0,1.E0));
#2250=AXIS2_PLACEMENT_3D('',#2247,#2248,#2249);
#2251=PLANE('RIGHT',#2250);
#2252=CARTESIAN_POINT('',(-9.75E0,6.865094339623E0,-3.6E1));
#2253=DIRECTION('',(0.E0,0.E0,1.E0));
#2254=DIRECTION('',(0.E0,-1.E0,0.E0));
#2255=AXIS2_PLACEMENT_3D('',#2252,#2253,#2254);
#2256=PLANE('TOP',#2255);
#2257=CARTESIAN_POINT('',(-9.75E0,6.865094339623E0,-3.6E1));
#2258=DIRECTION('',(0.E0,-1.E0,0.E0));
#2259=DIRECTION('',(1.E0,0.E0,0.E0));
#2260=AXIS2_PLACEMENT_3D('',#2257,#2258,#2259);
#2261=PLANE('FRONT',#2260);
#2262=CARTESIAN_POINT('',(-9.75E0,6.865094339623E0,-3.6E1));
#2263=DIRECTION('',(0.E0,-1.E0,0.E0));
#2264=DIRECTION('',(1.E0,0.E0,0.E0));
#2265=AXIS2_PLACEMENT_3D('PRT_CSYS_DEF',#2262,#2263,#2264);
#2266=DRAUGHTING_PRE_DEFINED_CURVE_FONT('continuous');
#2267=CURVE_STYLE('',#2266,POSITIVE_LENGTH_MEASURE(2.E-2),#6);
#2268=PRESENTATION_STYLE_ASSIGNMENT((#2267));
#2269=STYLED_ITEM('',(#2268),#2265);
#2270=DIRECTION('',(0.E0,-1.E0,0.E0));
#2271=VECTOR('',#2270,1.53E2);
#2272=CARTESIAN_POINT('',(-7.479382434622E1,8.045E1,-3.6E1));
#2273=LINE('',#2272,#2271);
#2275=CURVE_STYLE('',#2266,POSITIVE_LENGTH_MEASURE(2.E-2),#1);
#2276=PRESENTATION_STYLE_ASSIGNMENT((#2275));
#2277=STYLED_ITEM('',(#2276),#2274);
#2279=DIRECTION('',(1.E0,0.E0,0.E0));
#2280=VECTOR('',#2279,5.2E1);
#2281=CARTESIAN_POINT('',(-7.479382434622E1,-7.255E1,-3.6E1));
#2282=LINE('',#2281,#2280);
#2284=CURVE_STYLE('',#2266,POSITIVE_LENGTH_MEASURE(2.E-2),#1);
#2285=PRESENTATION_STYLE_ASSIGNMENT((#2284));
#2286=STYLED_ITEM('',(#2285),#2283);
#2288=DIRECTION('',(0.E0,-1.E0,0.E0));
#2289=VECTOR('',#2288,6.1E0);
#2290=CARTESIAN_POINT('',(-2.279382434622E1,-7.255E1,-3.6E1));
#2291=LINE('',#2290,#2289);
#2293=CURVE_STYLE('',#2266,POSITIVE_LENGTH_MEASURE(2.E-2),#1);
#2294=PRESENTATION_STYLE_ASSIGNMENT((#2293));
#2295=STYLED_ITEM('',(#2294),#2292);
#2297=DIRECTION('',(1.E0,0.E0,0.E0));
#2298=VECTOR('',#2297,4.708764869244E1);
#2299=CARTESIAN_POINT('',(-2.279382434622E1,-7.865E1,-3.6E1));
#2300=LINE('',#2299,#2298);
#2302=CURVE_STYLE('',#2266,POSITIVE_LENGTH_MEASURE(2.E-2),#1);
#2303=PRESENTATION_STYLE_ASSIGNMENT((#2302));
#2304=STYLED_ITEM('',(#2303),#2301);
#2306=DIRECTION('',(0.E0,1.E0,0.E0));
#2307=VECTOR('',#2306,6.1E0);
#2308=CARTESIAN_POINT('',(2.429382434622E1,-7.865E1,-3.6E1));
#2309=LINE('',#2308,#2307);
#2311=CURVE_STYLE('',#2266,POSITIVE_LENGTH_MEASURE(2.E-2),#1);
#2312=PRESENTATION_STYLE_ASSIGNMENT((#2311));
#2313=STYLED_ITEM('',(#2312),#2310);
#2315=DIRECTION('',(1.E0,0.E0,0.E0));
#2316=VECTOR('',#2315,3.1E1);
#2317=CARTESIAN_POINT('',(2.429382434622E1,-7.255E1,-3.6E1));
#2318=LINE('',#2317,#2316);
#2320=CURVE_STYLE('',#2266,POSITIVE_LENGTH_MEASURE(2.E-2),#1);
#2321=PRESENTATION_STYLE_ASSIGNMENT((#2320));
#2322=STYLED_ITEM('',(#2321),#2319);
#2324=DIRECTION('',(0.E0,1.E0,0.E0));
#2325=VECTOR('',#2324,1.53E2);
#2326=CARTESIAN_POINT('',(5.529382434622E1,-7.255E1,-3.6E1));
#2327=LINE('',#2326,#2325);
#2329=CURVE_STYLE('',#2266,POSITIVE_LENGTH_MEASURE(2.E-2),#1);
#2330=PRESENTATION_STYLE_ASSIGNMENT((#2329));
#2331=STYLED_ITEM('',(#2330),#2328);
#2333=DIRECTION('',(-1.E0,0.E0,0.E0));
#2334=VECTOR('',#2333,3.1E1);
#2335=CARTESIAN_POINT('',(5.529382434622E1,8.045E1,-3.6E1));
#2336=LINE('',#2335,#2334);
#2338=CURVE_STYLE('',#2266,POSITIVE_LENGTH_MEASURE(2.E-2),#1);
#2339=PRESENTATION_STYLE_ASSIGNMENT((#2338));
#2340=STYLED_ITEM('',(#2339),#2337);
#2342=DIRECTION('',(0.E0,1.E0,0.E0));
#2343=VECTOR('',#2342,6.1E0);
#2344=CARTESIAN_POINT('',(2.429382434622E1,8.045E1,-3.6E1));
#2345=LINE('',#2344,#2343);
#2347=CURVE_STYLE('',#2266,POSITIVE_LENGTH_MEASURE(2.E-2),#1);
#2348=PRESENTATION_STYLE_ASSIGNMENT((#2347));
#2349=STYLED_ITEM('',(#2348),#2346);
#2351=DIRECTION('',(-1.E0,0.E0,0.E0));
#2352=VECTOR('',#2351,4.708764869244E1);
#2353=CARTESIAN_POINT('',(2.429382434622E1,8.655E1,-3.6E1));
#2354=LINE('',#2353,#2352);
#2356=CURVE_STYLE('',#2266,POSITIVE_LENGTH_MEASURE(2.E-2),#1);
#2357=PRESENTATION_STYLE_ASSIGNMENT((#2356));
#2358=STYLED_ITEM('',(#2357),#2355);
#2360=DIRECTION('',(0.E0,-1.E0,0.E0));
#2361=VECTOR('',#2360,6.1E0);
#2362=CARTESIAN_POINT('',(-2.279382434622E1,8.655E1,-3.6E1));
#2363=LINE('',#2362,#2361);
#2365=CURVE_STYLE('',#2266,POSITIVE_LENGTH_MEASURE(2.E-2),#1);
#2366=PRESENTATION_STYLE_ASSIGNMENT((#2365));
#2367=STYLED_ITEM('',(#2366),#2364);
#2369=DIRECTION('',(-1.E0,0.E0,0.E0));
#2370=VECTOR('',#2369,5.2E1);
#2371=CARTESIAN_POINT('',(-2.279382434622E1,8.045E1,-3.6E1));
#2372=LINE('',#2371,#2370);
#2374=CURVE_STYLE('',#2266,POSITIVE_LENGTH_MEASURE(2.E-2),#1);
#2375=PRESENTATION_STYLE_ASSIGNMENT((#2374));
#2376=STYLED_ITEM('',(#2375),#2373);
#2380=DIRECTION('',(0.E0,-1.E0,0.E0));
#2381=VECTOR('',#2380,1.891E2);
#2382=CARTESIAN_POINT('',(-9.75E0,1.0045E2,-3.6E1));
#2383=LINE('',#2382,#2381);
#2385=CURVE_STYLE('',#2266,POSITIVE_LENGTH_MEASURE(2.E-2),#4);
#2386=PRESENTATION_STYLE_ASSIGNMENT((#2385));
#2387=STYLED_ITEM('',(#2386),#2384);
#2388=DIRECTION('',(1.E0,0.E0,0.E0));
#2389=VECTOR('',#2388,1.5E2);
#2390=CARTESIAN_POINT('',(-8.479382434622E1,6.865094339623E0,-3.6E1));
#2391=LINE('',#2390,#2389);
#2393=CURVE_STYLE('',#2266,POSITIVE_LENGTH_MEASURE(2.E-2),#4);
#2394=PRESENTATION_STYLE_ASSIGNMENT((#2393));
#2395=STYLED_ITEM('',(#2394),#2392);
#2396=DIRECTION('',(-1.E0,0.E0,0.E0));
#2397=VECTOR('',#2396,5.2E1);
#2398=CARTESIAN_POINT('',(-2.279382434622E1,8.045E1,1.5E1));
#2399=LINE('',#2398,#2397);
#2401=CURVE_STYLE('',#2266,POSITIVE_LENGTH_MEASURE(2.E-2),#1);
#2402=PRESENTATION_STYLE_ASSIGNMENT((#2401));
#2403=STYLED_ITEM('',(#2402),#2400);
#2405=DIRECTION('',(0.E0,-1.E0,0.E0));
#2406=VECTOR('',#2405,1.53E2);
#2407=CARTESIAN_POINT('',(-7.479382434622E1,8.045E1,1.5E1));
#2408=LINE('',#2407,#2406);
#2410=CURVE_STYLE('',#2266,POSITIVE_LENGTH_MEASURE(2.E-2),#1);
#2411=PRESENTATION_STYLE_ASSIGNMENT((#2410));
#2412=STYLED_ITEM('',(#2411),#2409);
#2414=DIRECTION('',(1.E0,0.E0,0.E0));
#2415=VECTOR('',#2414,2.95E1);
#2416=CARTESIAN_POINT('',(-7.479382434622E1,-7.255E1,1.5E1));
#2417=LINE('',#2416,#2415);
#2419=CURVE_STYLE('',#2266,POSITIVE_LENGTH_MEASURE(2.E-2),#1);
#2420=PRESENTATION_STYLE_ASSIGNMENT((#2419));
#2421=STYLED_ITEM('',(#2420),#2418);
#2423=DIRECTION('',(0.E0,1.E0,0.E0));
#2424=VECTOR('',#2423,1.451E2);
#2425=CARTESIAN_POINT('',(-4.529382434622E1,-7.255E1,1.5E1));
#2426=LINE('',#2425,#2424);
#2428=CURVE_STYLE('',#2266,POSITIVE_LENGTH_MEASURE(2.E-2),#1);
#2429=PRESENTATION_STYLE_ASSIGNMENT((#2428));
#2430=STYLED_ITEM('',(#2429),#2427);
#2432=DIRECTION('',(1.E0,0.E0,0.E0));
#2433=VECTOR('',#2432,2.25E1);
#2434=CARTESIAN_POINT('',(-4.529382434622E1,7.255E1,1.5E1));
#2435=LINE('',#2434,#2433);
#2437=CURVE_STYLE('',#2266,POSITIVE_LENGTH_MEASURE(2.E-2),#1);
#2438=PRESENTATION_STYLE_ASSIGNMENT((#2437));
#2439=STYLED_ITEM('',(#2438),#2436);
#2441=DIRECTION('',(0.E0,1.E0,0.E0));
#2442=VECTOR('',#2441,7.9E0);
#2443=CARTESIAN_POINT('',(-2.279382434622E1,7.255E1,1.5E1));
#2444=LINE('',#2443,#2442);
#2446=CURVE_STYLE('',#2266,POSITIVE_LENGTH_MEASURE(2.E-2),#1);
#2447=PRESENTATION_STYLE_ASSIGNMENT((#2446));
#2448=STYLED_ITEM('',(#2447),#2445);
#2451=DIRECTION('',(0.E0,-1.E0,0.E0));
#2452=VECTOR('',#2451,7.9E0);
#2453=CARTESIAN_POINT('',(2.429382434622E1,8.045E1,1.5E1));
#2454=LINE('',#2453,#2452);
#2456=CURVE_STYLE('',#2266,POSITIVE_LENGTH_MEASURE(2.E-2),#1);
#2457=PRESENTATION_STYLE_ASSIGNMENT((#2456));
#2458=STYLED_ITEM('',(#2457),#2455);
#2460=DIRECTION('',(1.E0,0.E0,0.E0));
#2461=VECTOR('',#2460,2.1E1);
#2462=CARTESIAN_POINT('',(2.429382434622E1,7.255E1,1.5E1));
#2463=LINE('',#2462,#2461);
#2465=CURVE_STYLE('',#2266,POSITIVE_LENGTH_MEASURE(2.E-2),#1);
#2466=PRESENTATION_STYLE_ASSIGNMENT((#2465));
#2467=STYLED_ITEM('',(#2466),#2464);
#2469=DIRECTION('',(0.E0,-1.E0,0.E0));
#2470=VECTOR('',#2469,2.01E1);
#2471=CARTESIAN_POINT('',(4.529382434622E1,7.255E1,1.5E1));
#2472=LINE('',#2471,#2470);
#2474=CURVE_STYLE('',#2266,POSITIVE_LENGTH_MEASURE(2.E-2),#1);
#2475=PRESENTATION_STYLE_ASSIGNMENT((#2474));
#2476=STYLED_ITEM('',(#2475),#2473);
#2478=DIRECTION('',(1.E0,0.E0,0.E0));
#2479=VECTOR('',#2478,1.E1);
#2480=CARTESIAN_POINT('',(4.529382434622E1,5.245E1,1.5E1));
#2481=LINE('',#2480,#2479);
#2483=CURVE_STYLE('',#2266,POSITIVE_LENGTH_MEASURE(2.E-2),#1);
#2484=PRESENTATION_STYLE_ASSIGNMENT((#2483));
#2485=STYLED_ITEM('',(#2484),#2482);
#2487=DIRECTION('',(0.E0,1.E0,0.E0));
#2488=VECTOR('',#2487,2.8E1);
#2489=CARTESIAN_POINT('',(5.529382434622E1,5.245E1,1.5E1));
#2490=LINE('',#2489,#2488);
#2492=CURVE_STYLE('',#2266,POSITIVE_LENGTH_MEASURE(2.E-2),#1);
#2493=PRESENTATION_STYLE_ASSIGNMENT((#2492));
#2494=STYLED_ITEM('',(#2493),#2491);
#2496=DIRECTION('',(-1.E0,0.E0,0.E0));
#2497=VECTOR('',#2496,3.1E1);
#2498=CARTESIAN_POINT('',(5.529382434622E1,8.045E1,1.5E1));
#2499=LINE('',#2498,#2497);
#2501=CURVE_STYLE('',#2266,POSITIVE_LENGTH_MEASURE(2.E-2),#1);
#2502=PRESENTATION_STYLE_ASSIGNMENT((#2501));
#2503=STYLED_ITEM('',(#2502),#2500);
#2506=DIRECTION('',(0.E0,-1.E0,0.E0));
#2507=VECTOR('',#2506,1.4E1);
#2508=CARTESIAN_POINT('',(-2.279382434622E1,8.655E1,1.5E1));
#2509=LINE('',#2508,#2507);
#2511=CURVE_STYLE('',#2266,POSITIVE_LENGTH_MEASURE(2.E-2),#1);
#2512=PRESENTATION_STYLE_ASSIGNMENT((#2511));
#2513=STYLED_ITEM('',(#2512),#2510);
#2515=DIRECTION('',(1.E0,0.E0,0.E0));
#2516=VECTOR('',#2515,4.708764869244E1);
#2517=CARTESIAN_POINT('',(-2.279382434622E1,7.255E1,1.5E1));
#2518=LINE('',#2517,#2516);
#2520=CURVE_STYLE('',#2266,POSITIVE_LENGTH_MEASURE(2.E-2),#1);
#2521=PRESENTATION_STYLE_ASSIGNMENT((#2520));
#2522=STYLED_ITEM('',(#2521),#2519);
#2524=DIRECTION('',(0.E0,1.E0,0.E0));
#2525=VECTOR('',#2524,1.4E1);
#2526=CARTESIAN_POINT('',(2.429382434622E1,7.255E1,1.5E1));
#2527=LINE('',#2526,#2525);
#2529=CURVE_STYLE('',#2266,POSITIVE_LENGTH_MEASURE(2.E-2),#1);
#2530=PRESENTATION_STYLE_ASSIGNMENT((#2529));
#2531=STYLED_ITEM('',(#2530),#2528);
#2533=DIRECTION('',(-1.E0,0.E0,0.E0));
#2534=VECTOR('',#2533,4.708764869244E1);
#2535=CARTESIAN_POINT('',(2.429382434622E1,8.655E1,1.5E1));
#2536=LINE('',#2535,#2534);
#2538=CURVE_STYLE('',#2266,POSITIVE_LENGTH_MEASURE(2.E-2),#1);
#2539=PRESENTATION_STYLE_ASSIGNMENT((#2538));
#2540=STYLED_ITEM('',(#2539),#2537);
#2543=DIRECTION('',(1.E0,0.E0,0.E0));
#2544=VECTOR('',#2543,4.708764869244E1);
#2545=CARTESIAN_POINT('',(-2.279382434622E1,-7.865E1,1.5E1));
#2546=LINE('',#2545,#2544);
#2548=CURVE_STYLE('',#2266,POSITIVE_LENGTH_MEASURE(2.E-2),#1);
#2549=PRESENTATION_STYLE_ASSIGNMENT((#2548));
#2550=STYLED_ITEM('',(#2549),#2547);
#2552=DIRECTION('',(0.E0,1.E0,0.E0));
#2553=VECTOR('',#2552,6.1E0);
#2554=CARTESIAN_POINT('',(2.429382434622E1,-7.865E1,1.5E1));
#2555=LINE('',#2554,#2553);
#2557=CURVE_STYLE('',#2266,POSITIVE_LENGTH_MEASURE(2.E-2),#1);
#2558=PRESENTATION_STYLE_ASSIGNMENT((#2557));
#2559=STYLED_ITEM('',(#2558),#2556);
#2561=DIRECTION('',(-1.E0,0.E0,0.E0));
#2562=VECTOR('',#2561,4.708764869244E1);
#2563=CARTESIAN_POINT('',(2.429382434622E1,-7.255E1,1.5E1));
#2564=LINE('',#2563,#2562);
#2566=CURVE_STYLE('',#2266,POSITIVE_LENGTH_MEASURE(2.E-2),#1);
#2567=PRESENTATION_STYLE_ASSIGNMENT((#2566));
#2568=STYLED_ITEM('',(#2567),#2565);
#2570=DIRECTION('',(0.E0,-1.E0,0.E0));
#2571=VECTOR('',#2570,6.1E0);
#2572=CARTESIAN_POINT('',(-2.279382434622E1,-7.255E1,1.5E1));
#2573=LINE('',#2572,#2571);
#2575=CURVE_STYLE('',#2266,POSITIVE_LENGTH_MEASURE(2.E-2),#1);
#2576=PRESENTATION_STYLE_ASSIGNMENT((#2575));
#2577=STYLED_ITEM('',(#2576),#2574);
#2580=DIRECTION('',(-1.E0,0.E0,0.E0));
#2581=VECTOR('',#2580,1.E1);
#2582=CARTESIAN_POINT('',(-7.479382434622E1,9.045E1,-3.6E1));
#2583=LINE('',#2582,#2581);
#2585=CURVE_STYLE('',#2266,POSITIVE_LENGTH_MEASURE(2.E-2),#1);
#2586=PRESENTATION_STYLE_ASSIGNMENT((#2585));
#2587=STYLED_ITEM('',(#2586),#2584);
#2589=DIRECTION('',(0.E0,-1.E0,0.E0));
#2590=VECTOR('',#2589,1.791E2);
#2591=CARTESIAN_POINT('',(-8.479382434622E1,9.045E1,-3.6E1));
#2592=LINE('',#2591,#2590);
#2594=CURVE_STYLE('',#2266,POSITIVE_LENGTH_MEASURE(2.E-2),#1);
#2595=PRESENTATION_STYLE_ASSIGNMENT((#2594));
#2596=STYLED_ITEM('',(#2595),#2593);
#2598=DIRECTION('',(1.E0,0.E0,0.E0));
#2599=VECTOR('',#2598,1.5E2);
#2600=CARTESIAN_POINT('',(-8.479382434622E1,-8.865E1,-3.6E1));
#2601=LINE('',#2600,#2599);
#2603=CURVE_STYLE('',#2266,POSITIVE_LENGTH_MEASURE(2.E-2),#1);
#2604=PRESENTATION_STYLE_ASSIGNMENT((#2603));
#2605=STYLED_ITEM('',(#2604),#2602);
#2607=DIRECTION('',(0.E0,1.E0,0.E0));
#2608=VECTOR('',#2607,1.791E2);
#2609=CARTESIAN_POINT('',(6.520617565378E1,-8.865E1,-3.6E1));
#2610=LINE('',#2609,#2608);
#2612=CURVE_STYLE('',#2266,POSITIVE_LENGTH_MEASURE(2.E-2),#1);
#2613=PRESENTATION_STYLE_ASSIGNMENT((#2612));
#2614=STYLED_ITEM('',(#2613),#2611);
#2616=DIRECTION('',(-1.E0,0.E0,0.E0));
#2617=VECTOR('',#2616,3.1E1);
#2618=CARTESIAN_POINT('',(6.520617565378E1,9.045E1,-3.6E1));
#2619=LINE('',#2618,#2617);
#2621=CURVE_STYLE('',#2266,POSITIVE_LENGTH_MEASURE(2.E-2),#1);
#2622=PRESENTATION_STYLE_ASSIGNMENT((#2621));
#2623=STYLED_ITEM('',(#2622),#2620);
#2625=DIRECTION('',(0.E0,1.E0,0.E0));
#2626=VECTOR('',#2625,1.E1);
#2627=CARTESIAN_POINT('',(3.420617565378E1,9.045E1,-3.6E1));
#2628=LINE('',#2627,#2626);
#2630=CURVE_STYLE('',#2266,POSITIVE_LENGTH_MEASURE(2.E-2),#1);
#2631=PRESENTATION_STYLE_ASSIGNMENT((#2630));
#2632=STYLED_ITEM('',(#2631),#2629);
#2634=DIRECTION('',(-1.E0,0.E0,0.E0));
#2635=VECTOR('',#2634,6.7E1);
#2636=CARTESIAN_POINT('',(3.420617565378E1,1.0045E2,-3.6E1));
#2637=LINE('',#2636,#2635);
#2639=CURVE_STYLE('',#2266,POSITIVE_LENGTH_MEASURE(2.E-2),#1);
#2640=PRESENTATION_STYLE_ASSIGNMENT((#2639));
#2641=STYLED_ITEM('',(#2640),#2638);
#2643=DIRECTION('',(0.E0,-1.E0,0.E0));
#2644=VECTOR('',#2643,1.E1);
#2645=CARTESIAN_POINT('',(-3.279382434622E1,1.0045E2,-3.6E1));
#2646=LINE('',#2645,#2644);
#2648=CURVE_STYLE('',#2266,POSITIVE_LENGTH_MEASURE(2.E-2),#1);
#2649=PRESENTATION_STYLE_ASSIGNMENT((#2648));
#2650=STYLED_ITEM('',(#2649),#2647);
#2652=DIRECTION('',(-1.E0,0.E0,0.E0));
#2653=VECTOR('',#2652,4.2E1);
#2654=CARTESIAN_POINT('',(-3.279382434622E1,9.045E1,-3.6E1));
#2655=LINE('',#2654,#2653);
#2657=CURVE_STYLE('',#2266,POSITIVE_LENGTH_MEASURE(2.E-2),#1);
#2658=PRESENTATION_STYLE_ASSIGNMENT((#2657));
#2659=STYLED_ITEM('',(#2658),#2656);
#2662=DIRECTION('',(1.E0,0.E0,0.E0));
#2663=VECTOR('',#2662,5.2E1);
#2664=CARTESIAN_POINT('',(-7.479382434622E1,8.045E1,-3.6E1));
#2665=LINE('',#2664,#2663);
#2667=CURVE_STYLE('',#2266,POSITIVE_LENGTH_MEASURE(2.E-2),#1);
#2668=PRESENTATION_STYLE_ASSIGNMENT((#2667));
#2669=STYLED_ITEM('',(#2668),#2666);
#2671=DIRECTION('',(0.E0,1.E0,0.E0));
#2672=VECTOR('',#2671,6.1E0);
#2673=CARTESIAN_POINT('',(-2.279382434622E1,8.045E1,-3.6E1));
#2674=LINE('',#2673,#2672);
#2676=CURVE_STYLE('',#2266,POSITIVE_LENGTH_MEASURE(2.E-2),#1);
#2677=PRESENTATION_STYLE_ASSIGNMENT((#2676));
#2678=STYLED_ITEM('',(#2677),#2675);
#2680=DIRECTION('',(1.E0,0.E0,0.E0));
#2681=VECTOR('',#2680,4.708764869244E1);
#2682=CARTESIAN_POINT('',(-2.279382434622E1,8.655E1,-3.6E1));
#2683=LINE('',#2682,#2681);
#2685=CURVE_STYLE('',#2266,POSITIVE_LENGTH_MEASURE(2.E-2),#1);
#2686=PRESENTATION_STYLE_ASSIGNMENT((#2685));
#2687=STYLED_ITEM('',(#2686),#2684);
#2689=DIRECTION('',(0.E0,-1.E0,0.E0));
#2690=VECTOR('',#2689,6.1E0);
#2691=CARTESIAN_POINT('',(2.429382434622E1,8.655E1,-3.6E1));
#2692=LINE('',#2691,#2690);
#2694=CURVE_STYLE('',#2266,POSITIVE_LENGTH_MEASURE(2.E-2),#1);
#2695=PRESENTATION_STYLE_ASSIGNMENT((#2694));
#2696=STYLED_ITEM('',(#2695),#2693);
#2698=DIRECTION('',(1.E0,0.E0,0.E0));
#2699=VECTOR('',#2698,3.1E1);
#2700=CARTESIAN_POINT('',(2.429382434622E1,8.045E1,-3.6E1));
#2701=LINE('',#2700,#2699);
#2703=CURVE_STYLE('',#2266,POSITIVE_LENGTH_MEASURE(2.E-2),#1);
#2704=PRESENTATION_STYLE_ASSIGNMENT((#2703));
#2705=STYLED_ITEM('',(#2704),#2702);
#2707=DIRECTION('',(0.E0,-1.E0,0.E0));
#2708=VECTOR('',#2707,1.53E2);
#2709=CARTESIAN_POINT('',(5.529382434622E1,8.045E1,-3.6E1));
#2710=LINE('',#2709,#2708);
#2712=CURVE_STYLE('',#2266,POSITIVE_LENGTH_MEASURE(2.E-2),#1);
#2713=PRESENTATION_STYLE_ASSIGNMENT((#2712));
#2714=STYLED_ITEM('',(#2713),#2711);
#2716=DIRECTION('',(-1.E0,0.E0,0.E0));
#2717=VECTOR('',#2716,3.1E1);
#2718=CARTESIAN_POINT('',(5.529382434622E1,-7.255E1,-3.6E1));
#2719=LINE('',#2718,#2717);
#2721=CURVE_STYLE('',#2266,POSITIVE_LENGTH_MEASURE(2.E-2),#1);
#2722=PRESENTATION_STYLE_ASSIGNMENT((#2721));
#2723=STYLED_ITEM('',(#2722),#2720);
#2725=DIRECTION('',(0.E0,-1.E0,0.E0));
#2726=VECTOR('',#2725,6.1E0);
#2727=CARTESIAN_POINT('',(2.429382434622E1,-7.255E1,-3.6E1));
#2728=LINE('',#2727,#2726);
#2730=CURVE_STYLE('',#2266,POSITIVE_LENGTH_MEASURE(2.E-2),#1);
#2731=PRESENTATION_STYLE_ASSIGNMENT((#2730));
#2732=STYLED_ITEM('',(#2731),#2729);
#2734=DIRECTION('',(-1.E0,0.E0,0.E0));
#2735=VECTOR('',#2734,4.708764869244E1);
#2736=CARTESIAN_POINT('',(2.429382434622E1,-7.865E1,-3.6E1));
#2737=LINE('',#2736,#2735);
#2739=CURVE_STYLE('',#2266,POSITIVE_LENGTH_MEASURE(2.E-2),#1);
#2740=PRESENTATION_STYLE_ASSIGNMENT((#2739));
#2741=STYLED_ITEM('',(#2740),#2738);
#2743=DIRECTION('',(0.E0,1.E0,0.E0));
#2744=VECTOR('',#2743,6.1E0);
#2745=CARTESIAN_POINT('',(-2.279382434622E1,-7.865E1,-3.6E1));
#2746=LINE('',#2745,#2744);
#2748=CURVE_STYLE('',#2266,POSITIVE_LENGTH_MEASURE(2.E-2),#1);
#2749=PRESENTATION_STYLE_ASSIGNMENT((#2748));
#2750=STYLED_ITEM('',(#2749),#2747);
#2752=DIRECTION('',(-1.E0,0.E0,0.E0));
#2753=VECTOR('',#2752,5.2E1);
#2754=CARTESIAN_POINT('',(-2.279382434622E1,-7.255E1,-3.6E1));
#2755=LINE('',#2754,#2753);
#2757=CURVE_STYLE('',#2266,POSITIVE_LENGTH_MEASURE(2.E-2),#1);
#2758=PRESENTATION_STYLE_ASSIGNMENT((#2757));
#2759=STYLED_ITEM('',(#2758),#2756);
#2761=DIRECTION('',(0.E0,1.E0,0.E0));
#2762=VECTOR('',#2761,1.53E2);
#2763=CARTESIAN_POINT('',(-7.479382434622E1,-7.255E1,-3.6E1));
#2764=LINE('',#2763,#2762);
#2766=CURVE_STYLE('',#2266,POSITIVE_LENGTH_MEASURE(2.E-2),#1);
#2767=PRESENTATION_STYLE_ASSIGNMENT((#2766));
#2768=STYLED_ITEM('',(#2767),#2765);
#2771=DIRECTION('',(0.E0,-1.E0,0.E0));
#2772=VECTOR('',#2771,1.2E2);
#2773=CARTESIAN_POINT('',(4.529382434622E1,5.245E1,1.5E1));
#2774=LINE('',#2773,#2772);
#2776=CURVE_STYLE('',#2266,POSITIVE_LENGTH_MEASURE(2.E-2),#1);
#2777=PRESENTATION_STYLE_ASSIGNMENT((#2776));
#2778=STYLED_ITEM('',(#2777),#2775);
#2780=DIRECTION('',(1.E0,0.E0,0.E0));
#2781=VECTOR('',#2780,1.E1);
#2782=CARTESIAN_POINT('',(4.529382434622E1,-6.755E1,1.5E1));
#2783=LINE('',#2782,#2781);
#2785=CURVE_STYLE('',#2266,POSITIVE_LENGTH_MEASURE(2.E-2),#1);
#2786=PRESENTATION_STYLE_ASSIGNMENT((#2785));
#2787=STYLED_ITEM('',(#2786),#2784);
#2789=DIRECTION('',(0.E0,1.E0,0.E0));
#2790=VECTOR('',#2789,1.2E2);
#2791=CARTESIAN_POINT('',(5.529382434622E1,-6.755E1,1.5E1));
#2792=LINE('',#2791,#2790);
#2794=CURVE_STYLE('',#2266,POSITIVE_LENGTH_MEASURE(2.E-2),#1);
#2795=PRESENTATION_STYLE_ASSIGNMENT((#2794));
#2796=STYLED_ITEM('',(#2795),#2793);
#2798=DIRECTION('',(-1.E0,0.E0,0.E0));
#2799=VECTOR('',#2798,1.E1);
#2800=CARTESIAN_POINT('',(5.529382434622E1,5.245E1,1.5E1));
#2801=LINE('',#2800,#2799);
#2803=CURVE_STYLE('',#2266,POSITIVE_LENGTH_MEASURE(2.E-2),#1);
#2804=PRESENTATION_STYLE_ASSIGNMENT((#2803));
#2805=STYLED_ITEM('',(#2804),#2802);
#2808=DIRECTION('',(1.E0,0.E0,0.E0));
#2809=VECTOR('',#2808,1.5E2);
#2810=CARTESIAN_POINT('',(-8.479382434622E1,-7.255E1,1.5E1));
#2811=LINE('',#2810,#2809);
#2813=CURVE_STYLE('',#2266,POSITIVE_LENGTH_MEASURE(2.E-2),#4);
#2814=PRESENTATION_STYLE_ASSIGNMENT((#2813));
#2815=STYLED_ITEM('',(#2814),#2812);
#2816=DIRECTION('',(0.E0,-1.E0,0.E0));
#2817=VECTOR('',#2816,1.451E2);
#2818=CARTESIAN_POINT('',(-4.529382434622E1,7.255E1,1.5E1));
#2819=LINE('',#2818,#2817);
#2821=CURVE_STYLE('',#2266,POSITIVE_LENGTH_MEASURE(2.E-2),#1);
#2822=PRESENTATION_STYLE_ASSIGNMENT((#2821));
#2823=STYLED_ITEM('',(#2822),#2820);
#2825=DIRECTION('',(1.E0,0.E0,0.E0));
#2826=VECTOR('',#2825,9.058764869244E1);
#2827=CARTESIAN_POINT('',(-4.529382434622E1,-7.255E1,1.5E1));
#2828=LINE('',#2827,#2826);
#2830=CURVE_STYLE('',#2266,POSITIVE_LENGTH_MEASURE(2.E-2),#1);
#2831=PRESENTATION_STYLE_ASSIGNMENT((#2830));
#2832=STYLED_ITEM('',(#2831),#2829);
#2834=DIRECTION('',(0.E0,1.E0,0.E0));
#2835=VECTOR('',#2834,1.451E2);
#2836=CARTESIAN_POINT('',(4.529382434622E1,-7.255E1,1.5E1));
#2837=LINE('',#2836,#2835);
#2839=CURVE_STYLE('',#2266,POSITIVE_LENGTH_MEASURE(2.E-2),#1);
#2840=PRESENTATION_STYLE_ASSIGNMENT((#2839));
#2841=STYLED_ITEM('',(#2840),#2838);
#2843=DIRECTION('',(-1.E0,0.E0,0.E0));
#2844=VECTOR('',#2843,9.058764869244E1);
#2845=CARTESIAN_POINT('',(4.529382434622E1,7.255E1,1.5E1));
#2846=LINE('',#2845,#2844);
#2848=CURVE_STYLE('',#2266,POSITIVE_LENGTH_MEASURE(2.E-2),#1);
#2849=PRESENTATION_STYLE_ASSIGNMENT((#2848));
#2850=STYLED_ITEM('',(#2849),#2847);
#2853=CARTESIAN_POINT('',(-9.75E0,6.865094339623E0,-4.6E1));
#2854=DIRECTION('',(0.E0,0.E0,1.E0));
#2855=DIRECTION('',(0.E0,-1.E0,0.E0));
#2856=AXIS2_PLACEMENT_3D('',#2853,#2854,#2855);
#2857=PLANE('DTM1',#2856);
#2858=DIRECTION('',(0.E0,-1.E0,0.E0));
#2859=VECTOR('',#2858,1.791E2);
#2860=CARTESIAN_POINT('',(-8.479382434622E1,9.045E1,-4.6E1));
#2861=LINE('',#2860,#2859);
#2863=CURVE_STYLE('',#2266,POSITIVE_LENGTH_MEASURE(2.E-2),#1);
#2864=PRESENTATION_STYLE_ASSIGNMENT((#2863));
#2865=STYLED_ITEM('',(#2864),#2862);
#2867=DIRECTION('',(1.E0,0.E0,0.E0));
#2868=VECTOR('',#2867,1.5E2);
#2869=CARTESIAN_POINT('',(-8.479382434622E1,-8.865E1,-4.6E1));
#2870=LINE('',#2869,#2868);
#2872=CURVE_STYLE('',#2266,POSITIVE_LENGTH_MEASURE(2.E-2),#1);
#2873=PRESENTATION_STYLE_ASSIGNMENT((#2872));
#2874=STYLED_ITEM('',(#2873),#2871);
#2876=DIRECTION('',(0.E0,1.E0,0.E0));
#2877=VECTOR('',#2876,1.791E2);
#2878=CARTESIAN_POINT('',(6.520617565378E1,-8.865E1,-4.6E1));
#2879=LINE('',#2878,#2877);
#2881=CURVE_STYLE('',#2266,POSITIVE_LENGTH_MEASURE(2.E-2),#1);
#2882=PRESENTATION_STYLE_ASSIGNMENT((#2881));
#2883=STYLED_ITEM('',(#2882),#2880);
#2885=DIRECTION('',(-1.E0,0.E0,0.E0));
#2886=VECTOR('',#2885,3.1E1);
#2887=CARTESIAN_POINT('',(6.520617565378E1,9.045E1,-4.6E1));
#2888=LINE('',#2887,#2886);
#2890=CURVE_STYLE('',#2266,POSITIVE_LENGTH_MEASURE(2.E-2),#1);
#2891=PRESENTATION_STYLE_ASSIGNMENT((#2890));
#2892=STYLED_ITEM('',(#2891),#2889);
#2894=DIRECTION('',(0.E0,1.E0,0.E0));
#2895=VECTOR('',#2894,1.E1);
#2896=CARTESIAN_POINT('',(3.420617565378E1,9.045E1,-4.6E1));
#2897=LINE('',#2896,#2895);
#2899=CURVE_STYLE('',#2266,POSITIVE_LENGTH_MEASURE(2.E-2),#1);
#2900=PRESENTATION_STYLE_ASSIGNMENT((#2899));
#2901=STYLED_ITEM('',(#2900),#2898);
#2903=DIRECTION('',(-1.E0,0.E0,0.E0));
#2904=VECTOR('',#2903,6.7E1);
#2905=CARTESIAN_POINT('',(3.420617565378E1,1.0045E2,-4.6E1));
#2906=LINE('',#2905,#2904);
#2908=CURVE_STYLE('',#2266,POSITIVE_LENGTH_MEASURE(2.E-2),#1);
#2909=PRESENTATION_STYLE_ASSIGNMENT((#2908));
#2910=STYLED_ITEM('',(#2909),#2907);
#2912=DIRECTION('',(0.E0,-1.E0,0.E0));
#2913=VECTOR('',#2912,1.E1);
#2914=CARTESIAN_POINT('',(-3.279382434622E1,1.0045E2,-4.6E1));
#2915=LINE('',#2914,#2913);
#2917=CURVE_STYLE('',#2266,POSITIVE_LENGTH_MEASURE(2.E-2),#1);
#2918=PRESENTATION_STYLE_ASSIGNMENT((#2917));
#2919=STYLED_ITEM('',(#2918),#2916);
#2921=DIRECTION('',(-1.E0,0.E0,0.E0));
#2922=VECTOR('',#2921,5.2E1);
#2923=CARTESIAN_POINT('',(-3.279382434622E1,9.045E1,-4.6E1));
#2924=LINE('',#2923,#2922);
#2926=CURVE_STYLE('',#2266,POSITIVE_LENGTH_MEASURE(2.E-2),#1);
#2927=PRESENTATION_STYLE_ASSIGNMENT((#2926));
#2928=STYLED_ITEM('',(#2927),#2925);
#2931=CARTESIAN_POINT('',(-4.529382434622E1,6.455E1,-3.6E1));
#2932=DIRECTION('',(0.E0,0.E0,1.E0));
#2933=DIRECTION('',(0.E0,1.E0,0.E0));
#2934=AXIS2_PLACEMENT_3D('',#2931,#2932,#2933);
#2937=CURVE_STYLE('',#2266,POSITIVE_LENGTH_MEASURE(2.E-2),#1);
#2938=PRESENTATION_STYLE_ASSIGNMENT((#2937));
#2939=STYLED_ITEM('',(#2938),#2936);
#2941=DIRECTION('',(0.E0,1.E0,0.E0));
#2942=VECTOR('',#2941,1.6E1);
#2943=CARTESIAN_POINT('',(-4.529382434622E1,5.655E1,-3.6E1));
#2944=LINE('',#2943,#2942);
#2946=CURVE_STYLE('',#2266,POSITIVE_LENGTH_MEASURE(2.E-2),#1);
#2947=PRESENTATION_STYLE_ASSIGNMENT((#2946));
#2948=STYLED_ITEM('',(#2947),#2945);
#2951=CARTESIAN_POINT('',(-4.529382434622E1,-6.455E1,-3.6E1));
#2952=DIRECTION('',(0.E0,0.E0,1.E0));
#2953=DIRECTION('',(0.E0,1.E0,0.E0));
#2954=AXIS2_PLACEMENT_3D('',#2951,#2952,#2953);
#2957=CURVE_STYLE('',#2266,POSITIVE_LENGTH_MEASURE(2.E-2),#1);
#2958=PRESENTATION_STYLE_ASSIGNMENT((#2957));
#2959=STYLED_ITEM('',(#2958),#2956);
#2961=DIRECTION('',(0.E0,1.E0,0.E0));
#2962=VECTOR('',#2961,1.6E1);
#2963=CARTESIAN_POINT('',(-4.529382434622E1,-7.255E1,-3.6E1));
#2964=LINE('',#2963,#2962);
#2966=CURVE_STYLE('',#2266,POSITIVE_LENGTH_MEASURE(2.E-2),#1);
#2967=PRESENTATION_STYLE_ASSIGNMENT((#2966));
#2968=STYLED_ITEM('',(#2967),#2965);
#2971=CARTESIAN_POINT('',(3.735657041302E1,7.155E1,-3.6E1));
#2972=DIRECTION('',(0.E0,0.E0,1.E0));
#2973=DIRECTION('',(9.921567416492E-1,1.25E-1,0.E0));
#2974=AXIS2_PLACEMENT_3D('',#2971,#2972,#2973);
#2977=CURVE_STYLE('',#2266,POSITIVE_LENGTH_MEASURE(2.E-2),#1);
#2978=PRESENTATION_STYLE_ASSIGNMENT((#2977));
#2979=STYLED_ITEM('',(#2978),#2976);
#2981=DIRECTION('',(1.E0,0.E0,0.E0));
#2982=VECTOR('',#2981,1.587450786639E1);
#2983=CARTESIAN_POINT('',(2.941931647983E1,7.255E1,-3.6E1));
#2984=LINE('',#2983,#2982);
#2986=CURVE_STYLE('',#2266,POSITIVE_LENGTH_MEASURE(2.E-2),#1);
#2987=PRESENTATION_STYLE_ASSIGNMENT((#2986));
#2988=STYLED_ITEM('',(#2987),#2985);
#2991=CARTESIAN_POINT('',(4.529382434622E1,5.245E1,0.E0));
#2992=DIRECTION('',(0.E0,0.E0,1.E0));
#2993=DIRECTION('',(0.E0,-1.E0,0.E0));
#2994=AXIS2_PLACEMENT_3D('',#2991,#2992,#2993);
#2997=CURVE_STYLE('',#2266,POSITIVE_LENGTH_MEASURE(2.E-2),#1);
#2998=PRESENTATION_STYLE_ASSIGNMENT((#2997));
#2999=STYLED_ITEM('',(#2998),#2996);
#3001=DIRECTION('',(0.E0,-1.E0,0.E0));
#3002=VECTOR('',#3001,1.7E1);
#3003=CARTESIAN_POINT('',(4.529382434622E1,6.095E1,0.E0));
#3004=LINE('',#3003,#3002);
#3006=CURVE_STYLE('',#2266,POSITIVE_LENGTH_MEASURE(2.E-2),#1);
#3007=PRESENTATION_STYLE_ASSIGNMENT((#3006));
#3008=STYLED_ITEM('',(#3007),#3005);
#3011=CARTESIAN_POINT('',(4.529382434622E1,-5.565E1,0.E0));
#3012=DIRECTION('',(0.E0,0.E0,1.E0));
#3013=DIRECTION('',(0.E0,-1.E0,0.E0));
#3014=AXIS2_PLACEMENT_3D('',#3011,#3012,#3013);
#3017=CURVE_STYLE('',#2266,POSITIVE_LENGTH_MEASURE(2.E-2),#1);
#3018=PRESENTATION_STYLE_ASSIGNMENT((#3017));
#3019=STYLED_ITEM('',(#3018),#3016);
#3021=DIRECTION('',(0.E0,-1.E0,0.E0));
#3022=VECTOR('',#3021,1.7E1);
#3023=CARTESIAN_POINT('',(4.529382434622E1,-4.715E1,0.E0));
#3024=LINE('',#3023,#3022);
#3026=CURVE_STYLE('',#2266,POSITIVE_LENGTH_MEASURE(2.E-2),#1);
#3027=PRESENTATION_STYLE_ASSIGNMENT((#3026));
#3028=STYLED_ITEM('',(#3027),#3025);
#3031=DIRECTION('',(-1.E0,0.E0,0.E0));
#3032=VECTOR('',#3031,1.5E2);
#3033=CARTESIAN_POINT('',(6.520617565378E1,5.245E1,0.E0));
#3034=LINE('',#3033,#3032);
#3036=CURVE_STYLE('',#2266,POSITIVE_LENGTH_MEASURE(2.E-2),#4);
#3037=PRESENTATION_STYLE_ASSIGNMENT((#3036));
#3038=STYLED_ITEM('',(#3037),#3035);
#3039=CARTESIAN_POINT('',(4.529382434622E1,5.245E1,0.E0));
#3040=DIRECTION('',(0.E0,0.E0,-1.E0));
#3041=DIRECTION('',(1.E0,0.E0,0.E0));
#3042=AXIS2_PLACEMENT_3D('',#3039,#3040,#3041);
#3045=CURVE_STYLE('',#2266,POSITIVE_LENGTH_MEASURE(2.E-2),#1);
#3046=PRESENTATION_STYLE_ASSIGNMENT((#3045));
#3047=STYLED_ITEM('',(#3046),#3044);
#3049=DIRECTION('',(0.E0,-1.E0,0.E0));
#3050=VECTOR('',#3049,8.E0);
#3051=CARTESIAN_POINT('',(4.529382434622E1,4.395E1,0.E0));
#3052=LINE('',#3051,#3050);
#3054=CURVE_STYLE('',#2266,POSITIVE_LENGTH_MEASURE(2.E-2),#1);
#3055=PRESENTATION_STYLE_ASSIGNMENT((#3054));
#3056=STYLED_ITEM('',(#3055),#3053);
#3058=DIRECTION('',(1.E0,0.E0,0.E0));
#3059=VECTOR('',#3058,8.5E0);
#3060=CARTESIAN_POINT('',(4.529382434622E1,3.595E1,0.E0));
#3061=LINE('',#3060,#3059);
#3063=CURVE_STYLE('',#2266,POSITIVE_LENGTH_MEASURE(2.E-2),#1);
#3064=PRESENTATION_STYLE_ASSIGNMENT((#3063));
#3065=STYLED_ITEM('',(#3064),#3062);
#3067=DIRECTION('',(0.E0,1.E0,0.E0));
#3068=VECTOR('',#3067,1.65E1);
#3069=CARTESIAN_POINT('',(5.379382434622E1,3.595E1,0.E0));
#3070=LINE('',#3069,#3068);
#3072=CURVE_STYLE('',#2266,POSITIVE_LENGTH_MEASURE(2.E-2),#1);
#3073=PRESENTATION_STYLE_ASSIGNMENT((#3072));
#3074=STYLED_ITEM('',(#3073),#3071);
#3077=CARTESIAN_POINT('',(3.735657041302E1,-7.155E1,1.5E1));
#3078=DIRECTION('',(0.E0,0.E0,1.E0));
#3079=DIRECTION('',(-9.921567416492E-1,-1.25E-1,0.E0));
#3080=AXIS2_PLACEMENT_3D('',#3077,#3078,#3079);
#3083=CURVE_STYLE('',#2266,POSITIVE_LENGTH_MEASURE(2.E-2),#1);
#3084=PRESENTATION_STYLE_ASSIGNMENT((#3083));
#3085=STYLED_ITEM('',(#3084),#3082);
#3087=DIRECTION('',(-1.E0,0.E0,0.E0));
#3088=VECTOR('',#3087,1.587450786639E1);
#3089=CARTESIAN_POINT('',(4.529382434622E1,-7.255E1,1.5E1));
#3090=LINE('',#3089,#3088);
#3092=CURVE_STYLE('',#2266,POSITIVE_LENGTH_MEASURE(2.E-2),#1);
#3093=PRESENTATION_STYLE_ASSIGNMENT((#3092));
#3094=STYLED_ITEM('',(#3093),#3091);
#3097=CARTESIAN_POINT('',(0.E0,0.E0,1.5E1));
#3098=DIRECTION('',(1.E0,0.E0,0.E0));
#3099=DIRECTION('',(0.E0,1.E0,0.E0));
#3100=AXIS2_PLACEMENT_3D('',#3097,#3098,#3099);
#3101=PLANE('MITTEVONTASCHE',#3100);
#3102=CARTESIAN_POINT('',(1.125E1,0.E0,-1.05E1));
#3103=DIRECTION('',(0.E0,-1.E0,0.E0));
#3104=DIRECTION('',(1.E0,0.E0,0.E0));
#3105=AXIS2_PLACEMENT_3D('',#3102,#3103,#3104);
#3106=PLANE('MITTEVONTASCHE2',#3105);
#3107=CARTESIAN_POINT('',(-9.75E0,6.865094339623E0,0.E0));
#3108=DIRECTION('',(0.E0,0.E0,1.E0));
#3109=DIRECTION('',(1.E0,0.E0,0.E0));
#3110=AXIS2_PLACEMENT_3D('',#3107,#3108,#3109);
#3111=PLANE('OBERKANTE',#3110);
#3112=CARTESIAN_POINT('',(0.E0,0.E0,0.E0));
#3113=DIRECTION('',(0.E0,0.E0,1.E0));
#3114=DIRECTION('',(1.E0,0.E0,0.E0));
#3115=AXIS2_PLACEMENT_3D('CS0',#3112,#3113,#3114);
#3116=CURVE_STYLE('',#2266,POSITIVE_LENGTH_MEASURE(2.E-2),#6);
#3117=PRESENTATION_STYLE_ASSIGNMENT((#3116));
#3118=STYLED_ITEM('',(#3117),#3115);
#3119=PRESENTATION_LAYER_ASSIGNMENT('01___PRT_ALL_DTM_PLN','',(#2251,#2256,
#2261,#2857,#3101,#3106,#3111));
#3120=PRESENTATION_LAYER_ASSIGNMENT('01___PRT_DEF_DTM_PLN','',(#2251,#2256,
#2261));
#3121=PRESENTATION_LAYER_ASSIGNMENT('02___PRT_ALL_AXES','',(#2378,#2384,#2392,
#2807,#2812,#3010,#3030,#3035));
#3122=PRESENTATION_LAYER_ASSIGNMENT('03___PRT_ALL_CURVES','',(#2378,#2384,#2392,
#2450,#2505,#2542,#2579,#2661,#2770,#2807,#2812,#2852,#2930,#2950,#2970,#2990,
#3010,#3030,#3035,#3076,#3096));
#3123=PRESENTATION_LAYER_ASSIGNMENT('05___PRT_ALL_DTM_CSYS','',(#2265,#3115));
#3124=PRESENTATION_LAYER_ASSIGNMENT('05___PRT_DEF_DTM_CSYS','',(#2265));
#3125=PRESENTATION_LAYER_ASSIGNMENT('.BLACK_HOLE','',(#2378,#2384,#2392,#2450,
#2505,#2542,#2579,#2661,#2770,#2807,#2812,#2852,#2930,#2950,#2970,#2990,#3010,
#3030,#3035,#3076,#3096));
#3126=INVISIBILITY((#3125));
#3128=LENGTH_MEASURE_WITH_UNIT(LENGTH_MEASURE(2.54E1),#3127);
#3129=(CONVERSION_BASED_UNIT('INCH',#3128)LENGTH_UNIT()NAMED_UNIT(*));
#3131=PLANE_ANGLE_MEASURE_WITH_UNIT(PLANE_ANGLE_MEASURE(1.745329251994E-2),
#3130);
#3132=(CONVERSION_BASED_UNIT('DEGREE',#3131)NAMED_UNIT(*)PLANE_ANGLE_UNIT());
#3134=UNCERTAINTY_MEASURE_WITH_UNIT(LENGTH_MEASURE(3.9E-4),#3129,
'distance_accuracy_value',
'Maximum model space distance between geometric entities at asserted connectivities');
#2379=GEOMETRIC_CURVE_SET('',(#2378,#2450,#2505,#2542,#2579,#2661,#2770,#2807,
#2852,#2930,#2950,#2970,#2990,#3010,#3030,#3076,#3096));
#3139=CARTESIAN_POINT('',(0.E0,0.E0,0.E0));
#3140=DIRECTION('',(0.E0,0.E0,1.E0));
#3141=DIRECTION('',(1.E0,0.E0,0.E0));
#3144=SHAPE_REPRESENTATION_RELATIONSHIP('','',#3143,#3136);
#3145=SHAPE_REPRESENTATION_RELATIONSHIP('','',#3143,#3137);
#3146=CONSTRUCTIVE_GEOMETRY_REPRESENTATION_RELATIONSHIP('','',#3143,#3138);
#3147=MECHANICAL_DESIGN_GEOMETRIC_PRESENTATION_REPRESENTATION('',(#2269,#2277,
#2286,#2295,#2304,#2313,#2322,#2331,#2340,#2349,#2358,#2367,#2376,#2387,#2395,
#2403,#2412,#2421,#2430,#2439,#2448,#2458,#2467,#2476,#2485,#2494,#2503,#2513,
#2522,#2531,#2540,#2550,#2559,#2568,#2577,#2587,#2596,#2605,#2614,#2623,#2632,
#2641,#2650,#2659,#2669,#2678,#2687,#2696,#2705,#2714,#2723,#2732,#2741,#2750,
#2759,#2768,#2778,#2787,#2796,#2805,#2815,#2823,#2832,#2841,#2850,#2865,#2874,
#2883,#2892,#2901,#2910,#2919,#2928,#2939,#2948,#2959,#2968,#2979,#2988,#2999,
#3008,#3019,#3028,#3038,#3047,#3056,#3065,#3074,#3085,#3094,#3118),#3135);
#3148=APPLICATION_CONTEXT('automotive_design');
#3149=APPLICATION_PROTOCOL_DEFINITION('international standard',
'automotive_design',2001,#3148);
#3150=PRODUCT_DEFINITION_CONTEXT('part definition',#3148,'design');
#3151=PRODUCT_CONTEXT('',#3148,'mechanical');
#3152=PRODUCT('AUFNAHME','AUFNAHME','NOT SPECIFIED',(#3151));
#3153=PRODUCT_DEFINITION_FORMATION('8','LAST_VERSION',#3152);
#3161=LENGTH_MEASURE_WITH_UNIT(LENGTH_MEASURE(2.54E1),#3160);
#3162=(CONVERSION_BASED_UNIT('INCH',#3161)LENGTH_UNIT()NAMED_UNIT(*));
#3163=DERIVED_UNIT_ELEMENT(#3162,2.E0);
#3164=DERIVED_UNIT((#3163));
#3165=MEASURE_REPRESENTATION_ITEM('surface area measure',AREA_MEASURE(
1.243913321431E5),#3164);
#3170=LENGTH_MEASURE_WITH_UNIT(LENGTH_MEASURE(2.54E1),#3169);
#3171=(CONVERSION_BASED_UNIT('INCH',#3170)LENGTH_UNIT()NAMED_UNIT(*));
#3172=DERIVED_UNIT_ELEMENT(#3171,3.E0);
#3173=DERIVED_UNIT((#3172));
#3174=MEASURE_REPRESENTATION_ITEM('volume measure',VOLUME_MEASURE(
8.709980264173E5),#3173);
#3178=CARTESIAN_POINT('centre point',(-1.547579758110E1,4.596325473970E0,
-2.228747476013E1));
#3183=LENGTH_MEASURE_WITH_UNIT(LENGTH_MEASURE(2.54E1),#3182);
#3184=(CONVERSION_BASED_UNIT('INCH',#3183)LENGTH_UNIT()NAMED_UNIT(*));
#3185=DERIVED_UNIT_ELEMENT(#3184,2.E0);
#3186=DERIVED_UNIT((#3185));
#3187=MEASURE_REPRESENTATION_ITEM('surface area measure',AREA_MEASURE(
1.243913321431E5),#3186);
#3192=LENGTH_MEASURE_WITH_UNIT(LENGTH_MEASURE(2.54E1),#3191);
#3193=(CONVERSION_BASED_UNIT('INCH',#3192)LENGTH_UNIT()NAMED_UNIT(*));
#3194=DERIVED_UNIT_ELEMENT(#3193,3.E0);
#3195=DERIVED_UNIT((#3194));
#3196=MEASURE_REPRESENTATION_ITEM('volume measure',VOLUME_MEASURE(
8.709980264173E5),#3195);
#3200=CARTESIAN_POINT('centre point',(-1.547579758110E1,4.596325473970E0,
-2.228747476013E1));
#3205=PRODUCT_RELATED_PRODUCT_CATEGORY('part','',(#3152));
#1=COLOUR_RGB('',0.E0,7.450980392157E-1,9.215686274510E-1);
#2=DRAUGHTING_PRE_DEFINED_COLOUR('green');
#3=COLOUR_RGB('',1.1E-2,1.2E-2,1.E0);
#4=COLOUR_RGB('',2.156862745098E-1,0.E0,3.725490196078E-1);
#5=COLOUR_RGB('',4.1E-1,2.61589E-1,1.12848E-1);
#6=COLOUR_RGB('',4.705882352941E-1,3.137254901961E-1,3.333333333333E-1);
#7=COLOUR_RGB('',5.04854E-1,1.5455E-2,1.5455E-2);
#8=COLOUR_RGB('',6.35294E-1,6.86275E-1,7.4902E-1);
#9=COLOUR_RGB('',6.40777E-1,6.40777E-1,6.40777E-1);
#10=COLOUR_RGB('',6.69062E-1,6.69903E-1,6.55217E-1);
#11=COLOUR_RGB('',9.21569E-1,7.05882E-1,4.70588E-1);
#12=DRAUGHTING_PRE_DEFINED_COLOUR('red');
#13=DRAUGHTING_PRE_DEFINED_COLOUR('yellow');
#14=COLOUR_RGB('',1.E0,1.E0,5.3E-1);
#15=COLOUR_RGB('',1.E0,1.E0,9.49E-1);
#16=DRAUGHTING_PRE_DEFINED_COLOUR('white');
#250=B_SPLINE_CURVE_WITH_KNOTS('',3,(#245,#246,#247,#248,#249),.UNSPECIFIED.,
.F.,.F.,(4,1,4),(0.E0,5.E-1,1.E0),.UNSPECIFIED.);
#255=CIRCLE('',#254,8.200000403092E0);
#261=B_SPLINE_CURVE_WITH_KNOTS('',3,(#256,#257,#258,#259,#260),.UNSPECIFIED.,
.F.,.F.,(4,1,4),(0.E0,5.E-1,1.E0),.UNSPECIFIED.);
#266=CIRCLE('',#265,7.999999921773E0);
#347=CIRCLE('',#346,8.2E0);
#536=CIRCLE('',#535,8.7E0);
#585=CIRCLE('',#584,8.700000421056E0);
#591=B_SPLINE_CURVE_WITH_KNOTS('',3,(#586,#587,#588,#589,#590),.UNSPECIFIED.,
.F.,.F.,(4,1,4),(0.E0,5.E-1,1.E0),.UNSPECIFIED.);
#596=CIRCLE('',#595,8.499999909722E0);
#601=CIRCLE('',#600,8.E0);
#606=CIRCLE('',#605,8.E0);
#611=CIRCLE('',#610,8.E0);
#616=CIRCLE('',#615,8.E0);
#621=CIRCLE('',#620,8.5E0);
#626=CIRCLE('',#625,8.5E0);
#631=CIRCLE('',#630,8.200000011360E0);
#637=B_SPLINE_CURVE_WITH_KNOTS('',3,(#632,#633,#634,#635,#636),.UNSPECIFIED.,
.F.,.F.,(4,1,4),(0.E0,5.E-1,1.E0),.UNSPECIFIED.);
#642=CIRCLE('',#641,7.999999998827E0);
#654=B_SPLINE_CURVE_WITH_KNOTS('',3,(#643,#644,#645,#646,#647,#648,#649,#650,
#651,#652,#653),.UNSPECIFIED.,.F.,.F.,(4,1,1,1,1,1,1,1,4),(0.E0,1.25E-1,2.5E-1,
3.75E-1,5.E-1,6.25E-1,7.5E-1,8.75E-1,1.E0),.UNSPECIFIED.);
#660=B_SPLINE_CURVE_WITH_KNOTS('',3,(#655,#656,#657,#658,#659),.UNSPECIFIED.,
.F.,.F.,(4,1,4),(0.E0,5.E-1,1.E0),.UNSPECIFIED.);
#681=CIRCLE('',#680,8.E0);
#751=B_SPLINE_CURVE_WITH_KNOTS('',3,(#746,#747,#748,#749,#750),.UNSPECIFIED.,
.F.,.F.,(4,1,4),(0.E0,5.E-1,1.E0),.UNSPECIFIED.);
#756=CIRCLE('',#755,8.200000403092E0);
#762=B_SPLINE_CURVE_WITH_KNOTS('',3,(#757,#758,#759,#760,#761),.UNSPECIFIED.,
.F.,.F.,(4,1,4),(0.E0,5.E-1,1.E0),.UNSPECIFIED.);
#767=CIRCLE('',#766,7.999999921774E0);
#773=B_SPLINE_CURVE_WITH_KNOTS('',3,(#768,#769,#770,#771,#772),.UNSPECIFIED.,
.F.,.F.,(4,1,4),(0.E0,5.E-1,1.E0),.UNSPECIFIED.);
#803=B_SPLINE_CURVE_WITH_KNOTS('',3,(#798,#799,#800,#801,#802),.UNSPECIFIED.,
.F.,.F.,(4,1,4),(0.E0,5.E-1,1.E0),.UNSPECIFIED.);
#816=CIRCLE('',#815,8.5E0);
#825=CIRCLE('',#824,8.5E0);
#1067=EDGE_CURVE('',#841,#828,#104,.T.);
#1069=EDGE_CURVE('',#839,#841,#20,.T.);
#1071=EDGE_CURVE('',#837,#839,#24,.T.);
#1073=EDGE_CURVE('',#835,#837,#28,.T.);
#1075=EDGE_CURVE('',#833,#835,#32,.T.);
#1077=EDGE_CURVE('',#831,#833,#36,.T.);
#1079=EDGE_CURVE('',#829,#831,#40,.T.);
#1081=EDGE_CURVE('',#828,#829,#44,.T.);
#1085=EDGE_CURVE('',#867,#924,#164,.T.);
#1087=EDGE_CURVE('',#1024,#867,#48,.T.);
#1089=EDGE_CURVE('',#1024,#1025,#52,.T.);
#1091=EDGE_CURVE('',#1027,#1025,#56,.T.);
#1093=EDGE_CURVE('',#1027,#1029,#60,.T.);
#1095=EDGE_CURVE('',#857,#1029,#64,.T.);
#1097=EDGE_CURVE('',#856,#857,#68,.T.);
#1099=EDGE_CURVE('',#949,#856,#411,.T.);
#1101=EDGE_CURVE('',#945,#949,#72,.T.);
#1103=EDGE_CURVE('',#941,#945,#76,.T.);
#1105=EDGE_CURVE('',#933,#941,#80,.T.);
#1107=EDGE_CURVE('',#932,#933,#84,.T.);
#1109=EDGE_CURVE('',#929,#932,#255,.T.);
#1111=EDGE_CURVE('',#925,#929,#88,.T.);
#1113=EDGE_CURVE('',#924,#925,#92,.T.);
#1117=ADVANCED_FACE('',(#1084,#1116),#1066,.T.);
#1123=EDGE_CURVE('',#828,#872,#96,.T.);
#1125=EDGE_CURVE('',#885,#872,#160,.T.);
#1127=EDGE_CURVE('',#885,#841,#100,.T.);
#1132=ADVANCED_FACE('',(#1131),#1122,.T.);
#1138=EDGE_CURVE('',#873,#829,#108,.T.);
#1140=EDGE_CURVE('',#872,#873,#132,.T.);
#1146=ADVANCED_FACE('',(#1145),#1137,.T.);
#1152=EDGE_CURVE('',#875,#831,#112,.T.);
#1154=EDGE_CURVE('',#873,#875,#136,.T.);
#1160=ADVANCED_FACE('',(#1159),#1151,.T.);
#1166=EDGE_CURVE('',#877,#833,#116,.T.);
#1168=EDGE_CURVE('',#875,#877,#140,.T.);
#1174=ADVANCED_FACE('',(#1173),#1165,.T.);
#1180=EDGE_CURVE('',#879,#835,#120,.T.);
#1182=EDGE_CURVE('',#877,#879,#144,.T.);
#1188=ADVANCED_FACE('',(#1187),#1179,.T.);
#1194=EDGE_CURVE('',#881,#837,#124,.T.);
#1196=EDGE_CURVE('',#879,#881,#148,.T.);
#1202=ADVANCED_FACE('',(#1201),#1193,.T.);
#1208=EDGE_CURVE('',#883,#839,#128,.T.);
#1210=EDGE_CURVE('',#881,#883,#152,.T.);
#1216=ADVANCED_FACE('',(#1215),#1207,.T.);
#1223=EDGE_CURVE('',#883,#885,#156,.T.);
#1229=ADVANCED_FACE('',(#1228),#1221,.T.);
#1245=ADVANCED_FACE('',(#1244),#1234,.F.);
#1252=EDGE_CURVE('',#920,#924,#168,.T.);
#1254=EDGE_CURVE('',#920,#865,#172,.T.);
#1256=EDGE_CURVE('',#865,#867,#564,.T.);
#1260=ADVANCED_FACE('',(#1259),#1250,.T.);
#1266=EDGE_CURVE('',#920,#921,#184,.T.);
#1270=EDGE_CURVE('',#921,#925,#176,.T.);
#1274=ADVANCED_FACE('',(#1273),#1265,.T.);
#1280=EDGE_CURVE('',#921,#1009,#180,.T.);
#1282=EDGE_CURVE('',#1013,#1009,#580,.T.);
#1284=EDGE_CURVE('',#1013,#869,#515,.T.);
#1286=EDGE_CURVE('',#920,#869,#568,.T.);
#1291=ADVANCED_FACE('',(#1290),#1279,.F.);
#1297=EDGE_CURVE('',#921,#927,#188,.T.);
#1299=EDGE_CURVE('',#917,#927,#192,.T.);
#1301=EDGE_CURVE('',#917,#905,#196,.T.);
#1303=EDGE_CURVE('',#905,#1008,#200,.T.);
#1305=EDGE_CURVE('',#1008,#1009,#204,.T.);
#1310=ADVANCED_FACE('',(#1309),#1296,.F.);
#1316=EDGE_CURVE('',#984,#985,#208,.T.);
#1318=EDGE_CURVE('',#903,#985,#212,.T.);
#1320=EDGE_CURVE('',#903,#897,#216,.T.);
#1322=EDGE_CURVE('',#897,#984,#220,.T.);
#1326=ADVANCED_FACE('',(#1325),#1315,.F.);
#1332=EDGE_CURVE('',#1001,#1003,#224,.T.);
#1334=EDGE_CURVE('',#900,#1003,#228,.T.);
#1336=EDGE_CURVE('',#900,#901,#232,.T.);
#1338=EDGE_CURVE('',#901,#909,#236,.T.);
#1340=EDGE_CURVE('',#908,#909,#240,.T.);
#1342=EDGE_CURVE('',#908,#1001,#244,.T.);
#1346=ADVANCED_FACE('',(#1345),#1331,.F.);
#1355=EDGE_CURVE('',#927,#929,#250,.T.);
#1359=ADVANCED_FACE('',(#1358),#1351,.T.);
#1366=EDGE_CURVE('',#936,#932,#261,.T.);
#1368=EDGE_CURVE('',#936,#927,#266,.T.);
#1373=ADVANCED_FACE('',(#1372),#1364,.F.);
#1380=EDGE_CURVE('',#937,#933,#270,.T.);
#1382=EDGE_CURVE('',#936,#937,#330,.T.);
#1387=ADVANCED_FACE('',(#1386),#1378,.T.);
#1393=EDGE_CURVE('',#937,#939,#282,.T.);
#1397=EDGE_CURVE('',#939,#941,#274,.T.);
#1401=ADVANCED_FACE('',(#1400),#1392,.T.);
#1407=EDGE_CURVE('',#853,#956,#290,.T.);
#1409=EDGE_CURVE('',#952,#956,#310,.T.);
#1411=EDGE_CURVE('',#952,#937,#278,.T.);
#1414=EDGE_CURVE('',#853,#939,#439,.T.);
#1418=ADVANCED_FACE('',(#1417),#1406,.T.);
#1424=EDGE_CURVE('',#956,#957,#286,.T.);
#1427=EDGE_CURVE('',#852,#853,#294,.T.);
#1429=EDGE_CURVE('',#852,#957,#298,.T.);
#1433=ADVANCED_FACE('',(#1432),#1423,.T.);
#1439=EDGE_CURVE('',#1020,#1021,#302,.T.);
#1441=EDGE_CURVE('',#848,#1020,#725,.T.);
#1443=EDGE_CURVE('',#848,#849,#306,.T.);
#1445=EDGE_CURVE('',#1021,#849,#487,.T.);
#1449=ADVANCED_FACE('',(#1448),#1438,.T.);
#1455=EDGE_CURVE('',#952,#953,#334,.T.);
#1459=EDGE_CURVE('',#957,#953,#314,.T.);
#1463=ADVANCED_FACE('',(#1462),#1454,.T.);
#1469=EDGE_CURVE('',#844,#1037,#355,.T.);
#1471=EDGE_CURVE('',#1035,#1037,#654,.T.);
#1473=EDGE_CURVE('',#895,#1035,#318,.T.);
#1475=EDGE_CURVE('',#915,#895,#322,.T.);
#1477=EDGE_CURVE('',#915,#936,#326,.T.);
#1482=EDGE_CURVE('',#947,#953,#423,.T.);
#1484=EDGE_CURVE('',#860,#947,#407,.T.);
#1486=EDGE_CURVE('',#844,#860,#399,.T.);
#1490=ADVANCED_FACE('',(#1489),#1468,.T.);
#1496=EDGE_CURVE('',#973,#1051,#338,.T.);
#1498=EDGE_CURVE('',#967,#973,#342,.T.);
#1500=EDGE_CURVE('',#965,#967,#347,.T.);
#1502=EDGE_CURVE('',#964,#965,#351,.T.);
#1504=EDGE_CURVE('',#1037,#964,#631,.T.);
#1507=EDGE_CURVE('',#844,#845,#359,.T.);
#1509=EDGE_CURVE('',#845,#1051,#363,.T.);
#1513=ADVANCED_FACE('',(#1512),#1495,.T.);
#1520=EDGE_CURVE('',#1049,#1051,#371,.T.);
#1522=EDGE_CURVE('',#1049,#971,#367,.T.);
#1524=EDGE_CURVE('',#971,#973,#689,.T.);
#1528=ADVANCED_FACE('',(#1527),#1518,.T.);
#1534=EDGE_CURVE('',#1044,#1045,#375,.T.);
#1536=EDGE_CURVE('',#1045,#1047,#447,.T.);
#1538=EDGE_CURVE('',#1049,#1047,#717,.T.);
#1541=EDGE_CURVE('',#1051,#1044,#383,.T.);
#1545=ADVANCED_FACE('',(#1544),#1533,.T.);
#1552=EDGE_CURVE('',#861,#1044,#391,.T.);
#1554=EDGE_CURVE('',#861,#857,#403,.T.);
#1557=EDGE_CURVE('',#1045,#1029,#379,.T.);
#1561=ADVANCED_FACE('',(#1560),#1550,.T.);
#1569=EDGE_CURVE('',#845,#861,#387,.T.);
#1574=ADVANCED_FACE('',(#1573),#1566,.T.);
#1580=EDGE_CURVE('',#860,#861,#395,.T.);
#1587=ADVANCED_FACE('',(#1586),#1579,.T.);
#1596=EDGE_CURVE('',#860,#856,#415,.T.);
#1600=ADVANCED_FACE('',(#1599),#1592,.T.);
#1607=EDGE_CURVE('',#947,#949,#419,.T.);
#1613=ADVANCED_FACE('',(#1612),#1605,.T.);
#1619=EDGE_CURVE('',#943,#947,#431,.T.);
#1621=EDGE_CURVE('',#943,#945,#443,.T.);
#1627=ADVANCED_FACE('',(#1626),#1618,.T.);
#1636=EDGE_CURVE('',#852,#943,#427,.T.);
#1641=ADVANCED_FACE('',(#1640),#1632,.T.);
#1647=EDGE_CURVE('',#939,#943,#435,.T.);
#1654=ADVANCED_FACE('',(#1653),#1646,.T.);
#1666=ADVANCED_FACE('',(#1665),#1659,.T.);
#1675=EDGE_CURVE('',#1039,#1027,#455,.T.);
#1677=EDGE_CURVE('',#1039,#1032,#451,.T.);
#1679=EDGE_CURVE('',#1032,#1047,#721,.T.);
#1683=ADVANCED_FACE('',(#1682),#1671,.T.);
#1689=EDGE_CURVE('',#1039,#1041,#459,.T.);
#1693=EDGE_CURVE('',#1041,#1025,#471,.T.);
#1697=ADVANCED_FACE('',(#1696),#1688,.T.);
#1704=EDGE_CURVE('',#1033,#1041,#463,.T.);
#1706=EDGE_CURVE('',#1032,#1033,#733,.T.);
#1711=ADVANCED_FACE('',(#1710),#1702,.T.);
#1717=EDGE_CURVE('',#1054,#1057,#467,.T.);
#1719=EDGE_CURVE('',#1054,#1033,#495,.T.);
#1724=EDGE_CURVE('',#1024,#1057,#560,.T.);
#1728=ADVANCED_FACE('',(#1727),#1716,.T.);
#1734=EDGE_CURVE('',#1054,#1055,#479,.T.);
#1737=EDGE_CURVE('',#1057,#1059,#556,.T.);
#1739=EDGE_CURVE('',#1059,#1061,#548,.T.);
#1741=EDGE_CURVE('',#1061,#1055,#475,.T.);
#1745=ADVANCED_FACE('',(#1744),#1733,.T.);
#1752=EDGE_CURVE('',#976,#1055,#499,.T.);
#1754=EDGE_CURVE('',#976,#1017,#483,.T.);
#1756=EDGE_CURVE('',#1021,#1017,#745,.T.);
#1759=EDGE_CURVE('',#849,#1033,#491,.T.);
#1764=ADVANCED_FACE('',(#1763),#1750,.F.);
#1772=EDGE_CURVE('',#1061,#980,#507,.T.);
#1774=EDGE_CURVE('',#976,#980,#503,.T.);
#1778=ADVANCED_FACE('',(#1777),#1769,.T.);
#1785=EDGE_CURVE('',#1061,#864,#511,.T.);
#1787=EDGE_CURVE('',#869,#864,#572,.T.);
#1790=EDGE_CURVE('',#1012,#1013,#519,.T.);
#1792=EDGE_CURVE('',#1005,#1012,#585,.T.);
#1794=EDGE_CURVE('',#999,#1005,#523,.T.);
#1796=EDGE_CURVE('',#997,#999,#527,.T.);
#1798=EDGE_CURVE('',#996,#997,#531,.T.);
#1800=EDGE_CURVE('',#989,#996,#536,.T.);
#1802=EDGE_CURVE('',#988,#989,#540,.T.);
#1804=EDGE_CURVE('',#981,#988,#756,.T.);
#1806=EDGE_CURVE('',#980,#981,#544,.T.);
#1810=ADVANCED_FACE('',(#1809),#1783,.T.);
#1817=EDGE_CURVE('',#1059,#865,#552,.T.);
#1819=EDGE_CURVE('',#864,#865,#576,.T.);
#1824=ADVANCED_FACE('',(#1823),#1815,.T.);
#1837=ADVANCED_FACE('',(#1836),#1829,.T.);
#1849=ADVANCED_FACE('',(#1848),#1842,.T.);
#1856=EDGE_CURVE('',#1008,#1012,#591,.T.);
#1862=ADVANCED_FACE('',(#1861),#1854,.T.);
#1870=EDGE_CURVE('',#1008,#1003,#596,.T.);
#1872=EDGE_CURVE('',#1003,#1005,#803,.T.);
#1876=ADVANCED_FACE('',(#1875),#1867,.F.);
#1884=EDGE_CURVE('',#905,#900,#626,.T.);
#1889=ADVANCED_FACE('',(#1888),#1881,.F.);
#1896=EDGE_CURVE('',#915,#917,#601,.T.);
#1899=EDGE_CURVE('',#889,#895,#606,.T.);
#1901=EDGE_CURVE('',#888,#889,#672,.T.);
#1903=EDGE_CURVE('',#893,#888,#611,.T.);
#1905=EDGE_CURVE('',#892,#893,#709,.T.);
#1907=EDGE_CURVE('',#897,#892,#616,.T.);
#1910=EDGE_CURVE('',#901,#903,#621,.T.);
#1916=ADVANCED_FACE('',(#1915),#1894,.T.);
#1928=ADVANCED_FACE('',(#1927),#1921,.F.);
#1934=EDGE_CURVE('',#960,#1035,#642,.T.);
#1936=EDGE_CURVE('',#889,#960,#676,.T.);
#1942=ADVANCED_FACE('',(#1941),#1933,.F.);
#1949=EDGE_CURVE('',#960,#964,#637,.T.);
#1955=ADVANCED_FACE('',(#1954),#1947,.F.);
#1961=EDGE_CURVE('',#960,#961,#664,.T.);
#1965=EDGE_CURVE('',#961,#965,#660,.T.);
#1969=ADVANCED_FACE('',(#1968),#1960,.T.);
#1976=EDGE_CURVE('',#888,#961,#668,.T.);
#1982=ADVANCED_FACE('',(#1981),#1974,.F.);
#1988=EDGE_CURVE('',#961,#969,#681,.T.);
#1990=EDGE_CURVE('',#893,#969,#713,.T.);
#1996=ADVANCED_FACE('',(#1995),#1987,.F.);
#2003=EDGE_CURVE('',#967,#969,#685,.T.);
#2009=ADVANCED_FACE('',(#2008),#2001,.F.);
#2015=EDGE_CURVE('',#969,#971,#693,.T.);
#2022=ADVANCED_FACE('',(#2021),#2014,.T.);
#2029=EDGE_CURVE('',#1016,#971,#729,.T.);
#2031=EDGE_CURVE('',#1016,#1017,#697,.T.);
#2034=EDGE_CURVE('',#976,#977,#701,.T.);
#2036=EDGE_CURVE('',#892,#977,#705,.T.);
#2042=ADVANCED_FACE('',(#2041),#2027,.F.);
#2050=EDGE_CURVE('',#848,#1032,#737,.T.);
#2053=EDGE_CURVE('',#1016,#1020,#741,.T.);
#2059=ADVANCED_FACE('',(#2058),#2047,.F.);
#2071=ADVANCED_FACE('',(#2070),#2064,.T.);
#2083=ADVANCED_FACE('',(#2082),#2076,.T.);
#2092=EDGE_CURVE('',#977,#981,#751,.T.);
#2096=ADVANCED_FACE('',(#2095),#2088,.T.);
#2103=EDGE_CURVE('',#984,#988,#762,.T.);
#2105=EDGE_CURVE('',#984,#977,#767,.T.);
#2110=ADVANCED_FACE('',(#2109),#2101,.F.);
#2119=EDGE_CURVE('',#985,#989,#773,.T.);
#2123=ADVANCED_FACE('',(#2122),#2115,.T.);
#2130=EDGE_CURVE('',#996,#992,#777,.T.);
#2132=EDGE_CURVE('',#985,#992,#816,.T.);
#2137=ADVANCED_FACE('',(#2136),#2128,.F.);
#2143=EDGE_CURVE('',#992,#993,#785,.T.);
#2147=EDGE_CURVE('',#993,#997,#781,.T.);
#2151=ADVANCED_FACE('',(#2150),#2142,.T.);
#2158=EDGE_CURVE('',#993,#913,#789,.T.);
#2160=EDGE_CURVE('',#913,#911,#807,.T.);
#2162=EDGE_CURVE('',#911,#992,#820,.T.);
#2166=ADVANCED_FACE('',(#2165),#2156,.F.);
#2172=EDGE_CURVE('',#993,#1001,#793,.T.);
#2175=EDGE_CURVE('',#908,#913,#811,.T.);
#2180=ADVANCED_FACE('',(#2179),#2171,.F.);
#2187=EDGE_CURVE('',#1001,#999,#797,.T.);
#2193=ADVANCED_FACE('',(#2192),#2185,.T.);
#2205=ADVANCED_FACE('',(#2204),#2198,.T.);
#2212=EDGE_CURVE('',#909,#911,#825,.T.);
#2218=ADVANCED_FACE('',(#2217),#2210,.T.);
#2232=ADVANCED_FACE('',(#2231),#2223,.F.);
#2244=ADVANCED_FACE('',(#2243),#2237,.F.);
#2245=CLOSED_SHELL('',(#1117,#1132,#1146,#1160,#1174,#1188,#1202,#1216,#1229,
#1245,#1260,#1274,#1291,#1310,#1326,#1346,#1359,#1373,#1387,#1401,#1418,#1433,
#1449,#1463,#1490,#1513,#1528,#1545,#1561,#1574,#1587,#1600,#1613,#1627,#1641,
#1654,#1666,#1683,#1697,#1711,#1728,#1745,#1764,#1778,#1810,#1824,#1837,#1849,
#1862,#1876,#1889,#1916,#1928,#1942,#1955,#1969,#1982,#1996,#2009,#2022,#2042,
#2059,#2071,#2083,#2096,#2110,#2123,#2137,#2151,#2166,#2180,#2193,#2205,#2218,
#2232,#2244));
#2246=MANIFOLD_SOLID_BREP('',#2245);
#2274=TRIMMED_CURVE('',#2273,(PARAMETER_VALUE(0.E0)),(PARAMETER_VALUE(1.E0)),
.T.,.UNSPECIFIED.);
#2278=COMPOSITE_CURVE_SEGMENT(.CONTINUOUS.,.T.,#2274);
#2283=TRIMMED_CURVE('',#2282,(PARAMETER_VALUE(0.E0)),(PARAMETER_VALUE(1.E0)),
.T.,.UNSPECIFIED.);
#2287=COMPOSITE_CURVE_SEGMENT(.CONTINUOUS.,.T.,#2283);
#2292=TRIMMED_CURVE('',#2291,(PARAMETER_VALUE(0.E0)),(PARAMETER_VALUE(1.E0)),
.T.,.UNSPECIFIED.);
#2296=COMPOSITE_CURVE_SEGMENT(.CONTINUOUS.,.T.,#2292);
#2301=TRIMMED_CURVE('',#2300,(PARAMETER_VALUE(0.E0)),(PARAMETER_VALUE(1.E0)),
.T.,.UNSPECIFIED.);
#2305=COMPOSITE_CURVE_SEGMENT(.CONTINUOUS.,.T.,#2301);
#2310=TRIMMED_CURVE('',#2309,(PARAMETER_VALUE(0.E0)),(PARAMETER_VALUE(1.E0)),
.T.,.UNSPECIFIED.);
#2314=COMPOSITE_CURVE_SEGMENT(.CONTINUOUS.,.T.,#2310);
#2319=TRIMMED_CURVE('',#2318,(PARAMETER_VALUE(0.E0)),(PARAMETER_VALUE(1.E0)),
.T.,.UNSPECIFIED.);
#2323=COMPOSITE_CURVE_SEGMENT(.CONTINUOUS.,.T.,#2319);
#2328=TRIMMED_CURVE('',#2327,(PARAMETER_VALUE(0.E0)),(PARAMETER_VALUE(1.E0)),
.T.,.UNSPECIFIED.);
#2332=COMPOSITE_CURVE_SEGMENT(.CONTINUOUS.,.T.,#2328);
#2337=TRIMMED_CURVE('',#2336,(PARAMETER_VALUE(0.E0)),(PARAMETER_VALUE(1.E0)),
.T.,.UNSPECIFIED.);
#2341=COMPOSITE_CURVE_SEGMENT(.CONTINUOUS.,.T.,#2337);
#2346=TRIMMED_CURVE('',#2345,(PARAMETER_VALUE(0.E0)),(PARAMETER_VALUE(1.E0)),
.T.,.UNSPECIFIED.);
#2350=COMPOSITE_CURVE_SEGMENT(.CONTINUOUS.,.T.,#2346);
#2355=TRIMMED_CURVE('',#2354,(PARAMETER_VALUE(0.E0)),(PARAMETER_VALUE(1.E0)),
.T.,.UNSPECIFIED.);
#2359=COMPOSITE_CURVE_SEGMENT(.CONTINUOUS.,.T.,#2355);
#2364=TRIMMED_CURVE('',#2363,(PARAMETER_VALUE(0.E0)),(PARAMETER_VALUE(1.E0)),
.T.,.UNSPECIFIED.);
#2368=COMPOSITE_CURVE_SEGMENT(.CONTINUOUS.,.T.,#2364);
#2373=TRIMMED_CURVE('',#2372,(PARAMETER_VALUE(0.E0)),(PARAMETER_VALUE(1.E0)),
.T.,.UNSPECIFIED.);
#2377=COMPOSITE_CURVE_SEGMENT(.CONTINUOUS.,.T.,#2373);
#2378=COMPOSITE_CURVE('',(#2278,#2287,#2296,#2305,#2314,#2323,#2332,#2341,#2350,
#2359,#2368,#2377),.F.);
#2384=TRIMMED_CURVE('A_1',#2383,(PARAMETER_VALUE(0.E0)),(PARAMETER_VALUE(1.E0)),
.T.,.UNSPECIFIED.);
#2392=TRIMMED_CURVE('A_2',#2391,(PARAMETER_VALUE(0.E0)),(PARAMETER_VALUE(1.E0)),
.T.,.UNSPECIFIED.);
#2400=TRIMMED_CURVE('',#2399,(PARAMETER_VALUE(0.E0)),(PARAMETER_VALUE(1.E0)),
.T.,.UNSPECIFIED.);
#2404=COMPOSITE_CURVE_SEGMENT(.CONTINUOUS.,.T.,#2400);
#2409=TRIMMED_CURVE('',#2408,(PARAMETER_VALUE(0.E0)),(PARAMETER_VALUE(1.E0)),
.T.,.UNSPECIFIED.);
#2413=COMPOSITE_CURVE_SEGMENT(.CONTINUOUS.,.T.,#2409);
#2418=TRIMMED_CURVE('',#2417,(PARAMETER_VALUE(0.E0)),(PARAMETER_VALUE(1.E0)),
.T.,.UNSPECIFIED.);
#2422=COMPOSITE_CURVE_SEGMENT(.CONTINUOUS.,.T.,#2418);
#2427=TRIMMED_CURVE('',#2426,(PARAMETER_VALUE(0.E0)),(PARAMETER_VALUE(1.E0)),
.T.,.UNSPECIFIED.);
#2431=COMPOSITE_CURVE_SEGMENT(.CONTINUOUS.,.T.,#2427);
#2436=TRIMMED_CURVE('',#2435,(PARAMETER_VALUE(0.E0)),(PARAMETER_VALUE(1.E0)),
.T.,.UNSPECIFIED.);
#2440=COMPOSITE_CURVE_SEGMENT(.CONTINUOUS.,.T.,#2436);
#2445=TRIMMED_CURVE('',#2444,(PARAMETER_VALUE(0.E0)),(PARAMETER_VALUE(1.E0)),
.T.,.UNSPECIFIED.);
#2449=COMPOSITE_CURVE_SEGMENT(.CONTINUOUS.,.T.,#2445);
#2450=COMPOSITE_CURVE('',(#2404,#2413,#2422,#2431,#2440,#2449),.F.);
#2455=TRIMMED_CURVE('',#2454,(PARAMETER_VALUE(0.E0)),(PARAMETER_VALUE(1.E0)),
.T.,.UNSPECIFIED.);
#2459=COMPOSITE_CURVE_SEGMENT(.CONTINUOUS.,.T.,#2455);
#2464=TRIMMED_CURVE('',#2463,(PARAMETER_VALUE(0.E0)),(PARAMETER_VALUE(1.E0)),
.T.,.UNSPECIFIED.);
#2468=COMPOSITE_CURVE_SEGMENT(.CONTINUOUS.,.T.,#2464);
#2473=TRIMMED_CURVE('',#2472,(PARAMETER_VALUE(0.E0)),(PARAMETER_VALUE(1.E0)),
.T.,.UNSPECIFIED.);
#2477=COMPOSITE_CURVE_SEGMENT(.CONTINUOUS.,.T.,#2473);
#2482=TRIMMED_CURVE('',#2481,(PARAMETER_VALUE(0.E0)),(PARAMETER_VALUE(1.E0)),
.T.,.UNSPECIFIED.);
#2486=COMPOSITE_CURVE_SEGMENT(.CONTINUOUS.,.T.,#2482);
#2491=TRIMMED_CURVE('',#2490,(PARAMETER_VALUE(0.E0)),(PARAMETER_VALUE(1.E0)),
.T.,.UNSPECIFIED.);
#2495=COMPOSITE_CURVE_SEGMENT(.CONTINUOUS.,.T.,#2491);
#2500=TRIMMED_CURVE('',#2499,(PARAMETER_VALUE(0.E0)),(PARAMETER_VALUE(1.E0)),
.T.,.UNSPECIFIED.);
#2504=COMPOSITE_CURVE_SEGMENT(.CONTINUOUS.,.T.,#2500);
#2505=COMPOSITE_CURVE('',(#2459,#2468,#2477,#2486,#2495,#2504),.F.);
#2510=TRIMMED_CURVE('',#2509,(PARAMETER_VALUE(0.E0)),(PARAMETER_VALUE(1.E0)),
.T.,.UNSPECIFIED.);
#2514=COMPOSITE_CURVE_SEGMENT(.CONTINUOUS.,.T.,#2510);
#2519=TRIMMED_CURVE('',#2518,(PARAMETER_VALUE(0.E0)),(PARAMETER_VALUE(1.E0)),
.T.,.UNSPECIFIED.);
#2523=COMPOSITE_CURVE_SEGMENT(.CONTINUOUS.,.T.,#2519);
#2528=TRIMMED_CURVE('',#2527,(PARAMETER_VALUE(0.E0)),(PARAMETER_VALUE(1.E0)),
.T.,.UNSPECIFIED.);
#2532=COMPOSITE_CURVE_SEGMENT(.CONTINUOUS.,.T.,#2528);
#2537=TRIMMED_CURVE('',#2536,(PARAMETER_VALUE(0.E0)),(PARAMETER_VALUE(1.E0)),
.T.,.UNSPECIFIED.);
#2541=COMPOSITE_CURVE_SEGMENT(.CONTINUOUS.,.T.,#2537);
#2542=COMPOSITE_CURVE('',(#2514,#2523,#2532,#2541),.F.);
#2547=TRIMMED_CURVE('',#2546,(PARAMETER_VALUE(0.E0)),(PARAMETER_VALUE(1.E0)),
.T.,.UNSPECIFIED.);
#2551=COMPOSITE_CURVE_SEGMENT(.CONTINUOUS.,.T.,#2547);
#2556=TRIMMED_CURVE('',#2555,(PARAMETER_VALUE(0.E0)),(PARAMETER_VALUE(1.E0)),
.T.,.UNSPECIFIED.);
#2560=COMPOSITE_CURVE_SEGMENT(.CONTINUOUS.,.T.,#2556);
#2565=TRIMMED_CURVE('',#2564,(PARAMETER_VALUE(0.E0)),(PARAMETER_VALUE(1.E0)),
.T.,.UNSPECIFIED.);
#2569=COMPOSITE_CURVE_SEGMENT(.CONTINUOUS.,.T.,#2565);
#2574=TRIMMED_CURVE('',#2573,(PARAMETER_VALUE(0.E0)),(PARAMETER_VALUE(1.E0)),
.T.,.UNSPECIFIED.);
#2578=COMPOSITE_CURVE_SEGMENT(.CONTINUOUS.,.T.,#2574);
#2579=COMPOSITE_CURVE('',(#2551,#2560,#2569,#2578),.F.);
#2584=TRIMMED_CURVE('',#2583,(PARAMETER_VALUE(0.E0)),(PARAMETER_VALUE(1.E0)),
.T.,.UNSPECIFIED.);
#2588=COMPOSITE_CURVE_SEGMENT(.CONTINUOUS.,.T.,#2584);
#2593=TRIMMED_CURVE('',#2592,(PARAMETER_VALUE(0.E0)),(PARAMETER_VALUE(1.E0)),
.T.,.UNSPECIFIED.);
#2597=COMPOSITE_CURVE_SEGMENT(.CONTINUOUS.,.T.,#2593);
#2602=TRIMMED_CURVE('',#2601,(PARAMETER_VALUE(0.E0)),(PARAMETER_VALUE(1.E0)),
.T.,.UNSPECIFIED.);
#2606=COMPOSITE_CURVE_SEGMENT(.CONTINUOUS.,.T.,#2602);
#2611=TRIMMED_CURVE('',#2610,(PARAMETER_VALUE(0.E0)),(PARAMETER_VALUE(1.E0)),
.T.,.UNSPECIFIED.);
#2615=COMPOSITE_CURVE_SEGMENT(.CONTINUOUS.,.T.,#2611);
#2620=TRIMMED_CURVE('',#2619,(PARAMETER_VALUE(0.E0)),(PARAMETER_VALUE(1.E0)),
.T.,.UNSPECIFIED.);
#2624=COMPOSITE_CURVE_SEGMENT(.CONTINUOUS.,.T.,#2620);
#2629=TRIMMED_CURVE('',#2628,(PARAMETER_VALUE(0.E0)),(PARAMETER_VALUE(1.E0)),
.T.,.UNSPECIFIED.);
#2633=COMPOSITE_CURVE_SEGMENT(.CONTINUOUS.,.T.,#2629);
#2638=TRIMMED_CURVE('',#2637,(PARAMETER_VALUE(0.E0)),(PARAMETER_VALUE(1.E0)),
.T.,.UNSPECIFIED.);
#2642=COMPOSITE_CURVE_SEGMENT(.CONTINUOUS.,.T.,#2638);
#2647=TRIMMED_CURVE('',#2646,(PARAMETER_VALUE(0.E0)),(PARAMETER_VALUE(1.E0)),
.T.,.UNSPECIFIED.);
#2651=COMPOSITE_CURVE_SEGMENT(.CONTINUOUS.,.T.,#2647);
#2656=TRIMMED_CURVE('',#2655,(PARAMETER_VALUE(0.E0)),(PARAMETER_VALUE(1.E0)),
.T.,.UNSPECIFIED.);
#2660=COMPOSITE_CURVE_SEGMENT(.CONTINUOUS.,.T.,#2656);
#2661=COMPOSITE_CURVE('',(#2588,#2597,#2606,#2615,#2624,#2633,#2642,#2651,
#2660),.F.);
#2666=TRIMMED_CURVE('',#2665,(PARAMETER_VALUE(0.E0)),(PARAMETER_VALUE(1.E0)),
.T.,.UNSPECIFIED.);
#2670=COMPOSITE_CURVE_SEGMENT(.CONTINUOUS.,.T.,#2666);
#2675=TRIMMED_CURVE('',#2674,(PARAMETER_VALUE(0.E0)),(PARAMETER_VALUE(1.E0)),
.T.,.UNSPECIFIED.);
#2679=COMPOSITE_CURVE_SEGMENT(.CONTINUOUS.,.T.,#2675);
#2684=TRIMMED_CURVE('',#2683,(PARAMETER_VALUE(0.E0)),(PARAMETER_VALUE(1.E0)),
.T.,.UNSPECIFIED.);
#2688=COMPOSITE_CURVE_SEGMENT(.CONTINUOUS.,.T.,#2684);
#2693=TRIMMED_CURVE('',#2692,(PARAMETER_VALUE(0.E0)),(PARAMETER_VALUE(1.E0)),
.T.,.UNSPECIFIED.);
#2697=COMPOSITE_CURVE_SEGMENT(.CONTINUOUS.,.T.,#2693);
#2702=TRIMMED_CURVE('',#2701,(PARAMETER_VALUE(0.E0)),(PARAMETER_VALUE(1.E0)),
.T.,.UNSPECIFIED.);
#2706=COMPOSITE_CURVE_SEGMENT(.CONTINUOUS.,.T.,#2702);
#2711=TRIMMED_CURVE('',#2710,(PARAMETER_VALUE(0.E0)),(PARAMETER_VALUE(1.E0)),
.T.,.UNSPECIFIED.);
#2715=COMPOSITE_CURVE_SEGMENT(.CONTINUOUS.,.T.,#2711);
#2720=TRIMMED_CURVE('',#2719,(PARAMETER_VALUE(0.E0)),(PARAMETER_VALUE(1.E0)),
.T.,.UNSPECIFIED.);
#2724=COMPOSITE_CURVE_SEGMENT(.CONTINUOUS.,.T.,#2720);
#2729=TRIMMED_CURVE('',#2728,(PARAMETER_VALUE(0.E0)),(PARAMETER_VALUE(1.E0)),
.T.,.UNSPECIFIED.);
#2733=COMPOSITE_CURVE_SEGMENT(.CONTINUOUS.,.T.,#2729);
#2738=TRIMMED_CURVE('',#2737,(PARAMETER_VALUE(0.E0)),(PARAMETER_VALUE(1.E0)),
.T.,.UNSPECIFIED.);
#2742=COMPOSITE_CURVE_SEGMENT(.CONTINUOUS.,.T.,#2738);
#2747=TRIMMED_CURVE('',#2746,(PARAMETER_VALUE(0.E0)),(PARAMETER_VALUE(1.E0)),
.T.,.UNSPECIFIED.);
#2751=COMPOSITE_CURVE_SEGMENT(.CONTINUOUS.,.T.,#2747);
#2756=TRIMMED_CURVE('',#2755,(PARAMETER_VALUE(0.E0)),(PARAMETER_VALUE(1.E0)),
.T.,.UNSPECIFIED.);
#2760=COMPOSITE_CURVE_SEGMENT(.CONTINUOUS.,.T.,#2756);
#2765=TRIMMED_CURVE('',#2764,(PARAMETER_VALUE(0.E0)),(PARAMETER_VALUE(1.E0)),
.T.,.UNSPECIFIED.);
#2769=COMPOSITE_CURVE_SEGMENT(.CONTINUOUS.,.T.,#2765);
#2770=COMPOSITE_CURVE('',(#2670,#2679,#2688,#2697,#2706,#2715,#2724,#2733,#2742,
#2751,#2760,#2769),.F.);
#2775=TRIMMED_CURVE('',#2774,(PARAMETER_VALUE(0.E0)),(PARAMETER_VALUE(1.E0)),
.T.,.UNSPECIFIED.);
#2779=COMPOSITE_CURVE_SEGMENT(.CONTINUOUS.,.T.,#2775);
#2784=TRIMMED_CURVE('',#2783,(PARAMETER_VALUE(0.E0)),(PARAMETER_VALUE(1.E0)),
.T.,.UNSPECIFIED.);
#2788=COMPOSITE_CURVE_SEGMENT(.CONTINUOUS.,.T.,#2784);
#2793=TRIMMED_CURVE('',#2792,(PARAMETER_VALUE(0.E0)),(PARAMETER_VALUE(1.E0)),
.T.,.UNSPECIFIED.);
#2797=COMPOSITE_CURVE_SEGMENT(.CONTINUOUS.,.T.,#2793);
#2802=TRIMMED_CURVE('',#2801,(PARAMETER_VALUE(0.E0)),(PARAMETER_VALUE(1.E0)),
.T.,.UNSPECIFIED.);
#2806=COMPOSITE_CURVE_SEGMENT(.CONTINUOUS.,.T.,#2802);
#2807=COMPOSITE_CURVE('',(#2779,#2788,#2797,#2806),.F.);
#2812=TRIMMED_CURVE('A_3',#2811,(PARAMETER_VALUE(0.E0)),(PARAMETER_VALUE(1.E0)),
.T.,.UNSPECIFIED.);
#2820=TRIMMED_CURVE('',#2819,(PARAMETER_VALUE(0.E0)),(PARAMETER_VALUE(1.E0)),
.T.,.UNSPECIFIED.);
#2824=COMPOSITE_CURVE_SEGMENT(.CONTINUOUS.,.T.,#2820);
#2829=TRIMMED_CURVE('',#2828,(PARAMETER_VALUE(0.E0)),(PARAMETER_VALUE(1.E0)),
.T.,.UNSPECIFIED.);
#2833=COMPOSITE_CURVE_SEGMENT(.CONTINUOUS.,.T.,#2829);
#2838=TRIMMED_CURVE('',#2837,(PARAMETER_VALUE(0.E0)),(PARAMETER_VALUE(1.E0)),
.T.,.UNSPECIFIED.);
#2842=COMPOSITE_CURVE_SEGMENT(.CONTINUOUS.,.T.,#2838);
#2847=TRIMMED_CURVE('',#2846,(PARAMETER_VALUE(0.E0)),(PARAMETER_VALUE(1.E0)),
.T.,.UNSPECIFIED.);
#2851=COMPOSITE_CURVE_SEGMENT(.CONTINUOUS.,.T.,#2847);
#2852=COMPOSITE_CURVE('',(#2824,#2833,#2842,#2851),.F.);
#2862=TRIMMED_CURVE('',#2861,(PARAMETER_VALUE(0.E0)),(PARAMETER_VALUE(1.E0)),
.T.,.UNSPECIFIED.);
#2866=COMPOSITE_CURVE_SEGMENT(.CONTINUOUS.,.T.,#2862);
#2871=TRIMMED_CURVE('',#2870,(PARAMETER_VALUE(0.E0)),(PARAMETER_VALUE(1.E0)),
.T.,.UNSPECIFIED.);
#2875=COMPOSITE_CURVE_SEGMENT(.CONTINUOUS.,.T.,#2871);
#2880=TRIMMED_CURVE('',#2879,(PARAMETER_VALUE(0.E0)),(PARAMETER_VALUE(1.E0)),
.T.,.UNSPECIFIED.);
#2884=COMPOSITE_CURVE_SEGMENT(.CONTINUOUS.,.T.,#2880);
#2889=TRIMMED_CURVE('',#2888,(PARAMETER_VALUE(0.E0)),(PARAMETER_VALUE(1.E0)),
.T.,.UNSPECIFIED.);
#2893=COMPOSITE_CURVE_SEGMENT(.CONTINUOUS.,.T.,#2889);
#2898=TRIMMED_CURVE('',#2897,(PARAMETER_VALUE(0.E0)),(PARAMETER_VALUE(1.E0)),
.T.,.UNSPECIFIED.);
#2902=COMPOSITE_CURVE_SEGMENT(.CONTINUOUS.,.T.,#2898);
#2907=TRIMMED_CURVE('',#2906,(PARAMETER_VALUE(0.E0)),(PARAMETER_VALUE(1.E0)),
.T.,.UNSPECIFIED.);
#2911=COMPOSITE_CURVE_SEGMENT(.CONTINUOUS.,.T.,#2907);
#2916=TRIMMED_CURVE('',#2915,(PARAMETER_VALUE(0.E0)),(PARAMETER_VALUE(1.E0)),
.T.,.UNSPECIFIED.);
#2920=COMPOSITE_CURVE_SEGMENT(.CONTINUOUS.,.T.,#2916);
#2925=TRIMMED_CURVE('',#2924,(PARAMETER_VALUE(0.E0)),(PARAMETER_VALUE(1.E0)),
.T.,.UNSPECIFIED.);
#2929=COMPOSITE_CURVE_SEGMENT(.CONTINUOUS.,.T.,#2925);
#2930=COMPOSITE_CURVE('',(#2866,#2875,#2884,#2893,#2902,#2911,#2920,#2929),.F.);
#2935=CIRCLE('',#2934,8.E0);
#2936=TRIMMED_CURVE('',#2935,(PARAMETER_VALUE(0.E0)),(PARAMETER_VALUE(1.8E2)),
.T.,.UNSPECIFIED.);
#2940=COMPOSITE_CURVE_SEGMENT(.CONTINUOUS.,.T.,#2936);
#2945=TRIMMED_CURVE('',#2944,(PARAMETER_VALUE(0.E0)),(PARAMETER_VALUE(1.E0)),
.T.,.UNSPECIFIED.);
#2949=COMPOSITE_CURVE_SEGMENT(.CONTINUOUS.,.T.,#2945);
#2950=COMPOSITE_CURVE('',(#2940,#2949),.F.);
#2955=CIRCLE('',#2954,8.E0);
#2956=TRIMMED_CURVE('',#2955,(PARAMETER_VALUE(0.E0)),(PARAMETER_VALUE(1.8E2)),
.T.,.UNSPECIFIED.);
#2960=COMPOSITE_CURVE_SEGMENT(.CONTINUOUS.,.T.,#2956);
#2965=TRIMMED_CURVE('',#2964,(PARAMETER_VALUE(0.E0)),(PARAMETER_VALUE(1.E0)),
.T.,.UNSPECIFIED.);
#2969=COMPOSITE_CURVE_SEGMENT(.CONTINUOUS.,.T.,#2965);
#2970=COMPOSITE_CURVE('',(#2960,#2969),.F.);
#2975=CIRCLE('',#2974,8.E0);
#2976=TRIMMED_CURVE('',#2975,(PARAMETER_VALUE(0.E0)),(PARAMETER_VALUE(
1.656384884371E2)),.T.,.UNSPECIFIED.);
#2980=COMPOSITE_CURVE_SEGMENT(.CONTINUOUS.,.T.,#2976);
#2985=TRIMMED_CURVE('',#2984,(PARAMETER_VALUE(0.E0)),(PARAMETER_VALUE(1.E0)),
.T.,.UNSPECIFIED.);
#2989=COMPOSITE_CURVE_SEGMENT(.CONTINUOUS.,.T.,#2985);
#2990=COMPOSITE_CURVE('',(#2980,#2989),.F.);
#2995=CIRCLE('',#2994,8.5E0);
#2996=TRIMMED_CURVE('',#2995,(PARAMETER_VALUE(0.E0)),(PARAMETER_VALUE(1.8E2)),
.T.,.UNSPECIFIED.);
#3000=COMPOSITE_CURVE_SEGMENT(.CONTINUOUS.,.T.,#2996);
#3005=TRIMMED_CURVE('',#3004,(PARAMETER_VALUE(0.E0)),(PARAMETER_VALUE(1.E0)),
.T.,.UNSPECIFIED.);
#3009=COMPOSITE_CURVE_SEGMENT(.CONTINUOUS.,.T.,#3005);
#3010=COMPOSITE_CURVE('',(#3000,#3009),.F.);
#3015=CIRCLE('',#3014,8.5E0);
#3016=TRIMMED_CURVE('',#3015,(PARAMETER_VALUE(0.E0)),(PARAMETER_VALUE(1.8E2)),
.T.,.UNSPECIFIED.);
#3020=COMPOSITE_CURVE_SEGMENT(.CONTINUOUS.,.T.,#3016);
#3025=TRIMMED_CURVE('',#3024,(PARAMETER_VALUE(0.E0)),(PARAMETER_VALUE(1.E0)),
.T.,.UNSPECIFIED.);
#3029=COMPOSITE_CURVE_SEGMENT(.CONTINUOUS.,.T.,#3025);
#3030=COMPOSITE_CURVE('',(#3020,#3029),.F.);
#3035=TRIMMED_CURVE('A_4',#3034,(PARAMETER_VALUE(0.E0)),(PARAMETER_VALUE(1.E0)),
.T.,.UNSPECIFIED.);
#3043=CIRCLE('',#3042,8.5E0);
#3044=TRIMMED_CURVE('',#3043,(PARAMETER_VALUE(9.E1)),(PARAMETER_VALUE(0.E0)),
.F.,.UNSPECIFIED.);
#3048=COMPOSITE_CURVE_SEGMENT(.CONTINUOUS.,.T.,#3044);
#3053=TRIMMED_CURVE('',#3052,(PARAMETER_VALUE(0.E0)),(PARAMETER_VALUE(1.E0)),
.T.,.UNSPECIFIED.);
#3057=COMPOSITE_CURVE_SEGMENT(.CONTINUOUS.,.T.,#3053);
#3062=TRIMMED_CURVE('',#3061,(PARAMETER_VALUE(0.E0)),(PARAMETER_VALUE(1.E0)),
.T.,.UNSPECIFIED.);
#3066=COMPOSITE_CURVE_SEGMENT(.CONTINUOUS.,.T.,#3062);
#3071=TRIMMED_CURVE('',#3070,(PARAMETER_VALUE(0.E0)),(PARAMETER_VALUE(1.E0)),
.T.,.UNSPECIFIED.);
#3075=COMPOSITE_CURVE_SEGMENT(.CONTINUOUS.,.T.,#3071);
#3076=COMPOSITE_CURVE('',(#3048,#3057,#3066,#3075),.F.);
#3081=CIRCLE('',#3080,8.E0);
#3082=TRIMMED_CURVE('',#3081,(PARAMETER_VALUE(0.E0)),(PARAMETER_VALUE(
1.656384884371E2)),.T.,.UNSPECIFIED.);
#3086=COMPOSITE_CURVE_SEGMENT(.CONTINUOUS.,.T.,#3082);
#3091=TRIMMED_CURVE('',#3090,(PARAMETER_VALUE(0.E0)),(PARAMETER_VALUE(1.E0)),
.T.,.UNSPECIFIED.);
#3095=COMPOSITE_CURVE_SEGMENT(.CONTINUOUS.,.T.,#3091);
#3096=COMPOSITE_CURVE('',(#3086,#3095),.F.);
#3127=(LENGTH_UNIT()NAMED_UNIT(*)SI_UNIT(.MILLI.,.METRE.));
#3130=(NAMED_UNIT(*)PLANE_ANGLE_UNIT()SI_UNIT($,.RADIAN.));
#3133=(NAMED_UNIT(*)SI_UNIT($,.STERADIAN.)SOLID_ANGLE_UNIT());
#3135=(GEOMETRIC_REPRESENTATION_CONTEXT(3)GLOBAL_UNCERTAINTY_ASSIGNED_CONTEXT((
#3134))GLOBAL_UNIT_ASSIGNED_CONTEXT((#3129,#3132,#3133))REPRESENTATION_CONTEXT(
'ID1','3'));
#3136=ADVANCED_BREP_SHAPE_REPRESENTATION('',(#2246),#3135);
#3137=GEOMETRICALLY_BOUNDED_WIREFRAME_SHAPE_REPRESENTATION('',(#2379),#3135);
#3138=CONSTRUCTIVE_GEOMETRY_REPRESENTATION('supplemental geometry',(#2251,#2256,
#2261,#2265,#2384,#2392,#2812,#2857,#3035,#3101,#3106,#3111,#3115),#3135);
#3142=AXIS2_PLACEMENT_3D('',#3139,#3140,#3141);
#3143=SHAPE_REPRESENTATION('',(#3142),#3135);
#3154=PRODUCT_DEFINITION('part definition','',#3153,#3150);
#3155=PRODUCT_DEFINITION_SHAPE('','SHAPE FOR AUFNAHME.',#3154);
#3156=SHAPE_ASPECT('','solid data associated with AUFNAHME',#3155,.F.);
#3157=PROPERTY_DEFINITION('',
'shape for solid data with which properties are associated',#3156);
#3158=SHAPE_REPRESENTATION('',(#2246),#3135);
#3159=SHAPE_DEFINITION_REPRESENTATION(#3157,#3158);
#3160=(LENGTH_UNIT()NAMED_UNIT(*)SI_UNIT(.MILLI.,.METRE.));
#3166=PROPERTY_DEFINITION('geometric validation property','area of AUFNAHME',
#3156);
#3167=REPRESENTATION('surface area',(#3165),#3135);
#3168=PROPERTY_DEFINITION_REPRESENTATION(#3166,#3167);
#3169=(LENGTH_UNIT()NAMED_UNIT(*)SI_UNIT(.MILLI.,.METRE.));
#3175=PROPERTY_DEFINITION('geometric validation property','volume of AUFNAHME',
#3156);
#3176=REPRESENTATION('volume',(#3174),#3135);
#3177=PROPERTY_DEFINITION_REPRESENTATION(#3175,#3176);
#3179=PROPERTY_DEFINITION('geometric validation property',
'centroid of AUFNAHME',#3156);
#3180=REPRESENTATION('centroid',(#3178),#3135);
#3181=PROPERTY_DEFINITION_REPRESENTATION(#3179,#3180);
#3182=(LENGTH_UNIT()NAMED_UNIT(*)SI_UNIT(.MILLI.,.METRE.));
#3188=PROPERTY_DEFINITION('geometric validation property','area of AUFNAHME',
#3155);
#3189=REPRESENTATION('surface area',(#3187),#3135);
#3190=PROPERTY_DEFINITION_REPRESENTATION(#3188,#3189);
#3191=(LENGTH_UNIT()NAMED_UNIT(*)SI_UNIT(.MILLI.,.METRE.));
#3197=PROPERTY_DEFINITION('geometric validation property','volume of AUFNAHME',
#3155);
#3198=REPRESENTATION('volume',(#3196),#3135);
#3199=PROPERTY_DEFINITION_REPRESENTATION(#3197,#3198);
#3201=PROPERTY_DEFINITION('geometric validation property',
'centroid of AUFNAHME',#3155);
#3202=REPRESENTATION('centroid',(#3200),#3135);
#3203=PROPERTY_DEFINITION_REPRESENTATION(#3201,#3202);
#3204=SHAPE_DEFINITION_REPRESENTATION(#3155,#3143);
ENDSEC;
END-ISO-10303-21;
