ISO-10303-21;
HEADER;
FILE_DESCRIPTION(('CATIA V5 STEP Exchange'),'2;1');

FILE_NAME('C:\\Users\\Fabian\\Desktop\\Fabi\\Studium\\4. Semester MA\\Masterarbeit\\Bauteile\\Greifer_Standart_V5.stp','2020-11-11T10:06:43+00:00',('none'),('none'),'CATIA Version 5 Release 20 GA (IN-10)','CATIA V5 STEP AP203','none');

FILE_SCHEMA(('CONFIG_CONTROL_DESIGN'));

ENDSEC;
/* file written by CATIA V5R20 */
DATA;
#5=PRODUCT('Part8','','',(#2)) ;
#1=APPLICATION_CONTEXT('configuration controlled 3D design of mechanical parts and assemblies') ;
#14=PRODUCT_DEFINITION('',' ',#6,#3) ;
#16=SECURITY_CLASSIFICATION(' ',' ',#15) ;
#15=SECURITY_CLASSIFICATION_LEVEL('unclassified') ;
#47=CARTESIAN_POINT(' ',(0.,0.,0.)) ;
#51=CARTESIAN_POINT('Punkt.3',(0.,0.,0.)) ;
#56=CARTESIAN_POINT('Axis2P3D Location',(126.,-8.8,5.31162247654)) ;
#61=CARTESIAN_POINT('Line Origine',(121.,-8.8,5.31162247654)) ;
#65=CARTESIAN_POINT('Vertex',(126.,-8.8,5.31162247654)) ;
#67=CARTESIAN_POINT('Vertex',(116.,-8.8,5.31162247654)) ;
#70=CARTESIAN_POINT('Line Origine',(126.,-13.4,7.96743371482)) ;
#74=CARTESIAN_POINT('Vertex',(126.,-18.,10.6232449531)) ;
#77=CARTESIAN_POINT('Line Origine',(121.,-18.,10.6232449531)) ;
#81=CARTESIAN_POINT('Vertex',(116.,-18.,10.6232449531)) ;
#84=CARTESIAN_POINT('Line Origine',(116.,-13.4,7.96743371482)) ;
#96=CARTESIAN_POINT('Axis2P3D Location',(126.,-8.8,-5.31162247654)) ;
#101=CARTESIAN_POINT('Line Origine',(121.,-8.8,-5.31162247654)) ;
#105=CARTESIAN_POINT('Vertex',(126.,-8.8,-5.31162247654)) ;
#107=CARTESIAN_POINT('Vertex',(116.,-8.8,-5.31162247654)) ;
#110=CARTESIAN_POINT('Line Origine',(126.,-8.8,2.6645352591E-015)) ;
#115=CARTESIAN_POINT('Line Origine',(116.,-8.8,2.6645352591E-015)) ;
#127=CARTESIAN_POINT('Axis2P3D Location',(126.,-18.,-10.6232449531)) ;
#132=CARTESIAN_POINT('Line Origine',(121.,-18.,-10.6232449531)) ;
#136=CARTESIAN_POINT('Vertex',(126.,-18.,-10.6232449531)) ;
#138=CARTESIAN_POINT('Vertex',(116.,-18.,-10.6232449531)) ;
#141=CARTESIAN_POINT('Line Origine',(126.,-13.4,-7.96743371482)) ;
#146=CARTESIAN_POINT('Line Origine',(116.,-13.4,-7.96743371482)) ;
#158=CARTESIAN_POINT('Axis2P3D Location',(126.,-27.2,-5.31162247654)) ;
#163=CARTESIAN_POINT('Line Origine',(121.,-27.2,-5.31162247654)) ;
#167=CARTESIAN_POINT('Vertex',(126.,-27.2,-5.31162247654)) ;
#169=CARTESIAN_POINT('Vertex',(116.,-27.2,-5.31162247654)) ;
#172=CARTESIAN_POINT('Line Origine',(126.,-22.6,-7.96743371482)) ;
#177=CARTESIAN_POINT('Line Origine',(116.,-22.6,-7.96743371482)) ;
#189=CARTESIAN_POINT('Axis2P3D Location',(126.,-27.2,5.31162247654)) ;
#194=CARTESIAN_POINT('Line Origine',(121.,-27.2,5.31162247654)) ;
#198=CARTESIAN_POINT('Vertex',(126.,-27.2,5.31162247654)) ;
#200=CARTESIAN_POINT('Vertex',(116.,-27.2,5.31162247654)) ;
#203=CARTESIAN_POINT('Line Origine',(126.,-27.2,1.7763568394E-015)) ;
#208=CARTESIAN_POINT('Line Origine',(116.,-27.2,1.7763568394E-015)) ;
#220=CARTESIAN_POINT('Axis2P3D Location',(126.,-18.,10.6232449531)) ;
#225=CARTESIAN_POINT('Line Origine',(126.,-22.6,7.96743371482)) ;
#230=CARTESIAN_POINT('Line Origine',(116.,-22.6,7.96743371482)) ;
#242=CARTESIAN_POINT('Axis2P3D Location',(126.,8.8,-5.31162247654)) ;
#247=CARTESIAN_POINT('Line Origine',(121.,8.8,-5.31162247654)) ;
#251=CARTESIAN_POINT('Vertex',(126.,8.8,-5.31162247654)) ;
#253=CARTESIAN_POINT('Vertex',(116.,8.8,-5.31162247654)) ;
#256=CARTESIAN_POINT('Line Origine',(126.,13.4,-7.96743371482)) ;
#260=CARTESIAN_POINT('Vertex',(126.,18.,-10.6232449531)) ;
#263=CARTESIAN_POINT('Line Origine',(121.,18.,-10.6232449531)) ;
#267=CARTESIAN_POINT('Vertex',(116.,18.,-10.6232449531)) ;
#270=CARTESIAN_POINT('Line Origine',(116.,13.4,-7.96743371482)) ;
#282=CARTESIAN_POINT('Axis2P3D Location',(126.,8.8,5.31162247654)) ;
#287=CARTESIAN_POINT('Line Origine',(121.,8.8,5.31162247654)) ;
#291=CARTESIAN_POINT('Vertex',(126.,8.8,5.31162247654)) ;
#293=CARTESIAN_POINT('Vertex',(116.,8.8,5.31162247654)) ;
#296=CARTESIAN_POINT('Line Origine',(126.,8.8,1.7763568394E-015)) ;
#301=CARTESIAN_POINT('Line Origine',(116.,8.8,1.7763568394E-015)) ;
#313=CARTESIAN_POINT('Axis2P3D Location',(126.,18.,10.6232449531)) ;
#318=CARTESIAN_POINT('Line Origine',(121.,18.,10.6232449531)) ;
#322=CARTESIAN_POINT('Vertex',(126.,18.,10.6232449531)) ;
#324=CARTESIAN_POINT('Vertex',(116.,18.,10.6232449531)) ;
#327=CARTESIAN_POINT('Line Origine',(126.,13.4,7.96743371482)) ;
#332=CARTESIAN_POINT('Line Origine',(116.,13.4,7.96743371482)) ;
#344=CARTESIAN_POINT('Axis2P3D Location',(126.,27.2,5.31162247654)) ;
#349=CARTESIAN_POINT('Line Origine',(121.,27.2,5.31162247654)) ;
#353=CARTESIAN_POINT('Vertex',(126.,27.2,5.31162247654)) ;
#355=CARTESIAN_POINT('Vertex',(116.,27.2,5.31162247654)) ;
#358=CARTESIAN_POINT('Line Origine',(126.,22.6,7.96743371482)) ;
#363=CARTESIAN_POINT('Line Origine',(116.,22.6,7.96743371482)) ;
#375=CARTESIAN_POINT('Axis2P3D Location',(126.,27.2,-5.31162247654)) ;
#380=CARTESIAN_POINT('Line Origine',(121.,27.2,-5.31162247654)) ;
#384=CARTESIAN_POINT('Vertex',(126.,27.2,-5.31162247654)) ;
#386=CARTESIAN_POINT('Vertex',(116.,27.2,-5.31162247654)) ;
#389=CARTESIAN_POINT('Line Origine',(126.,27.2,8.881784197E-016)) ;
#394=CARTESIAN_POINT('Line Origine',(116.,27.2,8.881784197E-016)) ;
#406=CARTESIAN_POINT('Axis2P3D Location',(126.,18.,-10.6232449531)) ;
#411=CARTESIAN_POINT('Line Origine',(126.,22.6,-7.96743371482)) ;
#416=CARTESIAN_POINT('Line Origine',(116.,22.6,-7.96743371482)) ;
#428=CARTESIAN_POINT('Axis2P3D Location',(15.5,-3.5527136788E-015,3.5527136788E-015)) ;
#433=CARTESIAN_POINT('Axis2P3D Location',(15.5,32.5,-1.85962356625E-015)) ;
#437=CARTESIAN_POINT('Vertex',(17.,32.5,2.08166817117E-015)) ;
#439=CARTESIAN_POINT('Vertex',(15.5,34.,-8.32732320599E-015)) ;
#442=CARTESIAN_POINT('Axis2P3D Location',(15.5,-3.5527136788E-015,3.5527136788E-015)) ;
#446=CARTESIAN_POINT('Vertex',(15.5,-34.,4.163661603E-015)) ;
#449=CARTESIAN_POINT('Axis2P3D Location',(15.5,-32.5,-7.27196081129E-015)) ;
#453=CARTESIAN_POINT('Vertex',(17.,-32.5,-3.5527136788E-015)) ;
#456=CARTESIAN_POINT('Axis2P3D Location',(17.,-3.5527136788E-015,3.5527136788E-015)) ;
#468=CARTESIAN_POINT('Axis2P3D Location',(15.5,3.5527136788E-015,-1.06581410364E-014)) ;
#473=CARTESIAN_POINT('Axis2P3D Location',(15.5,3.5527136788E-015,-1.06581410364E-014)) ;
#478=CARTESIAN_POINT('Axis2P3D Location',(17.,3.5527136788E-015,-1.06581410364E-014)) ;
#490=CARTESIAN_POINT('Axis2P3D Location',(16.25,17.6776695297,17.6776695297)) ;
#495=CARTESIAN_POINT('Line Origine',(16.25,11.6776695297,17.6776695297)) ;
#499=CARTESIAN_POINT('Vertex',(17.,11.6776695297,17.6776695297)) ;
#501=CARTESIAN_POINT('Vertex',(15.5,11.6776695297,17.6776695297)) ;
#504=CARTESIAN_POINT('Axis2P3D Location',(17.,17.6776695297,17.6776695297)) ;
#508=CARTESIAN_POINT('Vertex',(17.,23.6776695297,17.6776695297)) ;
#511=CARTESIAN_POINT('Line Origine',(16.25,23.6776695297,17.6776695297)) ;
#515=CARTESIAN_POINT('Vertex',(15.5,23.6776695297,17.6776695297)) ;
#518=CARTESIAN_POINT('Axis2P3D Location',(15.5,17.6776695297,17.6776695297)) ;
#530=CARTESIAN_POINT('Axis2P3D Location',(17.,17.6776695297,17.6776695297)) ;
#535=CARTESIAN_POINT('Axis2P3D Location',(15.5,17.6776695297,17.6776695297)) ;
#547=CARTESIAN_POINT('Axis2P3D Location',(16.25,-17.6776695297,-17.6776695297)) ;
#552=CARTESIAN_POINT('Line Origine',(16.25,-23.6776695297,-17.6776695297)) ;
#556=CARTESIAN_POINT('Vertex',(17.,-23.6776695297,-17.6776695297)) ;
#558=CARTESIAN_POINT('Vertex',(15.5,-23.6776695297,-17.6776695297)) ;
#561=CARTESIAN_POINT('Axis2P3D Location',(17.,-17.6776695297,-17.6776695297)) ;
#565=CARTESIAN_POINT('Vertex',(17.,-11.6776695297,-17.6776695297)) ;
#568=CARTESIAN_POINT('Line Origine',(16.25,-11.6776695297,-17.6776695297)) ;
#572=CARTESIAN_POINT('Vertex',(15.5,-11.6776695297,-17.6776695297)) ;
#575=CARTESIAN_POINT('Axis2P3D Location',(15.5,-17.6776695297,-17.6776695297)) ;
#587=CARTESIAN_POINT('Axis2P3D Location',(17.,-17.6776695297,-17.6776695297)) ;
#592=CARTESIAN_POINT('Axis2P3D Location',(15.5,-17.6776695297,-17.6776695297)) ;
#604=CARTESIAN_POINT('Axis2P3D Location',(16.25,-17.6776695297,17.6776695297)) ;
#609=CARTESIAN_POINT('Line Origine',(16.25,-17.6776695297,11.6776695297)) ;
#613=CARTESIAN_POINT('Vertex',(17.,-17.6776695297,11.6776695297)) ;
#615=CARTESIAN_POINT('Vertex',(15.5,-17.6776695297,11.6776695297)) ;
#618=CARTESIAN_POINT('Axis2P3D Location',(17.,-17.6776695297,17.6776695297)) ;
#622=CARTESIAN_POINT('Vertex',(17.,-17.6776695297,23.6776695297)) ;
#625=CARTESIAN_POINT('Line Origine',(16.25,-17.6776695297,23.6776695297)) ;
#629=CARTESIAN_POINT('Vertex',(15.5,-17.6776695297,23.6776695297)) ;
#632=CARTESIAN_POINT('Axis2P3D Location',(15.5,-17.6776695297,17.6776695297)) ;
#644=CARTESIAN_POINT('Axis2P3D Location',(17.,-17.6776695297,17.6776695297)) ;
#649=CARTESIAN_POINT('Axis2P3D Location',(15.5,-17.6776695297,17.6776695297)) ;
#661=CARTESIAN_POINT('Axis2P3D Location',(16.25,17.6776695297,-17.6776695297)) ;
#666=CARTESIAN_POINT('Line Origine',(16.25,17.6776695297,-23.6776695297)) ;
#670=CARTESIAN_POINT('Vertex',(17.,17.6776695297,-23.6776695297)) ;
#672=CARTESIAN_POINT('Vertex',(15.5,17.6776695297,-23.6776695297)) ;
#675=CARTESIAN_POINT('Axis2P3D Location',(17.,17.6776695297,-17.6776695297)) ;
#679=CARTESIAN_POINT('Vertex',(17.,17.6776695297,-11.6776695297)) ;
#682=CARTESIAN_POINT('Line Origine',(16.25,17.6776695297,-11.6776695297)) ;
#686=CARTESIAN_POINT('Vertex',(15.5,17.6776695297,-11.6776695297)) ;
#689=CARTESIAN_POINT('Axis2P3D Location',(15.5,17.6776695297,-17.6776695297)) ;
#701=CARTESIAN_POINT('Axis2P3D Location',(17.,17.6776695297,-17.6776695297)) ;
#706=CARTESIAN_POINT('Axis2P3D Location',(15.5,17.6776695297,-17.6776695297)) ;
#718=CARTESIAN_POINT('Axis2P3D Location',(116.,0.,0.)) ;
#731=CARTESIAN_POINT('Axis2P3D Location',(116.,-18.,-8.881784197E-016)) ;
#735=CARTESIAN_POINT('Vertex',(116.,-10.5,0.)) ;
#737=CARTESIAN_POINT('Vertex',(116.,-25.5,4.24912383924E-015)) ;
#740=CARTESIAN_POINT('Axis2P3D Location',(116.,-18.,-4.4408920985E-016)) ;
#758=CARTESIAN_POINT('Axis2P3D Location',(116.,18.,-8.881784197E-016)) ;
#762=CARTESIAN_POINT('Vertex',(116.,25.5,0.)) ;
#764=CARTESIAN_POINT('Vertex',(116.,10.5,4.24912383924E-015)) ;
#767=CARTESIAN_POINT('Axis2P3D Location',(116.,18.,-4.4408920985E-016)) ;
#777=CARTESIAN_POINT('Axis2P3D Location',(8.5,0.,0.)) ;
#782=CARTESIAN_POINT('Line Origine',(8.5,-34.,4.163661603E-015)) ;
#786=CARTESIAN_POINT('Vertex',(1.5,-34.,4.163661603E-015)) ;
#789=CARTESIAN_POINT('Line Origine',(8.5,34.,0.)) ;
#793=CARTESIAN_POINT('Vertex',(1.5,34.,-8.32732320599E-015)) ;
#796=CARTESIAN_POINT('Axis2P3D Location',(1.5,0.,0.)) ;
#808=CARTESIAN_POINT('Axis2P3D Location',(1.5,0.,0.)) ;
#820=CARTESIAN_POINT('Axis2P3D Location',(15.5,0.,0.)) ;
#829=CARTESIAN_POINT('Axis2P3D Location',(15.5,17.6776695297,17.6776695297)) ;
#833=CARTESIAN_POINT('Vertex',(15.5,14.1776695297,17.6776695297)) ;
#835=CARTESIAN_POINT('Vertex',(15.5,21.1776695297,17.6776695297)) ;
#838=CARTESIAN_POINT('Axis2P3D Location',(15.5,17.6776695297,17.6776695297)) ;
#852=CARTESIAN_POINT('Axis2P3D Location',(15.5,-17.6776695297,-17.6776695297)) ;
#856=CARTESIAN_POINT('Vertex',(15.5,-14.1776695297,-17.6776695297)) ;
#858=CARTESIAN_POINT('Vertex',(15.5,-21.1776695297,-17.6776695297)) ;
#861=CARTESIAN_POINT('Axis2P3D Location',(15.5,-17.6776695297,-17.6776695297)) ;
#875=CARTESIAN_POINT('Axis2P3D Location',(15.5,-17.6776695297,17.6776695297)) ;
#879=CARTESIAN_POINT('Vertex',(15.5,-17.6776695297,14.1776695297)) ;
#881=CARTESIAN_POINT('Vertex',(15.5,-17.6776695297,21.1776695297)) ;
#884=CARTESIAN_POINT('Axis2P3D Location',(15.5,-17.6776695297,17.6776695297)) ;
#898=CARTESIAN_POINT('Axis2P3D Location',(15.5,17.6776695297,-17.6776695297)) ;
#902=CARTESIAN_POINT('Vertex',(15.5,17.6776695297,-14.1776695297)) ;
#904=CARTESIAN_POINT('Vertex',(15.5,17.6776695297,-21.1776695297)) ;
#907=CARTESIAN_POINT('Axis2P3D Location',(15.5,17.6776695297,-17.6776695297)) ;
#917=CARTESIAN_POINT('Axis2P3D Location',(0.,-20.8,0.)) ;
#922=CARTESIAN_POINT('Line Origine',(65.2,-20.8,7.9936057773E-015)) ;
#926=CARTESIAN_POINT('Vertex',(65.2,-20.8,-5.31162247654)) ;
#928=CARTESIAN_POINT('Vertex',(65.2,-20.8,5.31162247654)) ;
#931=CARTESIAN_POINT('Line Origine',(60.6,-20.8,7.96743371482)) ;
#935=CARTESIAN_POINT('Vertex',(56.,-20.8,10.6232449531)) ;
#938=CARTESIAN_POINT('Line Origine',(51.4,-20.8,7.96743371482)) ;
#942=CARTESIAN_POINT('Vertex',(46.8,-20.8,5.31162247654)) ;
#945=CARTESIAN_POINT('Line Origine',(46.8,-20.8,6.2172489379E-015)) ;
#949=CARTESIAN_POINT('Vertex',(46.8,-20.8,-5.31162247654)) ;
#952=CARTESIAN_POINT('Line Origine',(51.4,-20.8,-7.96743371482)) ;
#956=CARTESIAN_POINT('Vertex',(56.,-20.8,-10.6232449531)) ;
#959=CARTESIAN_POINT('Line Origine',(60.6,-20.8,-7.96743371482)) ;
#972=CARTESIAN_POINT('Axis2P3D Location',(56.,-20.8,1.33226762955E-015)) ;
#976=CARTESIAN_POINT('Vertex',(63.5,-20.8,0.)) ;
#978=CARTESIAN_POINT('Vertex',(48.5,-20.8,4.24912383924E-015)) ;
#981=CARTESIAN_POINT('Axis2P3D Location',(56.,-20.8,-4.4408920985E-016)) ;
#991=CARTESIAN_POINT('Axis2P3D Location',(103.5,-18.,0.)) ;
#997=CARTESIAN_POINT('Control Point',(97.9770259857,-10.5,0.)) ;
#998=CARTESIAN_POINT('Control Point',(97.9770259857,-10.5,0.774153520312)) ;
#999=CARTESIAN_POINT('Control Point',(97.8771403736,-10.5998856122,1.54830656976)) ;
#1000=CARTESIAN_POINT('Control Point',(97.6771362111,-10.7998901476,2.28600689735)) ;
#1001=CARTESIAN_POINT('Control Point',(97.2280095483,-11.2490162013,3.39212759901)) ;
#1002=CARTESIAN_POINT('Control Point',(96.6235203341,-11.8535058011,4.32961066301)) ;
#1003=CARTESIAN_POINT('Control Point',(96.3701324663,-12.1068936414,4.66667395547)) ;
#1004=CARTESIAN_POINT('Control Point',(95.4117054448,-13.0653202277,5.77587575429)) ;
#1005=CARTESIAN_POINT('Control Point',(94.2904325303,-14.1865942593,6.56423147021)) ;
#1006=CARTESIAN_POINT('Control Point',(93.443215158,-15.0338112817,6.97930086292)) ;
#1007=CARTESIAN_POINT('Control Point',(91.4627882173,-17.0142371921,7.61024408743)) ;
#1008=CARTESIAN_POINT('Control Point',(89.4261306112,-19.0508961061,7.55319912973)) ;
#1009=CARTESIAN_POINT('Control Point',(88.2988666276,-20.1781604147,7.31503214138)) ;
#1010=CARTESIAN_POINT('Control Point',(86.6471390033,-21.8298864518,6.62834520158)) ;
#1011=CARTESIAN_POINT('Control Point',(85.1914618272,-23.2855644251,5.37945069107)) ;
#1012=CARTESIAN_POINT('Control Point',(84.7332854426,-23.7437409414,4.89457768232)) ;
#1013=CARTESIAN_POINT('Control Point',(83.8977255592,-24.5793000247,3.77800538488)) ;
#1014=CARTESIAN_POINT('Control Point',(83.3044666271,-25.172559764,2.38517206166)) ;
#1015=CARTESIAN_POINT('Control Point',(83.0861007212,-25.3909252645,1.61795920466)) ;
#1016=CARTESIAN_POINT('Control Point',(82.9770259857,-25.5,0.808979859421)) ;
#1017=CARTESIAN_POINT('Control Point',(82.9770259857,-25.5,3.83457616384E-015)) ;
#1018=CARTESIAN_POINT('Vertex',(97.9770259857,-10.5,-1.83697019872E-015)) ;
#1020=CARTESIAN_POINT('Vertex',(82.9770259857,-25.5,4.24915417324E-015)) ;
#1023=CARTESIAN_POINT('Line Origine',(103.5,-10.5,0.)) ;
#1028=CARTESIAN_POINT('Line Origine',(103.5,-25.5,4.24912383924E-015)) ;
#1041=CARTESIAN_POINT('Control Point',(82.9770259857,-25.5,4.66293670343E-015)) ;
#1042=CARTESIAN_POINT('Control Point',(82.9770259857,-25.5,-0.774153520336)) ;
#1043=CARTESIAN_POINT('Control Point',(83.0769115979,-25.4001143878,-1.54830656981)) ;
#1044=CARTESIAN_POINT('Control Point',(83.2769157604,-25.2001098524,-2.28600689742)) ;
#1045=CARTESIAN_POINT('Control Point',(83.7260424232,-24.7509837986,-3.39212759909)) ;
#1046=CARTESIAN_POINT('Control Point',(84.3305316374,-24.1464941989,-4.3296106631)) ;
#1047=CARTESIAN_POINT('Control Point',(84.5839195052,-23.8931063585,-4.66667395554)) ;
#1048=CARTESIAN_POINT('Control Point',(85.5423465267,-22.9346797722,-5.77587575437)) ;
#1049=CARTESIAN_POINT('Control Point',(86.6636194412,-21.8134057406,-6.56423147028)) ;
#1050=CARTESIAN_POINT('Control Point',(87.5108368135,-20.9661887182,-6.97930086296)) ;
#1051=CARTESIAN_POINT('Control Point',(89.4912637542,-18.9857628078,-7.61024408743)) ;
#1052=CARTESIAN_POINT('Control Point',(91.5279213603,-16.9491038938,-7.55319912972)) ;
#1053=CARTESIAN_POINT('Control Point',(92.655185344,-15.8218395851,-7.31503214133)) ;
#1054=CARTESIAN_POINT('Control Point',(94.3069129683,-14.1701135481,-6.62834520151)) ;
#1055=CARTESIAN_POINT('Control Point',(95.7625901444,-12.7144355749,-5.37945069098)) ;
#1056=CARTESIAN_POINT('Control Point',(96.2207665289,-12.2562590585,-4.89457768223)) ;
#1057=CARTESIAN_POINT('Control Point',(97.0563264123,-11.4206999753,-3.77800538479)) ;
#1058=CARTESIAN_POINT('Control Point',(97.6495853443,-10.827440236,-2.38517206155)) ;
#1059=CARTESIAN_POINT('Control Point',(97.8679512502,-10.6090747355,-1.61795920463)) ;
#1060=CARTESIAN_POINT('Control Point',(97.9770259857,-10.5,-0.808979859408)) ;
#1061=CARTESIAN_POINT('Control Point',(97.9770259857,-10.5,-8.27546826226E-015)) ;
#1070=CARTESIAN_POINT('Axis2P3D Location',(1.5,3.5527136788E-015,-3.5527136788E-015)) ;
#1075=CARTESIAN_POINT('Axis2P3D Location',(1.5,32.5,1.85962356625E-015)) ;
#1079=CARTESIAN_POINT('Vertex',(0.,32.5,-6.18358446045E-015)) ;
#1082=CARTESIAN_POINT('Axis2P3D Location',(0.,3.5527136788E-015,-3.5527136788E-015)) ;
#1086=CARTESIAN_POINT('Vertex',(0.,-32.5,3.77306400551E-007)) ;
#1089=CARTESIAN_POINT('Axis2P3D Location',(1.5,-32.5,3.77306389382E-007)) ;
#1101=CARTESIAN_POINT('Axis2P3D Location',(1.5,0.,-3.5527136788E-015)) ;
#1106=CARTESIAN_POINT('Axis2P3D Location',(0.,0.,-3.5527136788E-015)) ;
#1118=CARTESIAN_POINT('Axis2P3D Location',(7.83999999907,17.6776695297,17.6776695297)) ;
#1123=CARTESIAN_POINT('Line Origine',(7.83999999907,21.1776695297,17.6776695297)) ;
#1127=CARTESIAN_POINT('Vertex',(0.,21.1776695297,17.6776695297)) ;
#1130=CARTESIAN_POINT('Axis2P3D Location',(0.,17.6776695297,17.6776695297)) ;
#1134=CARTESIAN_POINT('Vertex',(0.,14.1776695297,17.6776695297)) ;
#1137=CARTESIAN_POINT('Line Origine',(7.83999999907,14.1776695297,17.6776695297)) ;
#1149=CARTESIAN_POINT('Axis2P3D Location',(0.,17.6776695297,17.6776695297)) ;
#1161=CARTESIAN_POINT('Axis2P3D Location',(7.83999999907,-17.6776695297,-17.6776695297)) ;
#1166=CARTESIAN_POINT('Line Origine',(7.83999999907,-21.1776695297,-17.6776695297)) ;
#1170=CARTESIAN_POINT('Vertex',(0.,-21.1776695297,-17.6776695297)) ;
#1173=CARTESIAN_POINT('Axis2P3D Location',(0.,-17.6776695297,-17.6776695297)) ;
#1177=CARTESIAN_POINT('Vertex',(0.,-14.1776695297,-17.6776695297)) ;
#1180=CARTESIAN_POINT('Line Origine',(7.83999999907,-14.1776695297,-17.6776695297)) ;
#1192=CARTESIAN_POINT('Axis2P3D Location',(0.,-17.6776695297,-17.6776695297)) ;
#1204=CARTESIAN_POINT('Axis2P3D Location',(7.83999999907,-17.6776695297,17.6776695297)) ;
#1209=CARTESIAN_POINT('Line Origine',(7.83999999907,-17.6776695297,21.1776695297)) ;
#1213=CARTESIAN_POINT('Vertex',(0.,-17.6776695297,21.1776695297)) ;
#1216=CARTESIAN_POINT('Axis2P3D Location',(0.,-17.6776695297,17.6776695297)) ;
#1220=CARTESIAN_POINT('Vertex',(0.,-17.6776695297,14.1776695297)) ;
#1223=CARTESIAN_POINT('Line Origine',(7.83999999907,-17.6776695297,14.1776695297)) ;
#1235=CARTESIAN_POINT('Axis2P3D Location',(0.,-17.6776695297,17.6776695297)) ;
#1247=CARTESIAN_POINT('Axis2P3D Location',(7.83999999907,17.6776695297,-17.6776695297)) ;
#1252=CARTESIAN_POINT('Line Origine',(7.83999999907,17.6776695297,-21.1776695297)) ;
#1256=CARTESIAN_POINT('Vertex',(0.,17.6776695297,-21.1776695297)) ;
#1259=CARTESIAN_POINT('Axis2P3D Location',(0.,17.6776695297,-17.6776695297)) ;
#1263=CARTESIAN_POINT('Vertex',(0.,17.6776695297,-14.1776695297)) ;
#1266=CARTESIAN_POINT('Line Origine',(7.83999999907,17.6776695297,-14.1776695297)) ;
#1278=CARTESIAN_POINT('Axis2P3D Location',(0.,17.6776695297,-17.6776695297)) ;
#1290=CARTESIAN_POINT('Axis2P3D Location',(0.,0.,0.)) ;
#1316=CARTESIAN_POINT('Axis2P3D Location',(0.,25.5,0.)) ;
#1321=CARTESIAN_POINT('Axis2P3D Location',(56.,25.5,0.)) ;
#1325=CARTESIAN_POINT('Vertex',(63.5,25.5,0.)) ;
#1327=CARTESIAN_POINT('Vertex',(48.5,25.5,4.24912383924E-015)) ;
#1330=CARTESIAN_POINT('Axis2P3D Location',(56.,25.5,0.)) ;
#1340=CARTESIAN_POINT('Axis2P3D Location',(56.,-4.75,0.)) ;
#1346=CARTESIAN_POINT('Control Point',(56.,16.4770259857,-7.5)) ;
#1347=CARTESIAN_POINT('Control Point',(56.1826266218,15.9291461203,-7.5)) ;
#1348=CARTESIAN_POINT('Control Point',(56.3657272522,15.3816044913,-7.49444125283)) ;
#1349=CARTESIAN_POINT('Control Point',(56.5129838864,14.9398809072,-7.4841227645)) ;
#1350=CARTESIAN_POINT('Control Point',(56.7717718018,14.1623044827,-7.46301866542)) ;
#1351=CARTESIAN_POINT('Control Point',(57.030354244,13.3854052372,-7.43060331917)) ;
#1352=CARTESIAN_POINT('Control Point',(57.1775557268,12.9443588321,-7.41043018045)) ;
#1353=CARTESIAN_POINT('Control Point',(57.8784761661,10.841597411,-7.28586049133)) ;
#1354=CARTESIAN_POINT('Control Point',(58.5759400393,8.74920608539,-7.07488208513)) ;
#1355=CARTESIAN_POINT('Control Point',(59.086771317,7.21671244319,-6.8696575867)) ;
#1356=CARTESIAN_POINT('Control Point',(59.9950968456,4.4917351277,-6.40432011124)) ;
#1357=CARTESIAN_POINT('Control Point',(60.877407145,1.84480480314,-5.72947400612)) ;
#1358=CARTESIAN_POINT('Control Point',(61.2563688983,0.707919969537,-5.38839741722)) ;
#1359=CARTESIAN_POINT('Control Point',(61.9060960203,-1.24126258161,-4.69538077931)) ;
#1360=CARTESIAN_POINT('Control Point',(62.5009316625,-3.02576862398,-3.7844889706)) ;
#1361=CARTESIAN_POINT('Control Point',(62.742017577,-3.7490257623,-3.34726720527)) ;
#1362=CARTESIAN_POINT('Control Point',(63.1180044553,-4.87698807507,-2.49969684926)) ;
#1363=CARTESIAN_POINT('Control Point',(63.3779526325,-5.65683142032,-1.45704437849)) ;
#1364=CARTESIAN_POINT('Control Point',(63.4593080762,-5.90089824295,-0.988233287955)) ;
#1365=CARTESIAN_POINT('Control Point',(63.5,-6.02297401428,-0.494116932212)) ;
#1366=CARTESIAN_POINT('Control Point',(63.5,-6.02297401428,-1.95921234044E-015)) ;
#1367=CARTESIAN_POINT('Vertex',(56.,16.4770259857,-7.5)) ;
#1369=CARTESIAN_POINT('Vertex',(63.5,-6.02297401428,0.)) ;
#1373=CARTESIAN_POINT('Control Point',(48.5,8.97702598572,4.4408920985E-015)) ;
#1374=CARTESIAN_POINT('Control Point',(48.5,8.97702598572,-1.1112583584)) ;
#1375=CARTESIAN_POINT('Control Point',(48.7058158565,9.18284184221,-2.22251654529)) ;
#1376=CARTESIAN_POINT('Control Point',(49.1176646041,9.59469010224,-3.26710276537)) ;
#1377=CARTESIAN_POINT('Control Point',(50.2659831745,10.743009645,-5.11565626168)) ;
#1378=CARTESIAN_POINT('Control Point',(51.9106190849,12.3876445886,-6.41283370644)) ;
#1379=CARTESIAN_POINT('Control Point',(52.8179426524,13.2949681504,-6.90261265656)) ;
#1380=CARTESIAN_POINT('Control Point',(53.9164944548,14.3935205137,-7.27916172949)) ;
#1381=CARTESIAN_POINT('Control Point',(55.0440636711,15.5210896458,-7.44105347033)) ;
#1382=CARTESIAN_POINT('Control Point',(55.1632546686,15.6401808795,-7.45429904485)) ;
#1383=CARTESIAN_POINT('Control Point',(55.3733003435,15.8504249314,-7.4756327186)) ;
#1384=CARTESIAN_POINT('Control Point',(55.5838393572,16.061177857,-7.48955943152)) ;
#1385=CARTESIAN_POINT('Control Point',(55.7034449862,16.1807779643,-7.49633713883)) ;
#1386=CARTESIAN_POINT('Control Point',(55.8517530202,16.328779006,-7.5)) ;
#1387=CARTESIAN_POINT('Control Point',(56.,16.4770259857,-7.5)) ;
#1388=CARTESIAN_POINT('Vertex',(48.5,8.97702598572,4.24912383924E-015)) ;
#1391=CARTESIAN_POINT('Line Origine',(48.5,-4.75,4.24912383924E-015)) ;
#1396=CARTESIAN_POINT('Line Origine',(63.5,-4.75,-8.49824767848E-015)) ;
#1410=CARTESIAN_POINT('Control Point',(55.9144383675,16.7338772128,-7.49951193126)) ;
#1411=CARTESIAN_POINT('Control Point',(55.0613504268,15.8807900615,-7.48977908497)) ;
#1412=CARTESIAN_POINT('Control Point',(54.2089540903,15.0283938752,-7.35873727389)) ;
#1413=CARTESIAN_POINT('Control Point',(53.3689845323,14.1884236982,-7.10625214485)) ;
#1414=CARTESIAN_POINT('Control Point',(52.0054577703,12.8248959426,-6.4699668665)) ;
#1415=CARTESIAN_POINT('Control Point',(50.775931269,11.595370106,-5.43950058264)) ;
#1416=CARTESIAN_POINT('Control Point',(50.3111734834,11.1306124561,-4.95862004535)) ;
#1417=CARTESIAN_POINT('Control Point',(49.4545611823,10.2739993408,-3.83995523746)) ;
#1418=CARTESIAN_POINT('Control Point',(48.8420716706,9.66151066334,-2.4359877217)) ;
#1419=CARTESIAN_POINT('Control Point',(48.613965231,9.43340380156,-1.65383305296)) ;
#1420=CARTESIAN_POINT('Control Point',(48.5,9.31943857056,-0.826916795099)) ;
#1421=CARTESIAN_POINT('Control Point',(48.5,9.31943857056,4.29147387016E-015)) ;
#1422=CARTESIAN_POINT('Vertex',(55.9143968538,16.7338354244,-7.49951145751)) ;
#1424=CARTESIAN_POINT('Vertex',(48.5,9.31943857056,4.24912383924E-015)) ;
#1428=CARTESIAN_POINT('Control Point',(55.9143968538,16.7338354244,-7.49951145751)) ;
#1429=CARTESIAN_POINT('Control Point',(55.9429309998,16.6482329863,-7.49983716042)) ;
#1430=CARTESIAN_POINT('Control Point',(55.9714654999,16.562629486,-7.5)) ;
#1431=CARTESIAN_POINT('Control Point',(56.,16.4770259857,-7.5)) ;
#1434=CARTESIAN_POINT('Control Point',(56.,16.4770259857,-7.5)) ;
#1435=CARTESIAN_POINT('Control Point',(56.1897110253,16.666737011,-7.5)) ;
#1436=CARTESIAN_POINT('Control Point',(56.3796126113,16.8556844173,-7.49340166265)) ;
#1437=CARTESIAN_POINT('Control Point',(56.4982564304,16.9746707259,-7.4841926048)) ;
#1438=CARTESIAN_POINT('Control Point',(56.6181413623,17.0948596483,-7.4758747341)) ;
#1439=CARTESIAN_POINT('Control Point',(56.7616240018,17.2385194936,-7.46122837607)) ;
#1440=CARTESIAN_POINT('Vertex',(56.7614151412,17.2387286229,-7.4612496931)) ;
#1444=CARTESIAN_POINT('Control Point',(56.,18.,-7.5)) ;
#1445=CARTESIAN_POINT('Control Point',(56.1879905198,17.8120094802,-7.5)) ;
#1446=CARTESIAN_POINT('Control Point',(56.3764580512,17.6245032761,-7.49354256144)) ;
#1447=CARTESIAN_POINT('Control Point',(56.49671665,17.5039199565,-7.48435400077)) ;
#1448=CARTESIAN_POINT('Control Point',(56.6177926838,17.382535901,-7.47590626112)) ;
#1449=CARTESIAN_POINT('Control Point',(56.7614151412,17.2387286229,-7.4612496931)) ;
#1450=CARTESIAN_POINT('Vertex',(56.,18.,-7.5)) ;
#1454=CARTESIAN_POINT('Control Point',(56.,18.,-7.5)) ;
#1455=CARTESIAN_POINT('Control Point',(56.1401786743,18.1401786743,-7.5)) ;
#1456=CARTESIAN_POINT('Control Point',(56.2806198552,18.2800880584,-7.49672498988)) ;
#1457=CARTESIAN_POINT('Control Point',(56.3928511608,18.3921816004,-7.49067152857)) ;
#1458=CARTESIAN_POINT('Control Point',(56.5890851435,18.5886003872,-7.47844579427)) ;
#1459=CARTESIAN_POINT('Control Point',(56.7849421045,18.7848955946,-7.45978440386)) ;
#1460=CARTESIAN_POINT('Control Point',(56.8968655686,18.8968655573,-7.44817684844)) ;
#1461=CARTESIAN_POINT('Control Point',(58.2042264296,20.2042265238,-7.27211118115)) ;
#1462=CARTESIAN_POINT('Control Point',(59.4884993022,21.4884985141,-6.80512567031)) ;
#1463=CARTESIAN_POINT('Control Point',(60.5935634538,22.5935617726,-6.14712847166)) ;
#1464=CARTESIAN_POINT('Control Point',(62.1353605787,24.1353614599,-4.69580853816)) ;
#1465=CARTESIAN_POINT('Control Point',(63.1216119504,25.1216114886,-2.55691296342)) ;
#1466=CARTESIAN_POINT('Control Point',(63.3740333754,25.3740333754,-1.73873428849)) ;
#1467=CARTESIAN_POINT('Control Point',(63.5,25.5,-0.869367441152)) ;
#1468=CARTESIAN_POINT('Control Point',(63.5,25.5,-8.66873497813E-015)) ;
#1470=CARTESIAN_POINT('Line Origine',(48.5,-4.75,4.24912383924E-015)) ;
#1486=CARTESIAN_POINT('Control Point',(56.,16.4770259857,7.5)) ;
#1487=CARTESIAN_POINT('Control Point',(55.8588991556,16.3359251414,7.5)) ;
#1488=CARTESIAN_POINT('Control Point',(55.7176953188,16.1952467231,7.49668175862)) ;
#1489=CARTESIAN_POINT('Control Point',(55.6057800793,16.083461036,7.49058331668)) ;
#1490=CARTESIAN_POINT('Control Point',(55.4112203912,15.8887106354,7.4784418106)) ;
#1491=CARTESIAN_POINT('Control Point',(55.2171042408,15.6941660459,7.45998206948)) ;
#1492=CARTESIAN_POINT('Control Point',(55.1055601742,15.5825861699,7.44848583269)) ;
#1493=CARTESIAN_POINT('Control Point',(54.7314395298,15.2084654989,7.3981930755)) ;
#1494=CARTESIAN_POINT('Control Point',(54.3603109655,14.8373369789,7.32430692827)) ;
#1495=CARTESIAN_POINT('Control Point',(54.1297399496,14.6067659634,7.2688782685)) ;
#1496=CARTESIAN_POINT('Control Point',(52.8935452805,13.3705711426,6.91945672975)) ;
#1497=CARTESIAN_POINT('Control Point',(51.7271227131,12.204149244,6.3025625439)) ;
#1498=CARTESIAN_POINT('Control Point',(50.8539131902,11.3309396431,5.62274362492)) ;
#1499=CARTESIAN_POINT('Control Point',(49.5945725623,10.0715982229,4.19210899427)) ;
#1500=CARTESIAN_POINT('Control Point',(48.8266146833,9.30364089532,2.39925704796)) ;
#1501=CARTESIAN_POINT('Control Point',(48.6088630544,9.08588904007,1.61638888019)) ;
#1502=CARTESIAN_POINT('Control Point',(48.5,8.97702598572,0.808194485453)) ;
#1503=CARTESIAN_POINT('Control Point',(48.5,8.97702598572,7.77156117238E-015)) ;
#1504=CARTESIAN_POINT('Vertex',(56.,16.4770259857,7.5)) ;
#1508=CARTESIAN_POINT('Control Point',(56.,16.4770259857,7.5)) ;
#1509=CARTESIAN_POINT('Control Point',(56.1826263789,15.9291468491,7.5)) ;
#1510=CARTESIAN_POINT('Control Point',(56.3657267651,15.3816059481,7.49444126762)) ;
#1511=CARTESIAN_POINT('Control Point',(56.5129834615,14.9398821819,7.48412279919)) ;
#1512=CARTESIAN_POINT('Control Point',(56.7717718044,14.1623044838,7.46301867448)) ;
#1513=CARTESIAN_POINT('Control Point',(57.030354671,13.3854039653,7.4306032656)) ;
#1514=CARTESIAN_POINT('Control Point',(57.1775562113,12.9443573786,7.41043009434)) ;
#1515=CARTESIAN_POINT('Control Point',(57.8784764071,10.8415966879,7.28586041842)) ;
#1516=CARTESIAN_POINT('Control Point',(58.5759400392,8.74920608547,7.07488208514)) ;
#1517=CARTESIAN_POINT('Control Point',(59.0867713171,7.21671244308,6.86965758667)) ;
#1518=CARTESIAN_POINT('Control Point',(59.9950968457,4.49173512763,6.40432011124)) ;
#1519=CARTESIAN_POINT('Control Point',(60.877407145,1.84480480312,5.72947400611)) ;
#1520=CARTESIAN_POINT('Control Point',(61.2563688983,0.707919969533,5.38839741723)) ;
#1521=CARTESIAN_POINT('Control Point',(61.9060960203,-1.24126258158,4.69538077931)) ;
#1522=CARTESIAN_POINT('Control Point',(62.5009316624,-3.02576862395,3.78448897062)) ;
#1523=CARTESIAN_POINT('Control Point',(62.742017577,-3.74902576234,3.34726720524)) ;
#1524=CARTESIAN_POINT('Control Point',(63.1180044553,-4.87698807509,2.49969684923)) ;
#1525=CARTESIAN_POINT('Control Point',(63.3779526325,-5.65683142034,1.45704437848)) ;
#1526=CARTESIAN_POINT('Control Point',(63.4593080762,-5.90089824295,0.988233287966)) ;
#1527=CARTESIAN_POINT('Control Point',(63.5,-6.02297401428,0.494116932217)) ;
#1528=CARTESIAN_POINT('Control Point',(63.5,-6.02297401428,-2.22044604925E-016)) ;
#1539=CARTESIAN_POINT('Control Point',(55.9143968538,16.7338354244,7.49951145751)) ;
#1540=CARTESIAN_POINT('Control Point',(55.9429309998,16.6482329863,7.49983716042)) ;
#1541=CARTESIAN_POINT('Control Point',(55.9714654999,16.562629486,7.5)) ;
#1542=CARTESIAN_POINT('Control Point',(56.,16.4770259857,7.5)) ;
#1543=CARTESIAN_POINT('Vertex',(55.9143968538,16.7338354244,7.49951145751)) ;
#1547=CARTESIAN_POINT('Control Point',(48.5,9.31943857056,7.9936057773E-015)) ;
#1548=CARTESIAN_POINT('Control Point',(48.5,9.31943857056,1.00954477494)) ;
#1549=CARTESIAN_POINT('Control Point',(48.6698634421,9.48930201267,2.01908874914)) ;
#1550=CARTESIAN_POINT('Control Point',(49.0083195199,9.82775749875,2.94426426998)) ;
#1551=CARTESIAN_POINT('Control Point',(49.8230258384,10.6424649115,4.44018064266)) ;
#1552=CARTESIAN_POINT('Control Point',(50.89336533,11.7128034738,5.55900424853)) ;
#1553=CARTESIAN_POINT('Control Point',(51.4207116095,12.2401499145,5.99518796471)) ;
#1554=CARTESIAN_POINT('Control Point',(52.598226458,13.4176653301,6.77220067001)) ;
#1555=CARTESIAN_POINT('Control Point',(53.8564161053,14.6758543335,7.23878214734)) ;
#1556=CARTESIAN_POINT('Control Point',(54.5379042782,15.3573450188,7.40478566761)) ;
#1557=CARTESIAN_POINT('Control Point',(55.2259292163,16.0453694425,7.49165381764)) ;
#1558=CARTESIAN_POINT('Control Point',(55.9144063454,16.7338430738,7.49951156585)) ;
#1561=CARTESIAN_POINT('Control Point',(56.,18.,7.5)) ;
#1562=CARTESIAN_POINT('Control Point',(56.1401782385,18.1401782385,7.5)) ;
#1563=CARTESIAN_POINT('Control Point',(56.2806189819,18.2800871884,7.49672501024)) ;
#1564=CARTESIAN_POINT('Control Point',(56.3928503976,18.3921808398,7.49067157612)) ;
#1565=CARTESIAN_POINT('Control Point',(56.5890851443,18.5886003874,7.47844580678)) ;
#1566=CARTESIAN_POINT('Control Point',(56.7849428668,18.7848963545,7.45978433123)) ;
#1567=CARTESIAN_POINT('Control Point',(56.8968664365,18.8968664252,7.44817673156)) ;
#1568=CARTESIAN_POINT('Control Point',(58.204226856,20.2042269502,7.27211102612)) ;
#1569=CARTESIAN_POINT('Control Point',(59.4884993024,21.4884985143,6.80512567023)) ;
#1570=CARTESIAN_POINT('Control Point',(60.5935634538,22.5935617726,6.14712847166)) ;
#1571=CARTESIAN_POINT('Control Point',(62.1353605788,24.1353614599,4.69580853811)) ;
#1572=CARTESIAN_POINT('Control Point',(63.1216119505,25.1216114887,2.55691296327)) ;
#1573=CARTESIAN_POINT('Control Point',(63.3740333754,25.3740333754,1.73873428852)) ;
#1574=CARTESIAN_POINT('Control Point',(63.5,25.5,0.869367441164)) ;
#1575=CARTESIAN_POINT('Control Point',(63.5,25.5,4.4408920985E-016)) ;
#1576=CARTESIAN_POINT('Vertex',(56.,18.,7.5)) ;
#1580=CARTESIAN_POINT('Control Point',(56.,18.,7.5)) ;
#1581=CARTESIAN_POINT('Control Point',(56.187990883,17.812009117,7.5)) ;
#1582=CARTESIAN_POINT('Control Point',(56.3764587794,17.6245025516,7.49354253088)) ;
#1583=CARTESIAN_POINT('Control Point',(56.4967170058,17.5039196005,7.48435396219)) ;
#1584=CARTESIAN_POINT('Control Point',(56.6177927303,17.3825358533,7.47590625639)) ;
#1585=CARTESIAN_POINT('Control Point',(56.7614151417,17.2387286212,7.46124969304)) ;
#1586=CARTESIAN_POINT('Vertex',(56.7614151417,17.2387286212,7.46124969304)) ;
#1590=CARTESIAN_POINT('Control Point',(56.7615542646,17.2385893194,7.46123549434)) ;
#1591=CARTESIAN_POINT('Control Point',(56.6234175585,17.1003738796,7.47533484795)) ;
#1592=CARTESIAN_POINT('Control Point',(56.5008450464,16.9776243827,7.48428923655)) ;
#1593=CARTESIAN_POINT('Control Point',(56.3714984014,16.8480354672,7.49382459977)) ;
#1594=CARTESIAN_POINT('Control Point',(56.1856976873,16.662723673,7.5)) ;
#1595=CARTESIAN_POINT('Control Point',(56.,16.4770259857,7.5)) ;
#1607=CARTESIAN_POINT('Axis2P3D Location',(91.,18.,0.)) ;
#1613=CARTESIAN_POINT('Control Point',(56.7612713771,17.2385848588,-7.4612496931)) ;
#1614=CARTESIAN_POINT('Control Point',(58.4509623891,16.6753543243,-7.40377242393)) ;
#1615=CARTESIAN_POINT('Control Point',(60.136818388,16.1133992842,-7.29272582322)) ;
#1616=CARTESIAN_POINT('Control Point',(61.8078054434,15.5564067152,-7.12738621916)) ;
#1617=CARTESIAN_POINT('Control Point',(64.844281444,14.544248289,-6.71748849564)) ;
#1618=CARTESIAN_POINT('Control Point',(67.8099626809,13.5556876793,-6.07690834048)) ;
#1619=CARTESIAN_POINT('Control Point',(69.1156648113,13.1204534825,-5.73796243111)) ;
#1620=CARTESIAN_POINT('Control Point',(71.4878359103,12.3297302287,-4.99712077719)) ;
#1621=CARTESIAN_POINT('Control Point',(73.6720480261,11.6016591488,-3.97737924396)) ;
#1622=CARTESIAN_POINT('Control Point',(74.6200439788,11.2856601148,-3.43834725033)) ;
#1623=CARTESIAN_POINT('Control Point',(75.8980367064,10.8596633658,-2.48928810715)) ;
#1624=CARTESIAN_POINT('Control Point',(76.6888251321,10.596066817,-1.29706240546)) ;
#1625=CARTESIAN_POINT('Control Point',(76.881050975,10.5319916703,-0.876241571574)) ;
#1626=CARTESIAN_POINT('Control Point',(76.9770259857,10.5,-0.438121012395)) ;
#1627=CARTESIAN_POINT('Control Point',(76.9770259857,10.5,8.881784197E-016)) ;
#1628=CARTESIAN_POINT('Vertex',(76.9770259857,10.5,4.24912383924E-015)) ;
#1631=CARTESIAN_POINT('Line Origine',(91.,10.5,4.24912383924E-015)) ;
#1636=CARTESIAN_POINT('Line Origine',(91.,25.5,-8.49824767848E-015)) ;
#1651=CARTESIAN_POINT('Control Point',(56.7612713787,17.2385848583,7.46124969304)) ;
#1652=CARTESIAN_POINT('Control Point',(58.4509623904,16.6753543239,7.40377242385)) ;
#1653=CARTESIAN_POINT('Control Point',(60.136818389,16.1133992841,7.29272582314)) ;
#1654=CARTESIAN_POINT('Control Point',(61.807805444,15.556406715,7.12738621907)) ;
#1655=CARTESIAN_POINT('Control Point',(64.8442814443,14.5442482889,6.71748849557)) ;
#1656=CARTESIAN_POINT('Control Point',(67.8099626808,13.5556876793,6.07690834048)) ;
#1657=CARTESIAN_POINT('Control Point',(69.1156648113,13.1204534825,5.73796243111)) ;
#1658=CARTESIAN_POINT('Control Point',(71.4878359103,12.3297302287,4.99712077718)) ;
#1659=CARTESIAN_POINT('Control Point',(73.6720480262,11.6016591488,3.97737924394)) ;
#1660=CARTESIAN_POINT('Control Point',(74.6200439788,11.2856601148,3.43834725036)) ;
#1661=CARTESIAN_POINT('Control Point',(75.8980367064,10.8596633658,2.48928810717)) ;
#1662=CARTESIAN_POINT('Control Point',(76.6888251321,10.596066817,1.29706240546)) ;
#1663=CARTESIAN_POINT('Control Point',(76.881050975,10.5319916703,0.876241571574)) ;
#1664=CARTESIAN_POINT('Control Point',(76.9770259857,10.5,0.438121012395)) ;
#1665=CARTESIAN_POINT('Control Point',(76.9770259857,10.5,1.11022302463E-015)) ;
#1676=CARTESIAN_POINT('Axis2P3D Location',(90.4770259857,-18.,0.)) ;
#1684=CARTESIAN_POINT('Line Origine',(80.6529098466,6.82411613907,-1.83697019872E-015)) ;
#1689=CARTESIAN_POINT('Line Origine',(65.6529098466,-8.17588386093,1.60781315936E-014)) ;
#1703=CARTESIAN_POINT('Axis2P3D Location',(90.4770259857,-18.,0.)) ;
#1720=CARTESIAN_POINT('Axis2P3D Location',(19.5902807147,-19.5902807147,0.)) ;
#1725=CARTESIAN_POINT('Axis2P3D Location',(55.8287937076,16.6482322781,0.)) ;
#1730=CARTESIAN_POINT('Vertex',(48.3287937076,9.14823227814,4.24915417324E-015)) ;
#1733=CARTESIAN_POINT('Axis2P3D Location',(55.8287937076,16.6482322781,0.)) ;
#1746=CARTESIAN_POINT('Axis2P3D Location',(90.4770259857,-18.,0.)) ;
#1754=CARTESIAN_POINT('Line Origine',(65.6529098466,-8.17588386093,1.60781315936E-014)) ;
#1766=CARTESIAN_POINT('Axis2P3D Location',(90.4770259857,-18.,0.)) ;
#1781=CARTESIAN_POINT('Axis2P3D Location',(0.,0.,8.)) ;
#1786=CARTESIAN_POINT('Line Origine',(103.429321647,5.2,8.)) ;
#1790=CARTESIAN_POINT('Vertex',(96.,5.2,8.)) ;
#1792=CARTESIAN_POINT('Vertex',(110.858643295,5.2,8.)) ;
#1795=CARTESIAN_POINT('Line Origine',(96.,4.4408920985E-015,8.)) ;
#1799=CARTESIAN_POINT('Vertex',(96.,-5.2,8.)) ;
#1802=CARTESIAN_POINT('Line Origine',(103.429321647,-5.2,8.)) ;
#1806=CARTESIAN_POINT('Vertex',(110.858643295,-5.2,8.)) ;
#1809=CARTESIAN_POINT('Axis2P3D Location',(120.098160376,-1.73194791842E-014,8.)) ;
#1821=CARTESIAN_POINT('Axis2P3D Location',(120.098160376,-3.5527136788E-015,6.)) ;
#1827=CARTESIAN_POINT('Control Point',(110.858643295,5.2,8.)) ;
#1828=CARTESIAN_POINT('Control Point',(111.294635311,5.2,8.)) ;
#1829=CARTESIAN_POINT('Control Point',(111.728278258,5.19999940178,7.90977314848)) ;
#1830=CARTESIAN_POINT('Control Point',(112.13310385,5.19999872084,7.73793787817)) ;
#1831=CARTESIAN_POINT('Control Point',(112.712613562,5.20000075726,7.33990250913)) ;
#1832=CARTESIAN_POINT('Control Point',(113.08889734,5.1999995517,6.75744815125)) ;
#1833=CARTESIAN_POINT('Control Point',(113.193193503,5.20000000002,6.51621169071)) ;
#1834=CARTESIAN_POINT('Control Point',(113.245460707,5.2,6.25810611226)) ;
#1835=CARTESIAN_POINT('Control Point',(113.245460707,5.2,6.)) ;
#1836=CARTESIAN_POINT('Vertex',(113.245460707,5.2,6.)) ;
#1840=CARTESIAN_POINT('Control Point',(110.858643295,-5.2,8.)) ;
#1841=CARTESIAN_POINT('Control Point',(111.29463531,-5.2,8.)) ;
#1842=CARTESIAN_POINT('Control Point',(111.728278258,-5.19999940178,7.90977314848)) ;
#1843=CARTESIAN_POINT('Control Point',(112.13310385,-5.19999872084,7.73793787815)) ;
#1844=CARTESIAN_POINT('Control Point',(112.712613562,-5.20000075726,7.33990250912)) ;
#1845=CARTESIAN_POINT('Control Point',(113.08889734,-5.1999995517,6.75744815124)) ;
#1846=CARTESIAN_POINT('Control Point',(113.193193503,-5.20000000002,6.51621169072)) ;
#1847=CARTESIAN_POINT('Control Point',(113.245460707,-5.2,6.25810611227)) ;
#1848=CARTESIAN_POINT('Control Point',(113.245460707,-5.2,6.)) ;
#1849=CARTESIAN_POINT('Vertex',(113.245460707,-5.2,6.)) ;
#1852=CARTESIAN_POINT('Axis2P3D Location',(120.098160376,-3.5527136788E-015,6.)) ;
#1864=CARTESIAN_POINT('Axis2P3D Location',(0.,0.,-8.)) ;
#1869=CARTESIAN_POINT('Axis2P3D Location',(120.098160376,2.26485497024E-014,-8.)) ;
#1873=CARTESIAN_POINT('Vertex',(110.858643295,-5.2,-8.)) ;
#1875=CARTESIAN_POINT('Vertex',(110.858643295,5.2,-8.)) ;
#1878=CARTESIAN_POINT('Line Origine',(103.429321647,-5.2,-8.)) ;
#1882=CARTESIAN_POINT('Vertex',(96.,-5.2,-8.)) ;
#1885=CARTESIAN_POINT('Line Origine',(96.,4.4408920985E-015,-8.)) ;
#1889=CARTESIAN_POINT('Vertex',(96.,5.2,-8.)) ;
#1892=CARTESIAN_POINT('Line Origine',(103.429321647,5.2,-8.)) ;
#1904=CARTESIAN_POINT('Axis2P3D Location',(120.098160376,4.4408920985E-016,0.)) ;
#1909=CARTESIAN_POINT('Axis2P3D Location',(120.098160376,4.4408920985E-016,-6.)) ;
#1913=CARTESIAN_POINT('Vertex',(113.245460707,-5.2,-6.)) ;
#1915=CARTESIAN_POINT('Vertex',(113.245460707,5.2,-6.)) ;
#1918=CARTESIAN_POINT('Line Origine',(113.245460707,5.2,0.)) ;
#1923=CARTESIAN_POINT('Line Origine',(113.245460707,-5.2,0.)) ;
#1935=CARTESIAN_POINT('Axis2P3D Location',(120.098160376,2.26485497024E-014,-6.)) ;
#1941=CARTESIAN_POINT('Control Point',(110.858643295,5.2,-8.)) ;
#1942=CARTESIAN_POINT('Control Point',(111.29463531,5.2,-8.)) ;
#1943=CARTESIAN_POINT('Control Point',(111.728278258,5.19999940178,-7.90977314848)) ;
#1944=CARTESIAN_POINT('Control Point',(112.13310385,5.19999872084,-7.73793787815)) ;
#1945=CARTESIAN_POINT('Control Point',(112.712613562,5.20000075726,-7.33990250911)) ;
#1946=CARTESIAN_POINT('Control Point',(113.08889734,5.1999995517,-6.75744815124)) ;
#1947=CARTESIAN_POINT('Control Point',(113.193193503,5.20000000002,-6.51621169072)) ;
#1948=CARTESIAN_POINT('Control Point',(113.245460707,5.2,-6.25810611227)) ;
#1949=CARTESIAN_POINT('Control Point',(113.245460707,5.2,-6.)) ;
#1952=CARTESIAN_POINT('Control Point',(110.858643295,-5.2,-8.)) ;
#1953=CARTESIAN_POINT('Control Point',(111.29463531,-5.2,-8.)) ;
#1954=CARTESIAN_POINT('Control Point',(111.728278258,-5.19999940178,-7.90977314848)) ;
#1955=CARTESIAN_POINT('Control Point',(112.13310385,-5.19999872084,-7.73793787815)) ;
#1956=CARTESIAN_POINT('Control Point',(112.712613562,-5.20000075726,-7.33990250911)) ;
#1957=CARTESIAN_POINT('Control Point',(113.08889734,-5.1999995517,-6.75744815124)) ;
#1958=CARTESIAN_POINT('Control Point',(113.193193503,-5.20000000002,-6.51621169072)) ;
#1959=CARTESIAN_POINT('Control Point',(113.245460707,-5.2,-6.25810611227)) ;
#1960=CARTESIAN_POINT('Control Point',(113.245460707,-5.2,-6.)) ;
#1969=CARTESIAN_POINT('Axis2P3D Location',(65.2,-35.,5.31162247654)) ;
#1974=CARTESIAN_POINT('Line Origine',(56.,-25.8,10.6232449531)) ;
#1978=CARTESIAN_POINT('Vertex',(56.,-30.8,10.6232449531)) ;
#1981=CARTESIAN_POINT('Line Origine',(65.2,-25.8,5.31162247654)) ;
#1985=CARTESIAN_POINT('Vertex',(65.2,-30.8,5.31162247654)) ;
#1988=CARTESIAN_POINT('Line Origine',(60.6,-30.8,7.96743371482)) ;
#2000=CARTESIAN_POINT('Axis2P3D Location',(65.2,-35.,-5.31162247654)) ;
#2005=CARTESIAN_POINT('Line Origine',(65.2,-25.8,-5.31162247654)) ;
#2009=CARTESIAN_POINT('Vertex',(65.2,-30.8,-5.31162247654)) ;
#2012=CARTESIAN_POINT('Line Origine',(65.2,-30.8,7.9936057773E-015)) ;
#2024=CARTESIAN_POINT('Axis2P3D Location',(56.,-35.,-10.6232449531)) ;
#2029=CARTESIAN_POINT('Line Origine',(56.,-25.8,-10.6232449531)) ;
#2033=CARTESIAN_POINT('Vertex',(56.,-30.8,-10.6232449531)) ;
#2036=CARTESIAN_POINT('Line Origine',(60.6,-30.8,-7.96743371482)) ;
#2048=CARTESIAN_POINT('Axis2P3D Location',(46.8,-35.,-5.31162247654)) ;
#2053=CARTESIAN_POINT('Line Origine',(46.8,-25.8,-5.31162247654)) ;
#2057=CARTESIAN_POINT('Vertex',(46.8,-30.8,-5.31162247654)) ;
#2060=CARTESIAN_POINT('Line Origine',(51.4,-30.8,-7.96743371482)) ;
#2072=CARTESIAN_POINT('Axis2P3D Location',(46.8,-35.,5.31162247654)) ;
#2077=CARTESIAN_POINT('Line Origine',(46.8,-25.8,5.31162247654)) ;
#2081=CARTESIAN_POINT('Vertex',(46.8,-30.8,5.31162247654)) ;
#2084=CARTESIAN_POINT('Line Origine',(46.8,-30.8,6.2172489379E-015)) ;
#2096=CARTESIAN_POINT('Axis2P3D Location',(56.,-35.,10.6232449531)) ;
#2101=CARTESIAN_POINT('Line Origine',(51.4,-30.8,7.96743371482)) ;
#2113=CARTESIAN_POINT('Axis2P3D Location',(71.5,25.8,-13.5)) ;
#2118=CARTESIAN_POINT('Line Origine',(71.5,30.8,-13.5)) ;
#2122=CARTESIAN_POINT('Vertex',(40.7563705402,30.8,-13.5)) ;
#2124=CARTESIAN_POINT('Vertex',(126.,30.8,-13.5)) ;
#2127=CARTESIAN_POINT('Axis2P3D Location',(126.,25.8,-13.5)) ;
#2131=CARTESIAN_POINT('Vertex',(126.,25.8,-18.5)) ;
#2134=CARTESIAN_POINT('Line Origine',(71.5,25.8,-18.5)) ;
#2138=CARTESIAN_POINT('Vertex',(34.2798102935,25.8,-18.5)) ;
#2142=CARTESIAN_POINT('Control Point',(40.7563705402,30.8,-13.5)) ;
#2143=CARTESIAN_POINT('Control Point',(40.7563705402,30.8,-14.0476002159)) ;
#2144=CARTESIAN_POINT('Control Point',(40.6592653731,30.7250335009,-14.5951988456)) ;
#2145=CARTESIAN_POINT('Control Point',(40.4677812843,30.5772046648,-15.0884445122)) ;
#2146=CARTESIAN_POINT('Control Point',(39.9698513721,30.192797178,-15.9968207817)) ;
#2147=CARTESIAN_POINT('Control Point',(39.3205934185,29.6915600494,-16.6829270514)) ;
#2148=CARTESIAN_POINT('Control Point',(38.9606987779,29.4137169192,-16.9895606692)) ;
#2149=CARTESIAN_POINT('Control Point',(37.8637335413,28.5668457017,-17.7620071236)) ;
#2150=CARTESIAN_POINT('Control Point',(36.6752466439,27.6493163514,-18.2121910802)) ;
#2151=CARTESIAN_POINT('Control Point',(35.8826674943,27.0374482925,-18.4043154444)) ;
#2152=CARTESIAN_POINT('Control Point',(35.0811600391,26.4186584054,-18.5)) ;
#2153=CARTESIAN_POINT('Control Point',(34.2798102935,25.8,-18.5)) ;
#2162=CARTESIAN_POINT('Axis2P3D Location',(96.,30.8,18.5)) ;
#2167=CARTESIAN_POINT('Line Origine',(40.7563705402,30.8,3.5527136788E-015)) ;
#2171=CARTESIAN_POINT('Vertex',(40.7563716382,30.8,13.5)) ;
#2174=CARTESIAN_POINT('Line Origine',(83.3781852701,30.8,13.5)) ;
#2178=CARTESIAN_POINT('Vertex',(126.,30.8,13.5)) ;
#2181=CARTESIAN_POINT('Line Origine',(126.,30.8,1.7763568394E-015)) ;
#2193=CARTESIAN_POINT('Axis2P3D Location',(71.5,25.8,13.5)) ;
#2198=CARTESIAN_POINT('Line Origine',(71.5,25.8,18.5)) ;
#2202=CARTESIAN_POINT('Vertex',(126.,25.8,18.5)) ;
#2204=CARTESIAN_POINT('Vertex',(34.2798007365,25.8,18.5)) ;
#2207=CARTESIAN_POINT('Axis2P3D Location',(126.,25.8,13.5)) ;
#2213=CARTESIAN_POINT('Control Point',(34.2798007365,25.8,18.5)) ;
#2214=CARTESIAN_POINT('Control Point',(35.1331904754,26.4588296606,18.5)) ;
#2215=CARTESIAN_POINT('Control Point',(35.9866841855,27.11774088,18.3914858696)) ;
#2216=CARTESIAN_POINT('Control Point',(36.829788893,27.7686271753,18.1729836201)) ;
#2217=CARTESIAN_POINT('Control Point',(37.8946931489,28.5907461134,17.7412673612)) ;
#2218=CARTESIAN_POINT('Control Point',(38.8738549227,29.3466726401,17.0355464892)) ;
#2219=CARTESIAN_POINT('Control Point',(39.084187706,29.5090524533,16.8658655083)) ;
#2220=CARTESIAN_POINT('Control Point',(39.5697102861,29.8838820522,16.4240354644)) ;
#2221=CARTESIAN_POINT('Control Point',(40.0049185764,30.2198692528,15.8823904375)) ;
#2222=CARTESIAN_POINT('Control Point',(40.2368798943,30.3989467007,15.52693579)) ;
#2223=CARTESIAN_POINT('Control Point',(40.5305346071,30.6256513611,14.9230321704)) ;
#2224=CARTESIAN_POINT('Control Point',(40.6972126028,30.7543294041,14.2355571953)) ;
#2225=CARTESIAN_POINT('Control Point',(40.7366753662,30.7847956223,13.9931863347)) ;
#2226=CARTESIAN_POINT('Control Point',(40.7563723452,30.8,13.7466120657)) ;
#2227=CARTESIAN_POINT('Control Point',(40.7563716382,30.8,13.5)) ;
#2237=CARTESIAN_POINT('Control Point',(39.9157570837,30.6147641766,-13.5)) ;
#2238=CARTESIAN_POINT('Control Point',(39.9944785285,30.6512285871,-13.5)) ;
#2239=CARTESIAN_POINT('Control Point',(40.0751771778,30.6834244974,-13.5)) ;
#2240=CARTESIAN_POINT('Control Point',(40.1575444452,30.7112089216,-13.5)) ;
#2241=CARTESIAN_POINT('Control Point',(40.3249679055,30.7577361078,-13.5)) ;
#2242=CARTESIAN_POINT('Control Point',(40.496440644,30.7858873793,-13.5)) ;
#2243=CARTESIAN_POINT('Control Point',(40.5828572075,30.7952958071,-13.5)) ;
#2244=CARTESIAN_POINT('Control Point',(40.6696138742,30.8,-13.5)) ;
#2245=CARTESIAN_POINT('Control Point',(40.7563705402,30.8,-13.5)) ;
#2246=CARTESIAN_POINT('Control Point',(39.9157570837,30.6147641766,-13.8285601295)) ;
#2247=CARTESIAN_POINT('Control Point',(39.9944785285,30.6512285871,-13.8511664624)) ;
#2248=CARTESIAN_POINT('Control Point',(40.0751771778,30.6834244974,-13.8737727954)) ;
#2249=CARTESIAN_POINT('Control Point',(40.1575444452,30.7112089216,-13.8962905072)) ;
#2250=CARTESIAN_POINT('Control Point',(40.3249679055,30.7577361078,-13.940971452)) ;
#2251=CARTESIAN_POINT('Control Point',(40.496440644,30.7858873793,-13.9845972695)) ;
#2252=CARTESIAN_POINT('Control Point',(40.5828572075,30.7952958071,-14.0060598492)) ;
#2253=CARTESIAN_POINT('Control Point',(40.6696138742,30.8,-14.0270876343)) ;
#2254=CARTESIAN_POINT('Control Point',(40.7563705402,30.8,-14.0476002159)) ;
#2255=CARTESIAN_POINT('Control Point',(39.8177969496,30.5693882496,-14.1579571391)) ;
#2256=CARTESIAN_POINT('Control Point',(39.8957049297,30.6054759578,-14.2032135793)) ;
#2257=CARTESIAN_POINT('Control Point',(39.9758876238,30.6366528862,-14.2484700199)) ;
#2258=CARTESIAN_POINT('Control Point',(40.057993098,30.6627559479,-14.2935506868)) ;
#2259=CARTESIAN_POINT('Control Point',(40.2253053732,30.7045753937,-14.3830089383)) ;
#2260=CARTESIAN_POINT('Control Point',(40.3972902879,30.7253306521,-14.4703748975)) ;
#2261=CARTESIAN_POINT('Control Point',(40.4840684277,30.7303694078,-14.5133632623)) ;
#2262=CARTESIAN_POINT('Control Point',(40.5712394174,30.730043234,-14.5554897181)) ;
#2263=CARTESIAN_POINT('Control Point',(40.6584104062,30.7243735423,-14.5965952459)) ;
#2264=CARTESIAN_POINT('Control Point',(39.6267867374,30.4809107731,-14.4531082073)) ;
#2265=CARTESIAN_POINT('Control Point',(39.7031040506,30.5162615842,-14.5192832791)) ;
#2266=CARTESIAN_POINT('Control Point',(39.7822771153,30.5454472398,-14.5854583516)) ;
#2267=CARTESIAN_POINT('Control Point',(39.8638699537,30.5682656835,-14.6513005727)) ;
#2268=CARTESIAN_POINT('Control Point',(40.0309639154,30.6008922041,-14.7816536401)) ;
#2269=CARTESIAN_POINT('Control Point',(40.2039507102,30.6072201509,-14.9080479538)) ;
#2270=CARTESIAN_POINT('Control Point',(40.2914364239,30.6037398328,-14.9699313982)) ;
#2271=CARTESIAN_POINT('Control Point',(40.3794183097,30.5936140938,-15.0301859687)) ;
#2272=CARTESIAN_POINT('Control Point',(40.467400194,30.5769108608,-15.0885137078)) ;
#2273=CARTESIAN_POINT('Control Point',(39.1296550138,30.2506353346,-14.9980470478)) ;
#2274=CARTESIAN_POINT('Control Point',(39.2016892908,30.2840021796,-15.1045737946)) ;
#2275=CARTESIAN_POINT('Control Point',(39.2781203914,30.3078769224,-15.2111005448)) ;
#2276=CARTESIAN_POINT('Control Point',(39.3583091923,30.3219631692,-15.3167813177)) ;
#2277=CARTESIAN_POINT('Control Point',(39.5247855588,30.3302650839,-15.5247590861)) ;
#2278=CARTESIAN_POINT('Control Point',(39.7004816807,30.2988697025,-15.7227241582)) ;
#2279=CARTESIAN_POINT('Control Point',(39.7898903722,30.2732580437,-15.8183921326)) ;
#2280=CARTESIAN_POINT('Control Point',(39.8800794236,30.2379005605,-15.9099689083)) ;
#2281=CARTESIAN_POINT('Control Point',(39.9702684703,30.1931187426,-15.9967450481)) ;
#2282=CARTESIAN_POINT('Control Point',(38.4795234535,29.9494891333,-15.4098059437)) ;
#2283=CARTESIAN_POINT('Control Point',(38.5455668643,29.9800809924,-15.5507479292)) ;
#2284=CARTESIAN_POINT('Control Point',(38.6180977128,29.9966674416,-15.6916899432)) ;
#2285=CARTESIAN_POINT('Control Point',(38.6962559094,29.9988486536,-15.830879726)) ;
#2286=CARTESIAN_POINT('Control Point',(38.8617842308,29.9742989641,-16.1022514563)) ;
#2287=CARTESIAN_POINT('Control Point',(39.0413021189,29.8931372869,-16.3530953125)) ;
#2288=CARTESIAN_POINT('Control Point',(39.1334504603,29.8387041436,-16.4717564138)) ;
#2289=CARTESIAN_POINT('Control Point',(39.2267936954,29.7710731161,-16.5821524156)) ;
#2290=CARTESIAN_POINT('Control Point',(39.32013691,29.6912081013,-16.6830099408)) ;
#2291=CARTESIAN_POINT('Control Point',(38.1202702916,29.7830801606,-15.5937081879)) ;
#2292=CARTESIAN_POINT('Control Point',(38.1828534093,29.8120695819,-15.7513705959)) ;
#2293=CARTESIAN_POINT('Control Point',(38.253107776,29.8244979385,-15.909033057)) ;
#2294=CARTESIAN_POINT('Control Point',(38.3300686453,29.819915968,-16.0643567143)) ;
#2295=CARTESIAN_POINT('Control Point',(38.4950184733,29.77681863,-16.3656508379)) ;
#2296=CARTESIAN_POINT('Control Point',(38.6767555018,29.6679954488,-16.6396716502)) ;
#2297=CARTESIAN_POINT('Control Point',(38.7705045371,29.5976837546,-16.7677204999)) ;
#2298=CARTESIAN_POINT('Control Point',(38.8656941597,29.5124945609,-16.8848623791)) ;
#2299=CARTESIAN_POINT('Control Point',(38.9608837481,29.4138598357,-16.9895136274)) ;
#2300=CARTESIAN_POINT('Control Point',(37.022764367,29.2747065324,-16.0572585322)) ;
#2301=CARTESIAN_POINT('Control Point',(37.0742456426,29.2985522787,-16.2610977499)) ;
#2302=CARTESIAN_POINT('Control Point',(37.1371109995,29.2978215872,-16.4649371591)) ;
#2303=CARTESIAN_POINT('Control Point',(37.2101410083,29.2719426674,-16.6644014271)) ;
#2304=CARTESIAN_POINT('Control Point',(37.3731211479,29.1708462559,-17.0458367575)) ;
#2305=CARTESIAN_POINT('Control Point',(37.5620197121,28.977003328,-17.3768515088)) ;
#2306=CARTESIAN_POINT('Control Point',(37.6609710782,28.8583669736,-17.5258898739)) ;
#2307=CARTESIAN_POINT('Control Point',(37.7621745037,28.7204891976,-17.6551144088)) ;
#2308=CARTESIAN_POINT('Control Point',(37.8633778235,28.5665708577,-17.7620975902)) ;
#2309=CARTESIAN_POINT('Control Point',(35.8353172715,28.7246714258,-16.3272103041)) ;
#2310=CARTESIAN_POINT('Control Point',(35.8728458994,28.7420565233,-16.5707651586)) ;
#2311=CARTESIAN_POINT('Control Point',(35.9261139894,28.7254627336,-16.8143207013)) ;
#2312=CARTESIAN_POINT('Control Point',(35.993873634,28.6742921859,-17.0504960267)) ;
#2313=CARTESIAN_POINT('Control Point',(36.1539567736,28.5057690278,-17.4933525709)) ;
#2314=CARTESIAN_POINT('Control Point',(36.3520072193,28.2182284115,-17.8526912333)) ;
#2315=CARTESIAN_POINT('Control Point',(36.4577429155,28.0480118359,-18.0053299965)) ;
#2316=CARTESIAN_POINT('Control Point',(36.566836983,27.8564977066,-18.1260422901)) ;
#2317=CARTESIAN_POINT('Control Point',(36.675930728,27.6498449063,-18.2120171032)) ;
#2318=CARTESIAN_POINT('Control Point',(35.0428589706,28.3575983262,-16.4426726988)) ;
#2319=CARTESIAN_POINT('Control Point',(35.0698798038,28.3701127626,-16.7108500225)) ;
#2320=CARTESIAN_POINT('Control Point',(35.1157400498,28.3419560809,-16.9790286695)) ;
#2321=CARTESIAN_POINT('Control Point',(35.1793346966,28.2725821273,-17.237416591)) ;
#2322=CARTESIAN_POINT('Control Point',(35.3369837574,28.0563696886,-17.7150813938)) ;
#2323=CARTESIAN_POINT('Control Point',(35.5420131026,27.7054089228,-18.0833292153)) ;
#2324=CARTESIAN_POINT('Control Point',(35.6530038396,27.5012396642,-18.2322648212)) ;
#2325=CARTESIAN_POINT('Control Point',(35.7682384301,27.275917099,-18.3401824878)) ;
#2326=CARTESIAN_POINT('Control Point',(35.8834724272,27.0380575263,-18.4044545397)) ;
#2327=CARTESIAN_POINT('Control Point',(34.2405465826,27.9859607335,-16.5000001283)) ;
#2328=CARTESIAN_POINT('Control Point',(34.2553713236,27.9928277671,-16.7917050378)) ;
#2329=CARTESIAN_POINT('Control Point',(34.2924133633,27.9517314477,-17.083412454)) ;
#2330=CARTESIAN_POINT('Control Point',(34.3509318059,27.8622698348,-17.3624228927)) ;
#2331=CARTESIAN_POINT('Control Point',(34.5054430098,27.5944663644,-17.8697546611)) ;
#2332=CARTESIAN_POINT('Control Point',(34.7186779588,27.1783039289,-18.2373700238)) ;
#2333=CARTESIAN_POINT('Control Point',(34.8359479201,26.9404077865,-18.3765979772)) ;
#2334=CARTESIAN_POINT('Control Point',(34.9585545063,26.6833484873,-18.464728954)) ;
#2335=CARTESIAN_POINT('Control Point',(35.0811600391,26.4186607804,-18.5000002036)) ;
#2336=CARTESIAN_POINT('Control Point',(33.439196837,27.6147690447,-16.5000004982)) ;
#2337=CARTESIAN_POINT('Control Point',(33.4391969809,27.6147692088,-16.8141595978)) ;
#2338=CARTESIAN_POINT('Control Point',(33.4651179032,27.5588101211,-17.1283236745)) ;
#2339=CARTESIAN_POINT('Control Point',(33.5169985588,27.4468076593,-17.4263171866)) ;
#2340=CARTESIAN_POINT('Control Point',(33.6670783937,27.1228075725,-17.9578215615)) ;
#2341=CARTESIAN_POINT('Control Point',(33.8904732215,26.6405306427,-18.3148937895)) ;
#2342=CARTESIAN_POINT('Control Point',(34.0157218788,26.3701368989,-18.4383290349)) ;
#2343=CARTESIAN_POINT('Control Point',(34.1477671321,26.0850701834,-18.5000004879)) ;
#2344=CARTESIAN_POINT('Control Point',(34.2798102935,25.8000078909,-18.5000008304)) ;
#2346=CARTESIAN_POINT('Control Point',(33.439196837,27.6147690447,-16.5000004982)) ;
#2347=CARTESIAN_POINT('Control Point',(33.4391971248,27.614769373,-17.1283186973)) ;
#2348=CARTESIAN_POINT('Control Point',(33.5426053378,27.3915267873,-17.757223119)) ;
#2349=CARTESIAN_POINT('Control Point',(33.7513912548,26.9407886167,-18.2539697509)) ;
#2350=CARTESIAN_POINT('Control Point',(34.0157239708,26.3701324758,-18.5000001455)) ;
#2351=CARTESIAN_POINT('Control Point',(34.2798102935,25.8000078909,-18.5000008304)) ;
#2352=CARTESIAN_POINT('Vertex',(33.439196837,27.6147690447,-16.5000004982)) ;
#2356=CARTESIAN_POINT('Control Point',(39.9157570837,30.6147641766,-13.5)) ;
#2357=CARTESIAN_POINT('Control Point',(39.9157570837,30.6147641766,-13.588827561)) ;
#2358=CARTESIAN_POINT('Control Point',(39.9086595397,30.6114765368,-13.6776550243)) ;
#2359=CARTESIAN_POINT('Control Point',(39.8944679329,30.6049028696,-13.7658771184)) ;
#2360=CARTESIAN_POINT('Control Point',(39.8517758149,30.585127535,-13.94309606)) ;
#2361=CARTESIAN_POINT('Control Point',(39.7828854401,30.5532169557,-14.1140950722)) ;
#2362=CARTESIAN_POINT('Control Point',(39.7415961173,30.5340914072,-14.1989961831)) ;
#2363=CARTESIAN_POINT('Control Point',(39.6191799257,30.4773872363,-14.4146116999)) ;
#2364=CARTESIAN_POINT('Control Point',(39.4625807687,30.4048492392,-14.6137626155)) ;
#2365=CARTESIAN_POINT('Control Point',(39.3553373259,30.3551732084,-14.7300061192)) ;
#2366=CARTESIAN_POINT('Control Point',(39.1079588739,30.240585507,-14.9646705899)) ;
#2367=CARTESIAN_POINT('Control Point',(38.8285442613,30.1111583966,-15.1711022692)) ;
#2368=CARTESIAN_POINT('Control Point',(38.672747526,30.0389920877,-15.2735825924)) ;
#2369=CARTESIAN_POINT('Control Point',(38.3287380016,29.8796440914,-15.4773679103)) ;
#2370=CARTESIAN_POINT('Control Point',(37.9637915928,29.7105979607,-15.6521741569)) ;
#2371=CARTESIAN_POINT('Control Point',(37.765611273,29.6187992324,-15.7375249935)) ;
#2372=CARTESIAN_POINT('Control Point',(37.0956523492,29.3084688358,-15.998139831)) ;
#2373=CARTESIAN_POINT('Control Point',(36.3924519021,28.9827406965,-16.1885254629)) ;
#2374=CARTESIAN_POINT('Control Point',(35.8936499393,28.7516915897,-16.2927787971)) ;
#2375=CARTESIAN_POINT('Control Point',(35.1032850688,28.385588184,-16.4153228726)) ;
#2376=CARTESIAN_POINT('Control Point',(34.3043788887,28.0155283745,-16.4776779075)) ;
#2377=CARTESIAN_POINT('Control Point',(34.0161702424,27.8820277965,-16.4925602299)) ;
#2378=CARTESIAN_POINT('Control Point',(33.7276733207,27.7483936871,-16.5000003651)) ;
#2379=CARTESIAN_POINT('Control Point',(33.439196837,27.6147690447,-16.5000004982)) ;
#2380=CARTESIAN_POINT('Vertex',(39.9157570837,30.6147641766,-13.5)) ;
#2384=CARTESIAN_POINT('Control Point',(39.9157570837,30.6147641766,-13.5)) ;
#2385=CARTESIAN_POINT('Control Point',(40.1781618997,30.7363122114,-13.5)) ;
#2386=CARTESIAN_POINT('Control Point',(40.4671816535,30.8,-13.5)) ;
#2387=CARTESIAN_POINT('Control Point',(40.7563705402,30.8,-13.5)) ;
#2396=CARTESIAN_POINT('Axis2P3D Location',(40.7563705402,28.8,-4.46097005042E-005)) ;
#2401=CARTESIAN_POINT('Line Origine',(39.9157570837,30.6147641766,-4.46097005025E-005)) ;
#2405=CARTESIAN_POINT('Vertex',(39.9157581817,30.6147646852,13.5000000056)) ;
#2408=CARTESIAN_POINT('Axis2P3D Location',(40.7563705402,28.8,13.5)) ;
#2421=CARTESIAN_POINT('Control Point',(33.4391872799,27.6147646178,16.500000081)) ;
#2422=CARTESIAN_POINT('Control Point',(33.4391872983,27.6147646376,16.814159327)) ;
#2423=CARTESIAN_POINT('Control Point',(33.4651081265,27.5588053378,17.1283235502)) ;
#2424=CARTESIAN_POINT('Control Point',(33.5169887259,27.4468026033,17.4263171816)) ;
#2425=CARTESIAN_POINT('Control Point',(33.6670685233,27.1228018948,17.9578216872)) ;
#2426=CARTESIAN_POINT('Control Point',(33.8904634371,26.6405243071,18.3148937763)) ;
#2427=CARTESIAN_POINT('Control Point',(34.015712162,26.3701302543,18.4383288709)) ;
#2428=CARTESIAN_POINT('Control Point',(34.1477574952,26.0850632847,18.5000000913)) ;
#2429=CARTESIAN_POINT('Control Point',(34.2798007365,25.8000008197,18.500000135)) ;
#2430=CARTESIAN_POINT('Control Point',(34.2925770189,28.0100616528,16.4999999439)) ;
#2431=CARTESIAN_POINT('Control Point',(34.3083643652,28.0173744776,16.7902468182)) ;
#2432=CARTESIAN_POINT('Control Point',(34.3461285345,27.9772431418,17.0804960387)) ;
#2433=CARTESIAN_POINT('Control Point',(34.4050779911,27.8892450714,17.3582738342)) ;
#2434=CARTESIAN_POINT('Control Point',(34.5598769408,27.6250904109,17.8640359798)) ;
#2435=CARTESIAN_POINT('Control Point',(34.7724521774,27.2132207898,18.2323359305)) ;
#2436=CARTESIAN_POINT('Control Point',(34.8892040562,26.9774347184,18.3725893501)) ;
#2437=CARTESIAN_POINT('Control Point',(35.0111977588,26.7221939337,18.4624384215)) ;
#2438=CARTESIAN_POINT('Control Point',(35.1331904754,26.4588291264,18.4999999109)) ;
#2439=CARTESIAN_POINT('Control Point',(35.1471450392,28.4059044773,16.4348857161)) ;
#2440=CARTESIAN_POINT('Control Point',(35.1757363107,28.4191484231,16.7000057258)) ;
#2441=CARTESIAN_POINT('Control Point',(35.2227302068,28.3926641954,16.9651269111)) ;
#2442=CARTESIAN_POINT('Control Point',(35.2869764454,28.3258876867,17.2208309251)) ;
#2443=CARTESIAN_POINT('Control Point',(35.44502689,28.116353372,17.6946162701)) ;
#2444=CARTESIAN_POINT('Control Point',(35.6490005036,27.7738584435,18.0628863006)) ;
#2445=CARTESIAN_POINT('Control Point',(35.7591842127,27.57407798,18.2130435168)) ;
#2446=CARTESIAN_POINT('Control Point',(35.8734716221,27.3529008662,18.3234849803)) ;
#2447=CARTESIAN_POINT('Control Point',(35.9877584957,27.1185672206,18.3914761965)) ;
#2448=CARTESIAN_POINT('Control Point',(35.9886263778,28.7956854448,16.3041178383)) ;
#2449=CARTESIAN_POINT('Control Point',(36.0281700949,28.8140044184,16.5428723203)) ;
#2450=CARTESIAN_POINT('Control Point',(36.082855806,28.7996343253,16.7816273752)) ;
#2451=CARTESIAN_POINT('Control Point',(36.1514107292,28.7519684834,17.0134653417)) ;
#2452=CARTESIAN_POINT('Control Point',(36.3119561138,28.5926393343,17.4494951424)) ;
#2453=CARTESIAN_POINT('Control Point',(36.5086695946,28.3173612418,17.8069952159)) ;
#2454=CARTESIAN_POINT('Control Point',(36.6134000805,28.1537213666,17.9602878235)) ;
#2455=CARTESIAN_POINT('Control Point',(36.7213200943,27.9687734155,18.0834121362)) ;
#2456=CARTESIAN_POINT('Control Point',(36.8292398343,27.7682027691,18.173529787)) ;
#2457=CARTESIAN_POINT('Control Point',(37.054234662,29.2892838278,16.0446679342)) ;
#2458=CARTESIAN_POINT('Control Point',(37.1059866511,29.3132552025,16.2473074335)) ;
#2459=CARTESIAN_POINT('Control Point',(37.1690237514,29.3128637997,16.4499471346)) ;
#2460=CARTESIAN_POINT('Control Point',(37.242140426,29.2875441074,16.6482560199)) ;
#2461=CARTESIAN_POINT('Control Point',(37.4051567603,29.1880072063,17.0275582998)) ;
#2462=CARTESIAN_POINT('Control Point',(37.5938847488,28.9965695625,17.3569803292)) ;
#2463=CARTESIAN_POINT('Control Point',(37.6927160915,28.8793381092,17.5054033819)) ;
#2464=CARTESIAN_POINT('Control Point',(37.7937821595,28.7430483635,17.6342415662)) ;
#2465=CARTESIAN_POINT('Control Point',(37.8948481185,28.5908659003,17.7411132077)) ;
#2466=CARTESIAN_POINT('Control Point',(38.0331977267,29.7427474437,15.6213539963)) ;
#2467=CARTESIAN_POINT('Control Point',(38.094847607,29.771304327,15.7822327886)) ;
#2468=CARTESIAN_POINT('Control Point',(38.164472753,29.7826438272,15.9431116518)) ;
#2469=CARTESIAN_POINT('Control Point',(38.241094684,29.7763097896,16.1014661228)) ;
#2470=CARTESIAN_POINT('Control Point',(38.4058681157,29.7284799659,16.4080802132)) ;
#2471=CARTESIAN_POINT('Control Point',(38.5882111108,29.6128615686,16.6853353753)) ;
#2472=CARTESIAN_POINT('Control Point',(38.6824038082,29.5387342757,16.8143289323)) ;
#2473=CARTESIAN_POINT('Control Point',(38.7781075172,29.4494583998,16.9316272067)) ;
#2474=CARTESIAN_POINT('Control Point',(38.8738111832,29.3466388308,17.0355899984)) ;
#2475=CARTESIAN_POINT('Control Point',(38.2434059394,29.8401175894,15.5193128383)) ;
#2476=CARTESIAN_POINT('Control Point',(38.3071227338,29.8696315485,15.670661269)) ;
#2477=CARTESIAN_POINT('Control Point',(38.3781145579,29.8834398175,15.8220097503)) ;
#2478=CARTESIAN_POINT('Control Point',(38.4554589293,29.8811128871,15.9711949791)) ;
#2479=CARTESIAN_POINT('Control Point',(38.620587138,29.8442401017,16.2609143652)) ;
#2480=CARTESIAN_POINT('Control Point',(38.8016012246,29.7448466975,16.5254040952)) ;
#2481=CARTESIAN_POINT('Control Point',(38.8948323816,29.6799955593,16.6493582457)) ;
#2482=CARTESIAN_POINT('Control Point',(38.9894259049,29.6009188892,16.7632204433)) ;
#2483=CARTESIAN_POINT('Control Point',(39.0840193959,29.5089225373,16.8655213529)) ;
#2484=CARTESIAN_POINT('Control Point',(38.8747236876,30.1325490807,15.1755327053)) ;
#2485=CARTESIAN_POINT('Control Point',(38.94448272,30.1648623974,15.2963610148)) ;
#2486=CARTESIAN_POINT('Control Point',(39.0194446585,30.1859434023,15.4171893303)) ;
#2487=CARTESIAN_POINT('Control Point',(39.0988748568,30.1954512407,15.536854123)) ;
#2488=CARTESIAN_POINT('Control Point',(39.2650071332,30.1910613243,15.7715298399)) ;
#2489=CARTESIAN_POINT('Control Point',(39.4421487602,30.1402264075,15.9924716151)) ;
#2490=CARTESIAN_POINT('Control Point',(39.5325885261,30.1032882564,16.0984022897)) ;
#2491=CARTESIAN_POINT('Control Point',(39.6239628389,30.0551412057,16.1987431035)) ;
#2492=CARTESIAN_POINT('Control Point',(39.7153371442,29.9963077912,16.2925546015)) ;
#2493=CARTESIAN_POINT('Control Point',(39.4195029914,30.384895264,14.7286874274)) ;
#2494=CARTESIAN_POINT('Control Point',(39.4940838176,30.4194409358,14.8146556928)) ;
#2495=CARTESIAN_POINT('Control Point',(39.5721530399,30.4464556642,14.9006239594)) ;
#2496=CARTESIAN_POINT('Control Point',(39.653184587,30.4656956202,14.9860796334)) ;
#2497=CARTESIAN_POINT('Control Point',(39.8200381437,30.4883156334,15.15494066)) ;
#2498=CARTESIAN_POINT('Control Point',(39.9941194914,30.4789739827,15.3177069231)) ;
#2499=CARTESIAN_POINT('Control Point',(40.0823788896,30.4662520132,15.3970677982)) ;
#2500=CARTESIAN_POINT('Control Point',(40.1712476698,30.4455128856,15.4739219296)) ;
#2501=CARTESIAN_POINT('Control Point',(40.2601164479,30.4168859459,15.547812185)) ;
#2502=CARTESIAN_POINT('Control Point',(39.7415389192,30.5340649126,14.3709545359)) ;
#2503=CARTESIAN_POINT('Control Point',(39.8188169177,30.5698612946,14.4308445454)) ;
#2504=CARTESIAN_POINT('Control Point',(39.8986005646,30.6002483429,14.4907345553)) ;
#2505=CARTESIAN_POINT('Control Point',(39.980503825,30.6250471515,14.5503939781)) ;
#2506=CARTESIAN_POINT('Control Point',(40.1477306561,30.6632117209,14.6687904942)) ;
#2507=CARTESIAN_POINT('Control Point',(40.3201119565,30.6782136317,14.7844429567)) ;
#2508=CARTESIAN_POINT('Control Point',(40.4071697188,30.6798496332,14.8413583113)) ;
#2509=CARTESIAN_POINT('Control Point',(40.4946610478,30.6756005437,14.8971436733)) ;
#2510=CARTESIAN_POINT('Control Point',(40.5821523757,30.6655008293,14.9515910909)) ;
#2511=CARTESIAN_POINT('Control Point',(39.9157602589,30.6147656474,13.9347705439)) ;
#2512=CARTESIAN_POINT('Control Point',(39.9944816702,30.6512302742,13.9646846002)) ;
#2513=CARTESIAN_POINT('Control Point',(40.0751802983,30.6834263745,13.9945986568)) ;
#2514=CARTESIAN_POINT('Control Point',(40.157547555,30.7112109605,14.0243954442)) ;
#2515=CARTESIAN_POINT('Control Point',(40.3249710107,30.7577384115,14.0835199502)) ;
#2516=CARTESIAN_POINT('Control Point',(40.4964437702,30.7858898266,14.1412482454)) ;
#2517=CARTESIAN_POINT('Control Point',(40.5828603487,30.795298295,14.1696488157)) ;
#2518=CARTESIAN_POINT('Control Point',(40.6696170323,30.8000024971,14.1974740384)) ;
#2519=CARTESIAN_POINT('Control Point',(40.7563737154,30.8000024748,14.2246175113)) ;
#2520=CARTESIAN_POINT('Control Point',(39.9157581817,30.6147646852,13.5000000056)) ;
#2521=CARTESIAN_POINT('Control Point',(39.9944796146,30.6512291708,13.5000000032)) ;
#2522=CARTESIAN_POINT('Control Point',(40.0751782563,30.6834251468,13.5000000007)) ;
#2523=CARTESIAN_POINT('Control Point',(40.1575455199,30.7112096268,13.4999999983)) ;
#2524=CARTESIAN_POINT('Control Point',(40.3249689786,30.7577369035,13.4999999934)) ;
#2525=CARTESIAN_POINT('Control Point',(40.4964417246,30.7858882224,13.4999999887)) ;
#2526=CARTESIAN_POINT('Control Point',(40.5828582934,30.7952966628,13.4999999864)) ;
#2527=CARTESIAN_POINT('Control Point',(40.6696149661,30.8000008572,13.4999999841)) ;
#2528=CARTESIAN_POINT('Control Point',(40.7563716382,30.8000008475,13.4999999818)) ;
#2530=CARTESIAN_POINT('Control Point',(33.4391872799,27.6147646178,16.500000081)) ;
#2531=CARTESIAN_POINT('Control Point',(33.603622946,27.6909325494,16.5000000546)) ;
#2532=CARTESIAN_POINT('Control Point',(33.7680624723,27.7671022691,16.4975827001)) ;
#2533=CARTESIAN_POINT('Control Point',(33.932444563,27.8432453841,16.4927477992)) ;
#2534=CARTESIAN_POINT('Control Point',(34.5214194685,28.1160633279,16.4666987414)) ;
#2535=CARTESIAN_POINT('Control Point',(35.107881963,28.3877175025,16.409097775)) ;
#2536=CARTESIAN_POINT('Control Point',(35.528061416,28.5823480264,16.3507539612)) ;
#2537=CARTESIAN_POINT('Control Point',(36.2031605244,28.8950593981,16.2273568668)) ;
#2538=CARTESIAN_POINT('Control Point',(36.8620129616,29.2002451802,16.0522085682)) ;
#2539=CARTESIAN_POINT('Control Point',(37.1118531139,29.3159731612,15.9769230068)) ;
#2540=CARTESIAN_POINT('Control Point',(37.5816656858,29.5335941474,15.8166090843)) ;
#2541=CARTESIAN_POINT('Control Point',(38.0332414662,29.7427677043,15.6213278888)) ;
#2542=CARTESIAN_POINT('Control Point',(38.2435742495,29.840195552,15.5195193082)) ;
#2543=CARTESIAN_POINT('Control Point',(38.7290968295,30.0650935413,15.2544212742)) ;
#2544=CARTESIAN_POINT('Control Point',(39.1643051199,30.2666855442,14.9294342686)) ;
#2545=CARTESIAN_POINT('Control Point',(39.3962664377,30.3741319043,14.7161616506)) ;
#2546=CARTESIAN_POINT('Control Point',(39.6544042901,30.493703447,14.3976436938)) ;
#2547=CARTESIAN_POINT('Control Point',(39.8144230485,30.5678254312,14.0403790462)) ;
#2548=CARTESIAN_POINT('Control Point',(39.8475741016,30.5831812674,13.9490219637)) ;
#2549=CARTESIAN_POINT('Control Point',(39.8873916065,30.6016250579,13.8046587098)) ;
#2550=CARTESIAN_POINT('Control Point',(39.9082960104,30.6113081471,13.6576346977)) ;
#2551=CARTESIAN_POINT('Control Point',(39.9132709762,30.6136125915,13.6051661321)) ;
#2552=CARTESIAN_POINT('Control Point',(39.9157584329,30.6147648016,13.5525844998)) ;
#2553=CARTESIAN_POINT('Control Point',(39.9157581817,30.6147646852,13.5000000056)) ;
#2554=CARTESIAN_POINT('Vertex',(33.4391872799,27.6147646178,16.500000081)) ;
#2558=CARTESIAN_POINT('Control Point',(33.4391872799,27.6147646178,16.500000081)) ;
#2559=CARTESIAN_POINT('Control Point',(33.4391873167,27.6147646573,17.128318573)) ;
#2560=CARTESIAN_POINT('Control Point',(33.5425954031,27.3915215137,17.7572232899)) ;
#2561=CARTESIAN_POINT('Control Point',(33.7513813771,26.9407825631,18.2539699886)) ;
#2562=CARTESIAN_POINT('Control Point',(34.0157142539,26.3701257497,18.5000000475)) ;
#2563=CARTESIAN_POINT('Control Point',(34.2798007365,25.8000008197,18.500000135)) ;
#2572=CARTESIAN_POINT('Axis2P3D Location',(26.9590300522,22.408960201,-16.5)) ;
#2577=CARTESIAN_POINT('Line Origine',(26.1184165956,24.2237243777,-16.5)) ;
#2581=CARTESIAN_POINT('Vertex',(31.4277968555,26.6830722917,-16.5)) ;
#2584=CARTESIAN_POINT('Line Origine',(26.9590300522,22.408960201,-18.5)) ;
#2588=CARTESIAN_POINT('Vertex',(32.268410312,24.8683081151,-18.5)) ;
#2591=CARTESIAN_POINT('Axis2P3D Location',(32.268410312,24.8683081151,-16.5)) ;
#2603=CARTESIAN_POINT('Axis2P3D Location',(32.268410312,24.8683081151,-16.5)) ;
#2608=CARTESIAN_POINT('Axis2P3D Location',(32.268410312,24.8683081151,-16.5)) ;
#2612=CARTESIAN_POINT('Vertex',(30.8379427523,24.8683081151,-17.897770568)) ;
#2615=CARTESIAN_POINT('Axis2P3D Location',(32.268410312,24.8683081151,-16.5)) ;
#2626=CARTESIAN_POINT('Axis2P3D Location',(25.9909383944,21.9605323088,-10.0756839208)) ;
#2631=CARTESIAN_POINT('Line Origine',(24.5604708347,21.9605323088,-11.4734544888)) ;
#2635=CARTESIAN_POINT('Vertex',(20.4304675597,20.0474813608,-7.246841165)) ;
#2638=CARTESIAN_POINT('Axis2P3D Location',(21.8609351193,20.0474813608,-5.84907059702)) ;
#2642=CARTESIAN_POINT('Vertex',(21.0203216628,21.8622455374,-5.84907059702)) ;
#2645=CARTESIAN_POINT('Line Origine',(25.1503249379,23.7752964854,-10.0756839208)) ;
#2657=CARTESIAN_POINT('Axis2P3D Location',(87.,18.,-18.5)) ;
#2662=CARTESIAN_POINT('Line Origine',(22.9425808337,9.76404610719,-18.5)) ;
#2666=CARTESIAN_POINT('Vertex',(28.8851616675,10.5280922144,-18.5)) ;
#2668=CARTESIAN_POINT('Vertex',(17.,9.,-18.5)) ;
#2671=CARTESIAN_POINT('Line Origine',(17.,9.,-14.9344085005)) ;
#2675=CARTESIAN_POINT('Vertex',(17.,9.,-11.3688170009)) ;
#2678=CARTESIAN_POINT('Line Origine',(17.,9.,-10.0067143669)) ;
#2682=CARTESIAN_POINT('Vertex',(17.,9.,-8.64461173299)) ;
#2686=CARTESIAN_POINT('Control Point',(17.7385254203,9.09495326833,-7.09261890603)) ;
#2687=CARTESIAN_POINT('Control Point',(17.6034874517,9.07759124379,-7.20237931228)) ;
#2688=CARTESIAN_POINT('Control Point',(17.4802688803,9.06174885603,-7.32692388427)) ;
#2689=CARTESIAN_POINT('Control Point',(17.3710313031,9.04770402468,-7.46458228994)) ;
#2690=CARTESIAN_POINT('Control Point',(17.1808717285,9.02325493652,-7.76704502462)) ;
#2691=CARTESIAN_POINT('Control Point',(17.0614928787,9.00790622726,-8.10448299674)) ;
#2692=CARTESIAN_POINT('Control Point',(17.0204962165,9.00263522784,-8.28243012249)) ;
#2693=CARTESIAN_POINT('Control Point',(17.,9.,-8.46352074358)) ;
#2694=CARTESIAN_POINT('Control Point',(17.,9.,-8.64461173299)) ;
#2695=CARTESIAN_POINT('Vertex',(17.7385254203,9.09495326833,-7.09261890603)) ;
#2698=CARTESIAN_POINT('Line Origine',(23.3118435439,9.81152274136,-12.796309453)) ;
#2711=CARTESIAN_POINT('Axis2P3D Location',(31.4264066916,18.,-18.5)) ;
#2716=CARTESIAN_POINT('Line Origine',(25.634205156,11.9426576897,-12.5723058665)) ;
#2720=CARTESIAN_POINT('Vertex',(20.4304675597,11.273605713,-7.246841165)) ;
#2722=CARTESIAN_POINT('Vertex',(30.8379427523,12.6117096663,-17.897770568)) ;
#2725=CARTESIAN_POINT('Line Origine',(20.4304675597,15.6605435369,-7.246841165)) ;
#2730=CARTESIAN_POINT('Line Origine',(30.8379427523,18.7400088907,-17.897770568)) ;
#2742=CARTESIAN_POINT('Axis2P3D Location',(19.,0.,-8.64461173299)) ;
#2748=CARTESIAN_POINT('Control Point',(20.4304675597,11.273605713,-7.246841165)) ;
#2749=CARTESIAN_POINT('Control Point',(20.3815703593,11.1970724846,-7.19680014931)) ;
#2750=CARTESIAN_POINT('Control Point',(20.3303983253,11.1206532219,-7.14880862858)) ;
#2751=CARTESIAN_POINT('Control Point',(20.3184298073,11.1029960876,-7.13825415511)) ;
#2752=CARTESIAN_POINT('Control Point',(20.0130419878,10.6711879384,-6.88474852499)) ;
#2753=CARTESIAN_POINT('Control Point',(19.6415130841,10.2467470557,-6.70528690734)) ;
#2754=CARTESIAN_POINT('Control Point',(19.2949987085,9.91064310577,-6.61428953778)) ;
#2755=CARTESIAN_POINT('Control Point',(18.7516426197,9.48259321897,-6.59812009673)) ;
#2756=CARTESIAN_POINT('Control Point',(18.1810522179,9.21106893583,-6.80861937309)) ;
#2757=CARTESIAN_POINT('Control Point',(18.026246698,9.15199596461,-6.88438314787)) ;
#2758=CARTESIAN_POINT('Control Point',(17.8769449727,9.11275007307,-6.98011012227)) ;
#2759=CARTESIAN_POINT('Control Point',(17.7385253803,9.09495326833,-7.09261889029)) ;
#2761=CARTESIAN_POINT('Line Origine',(17.,0.,-8.64461173299)) ;
#2765=CARTESIAN_POINT('Vertex',(17.,16.8694393554,-8.64461173299)) ;
#2769=CARTESIAN_POINT('Control Point',(20.4304675597,20.0474813608,-7.246841165)) ;
#2770=CARTESIAN_POINT('Control Point',(20.0676438311,19.7113555848,-6.87553017486)) ;
#2771=CARTESIAN_POINT('Control Point',(19.6016429205,19.2796462647,-6.63964879618)) ;
#2772=CARTESIAN_POINT('Control Point',(19.1035644665,18.8182182473,-6.55892321692)) ;
#2773=CARTESIAN_POINT('Control Point',(18.4259897278,18.1905001498,-6.64525108342)) ;
#2774=CARTESIAN_POINT('Control Point',(17.8414226424,17.6489484113,-6.9995577295)) ;
#2775=CARTESIAN_POINT('Control Point',(17.696606899,17.5147887687,-7.1110069952)) ;
#2776=CARTESIAN_POINT('Control Point',(17.3780888159,17.2197080208,-7.42079298541)) ;
#2777=CARTESIAN_POINT('Control Point',(17.1457660145,17.004481029,-7.82432955196)) ;
#2778=CARTESIAN_POINT('Control Point',(17.048502478,16.9143766277,-8.0874717459)) ;
#2779=CARTESIAN_POINT('Control Point',(17.,16.8694392607,-8.36603685118)) ;
#2780=CARTESIAN_POINT('Control Point',(17.,16.8694393554,-8.64461173299)) ;
#2790=CARTESIAN_POINT('Axis2P3D Location',(32.268410312,-2.5,-16.5)) ;
#2795=CARTESIAN_POINT('Line Origine',(32.268410312,-2.5,-18.5)) ;
#2799=CARTESIAN_POINT('Vertex',(32.268410312,12.9795442061,-18.5)) ;
#2803=CARTESIAN_POINT('Control Point',(32.268410312,12.9795442061,-18.5)) ;
#2804=CARTESIAN_POINT('Control Point',(31.87088884,12.8773243075,-18.5)) ;
#2805=CARTESIAN_POINT('Control Point',(31.4730314535,12.7750182252,-18.3946336733)) ;
#2806=CARTESIAN_POINT('Control Point',(31.1176115993,12.683624492,-18.1839814968)) ;
#2807=CARTESIAN_POINT('Control Point',(30.8379427533,12.6117096588,-17.897770569)) ;
#2817=CARTESIAN_POINT('Control Point',(32.4730116285,11.3882013743,-19.3059453955)) ;
#2818=CARTESIAN_POINT('Control Point',(32.4446591368,11.6087205702,-19.0071964155)) ;
#2819=CARTESIAN_POINT('Control Point',(32.4074395178,11.8982063431,-18.7601960947)) ;
#2820=CARTESIAN_POINT('Control Point',(32.3633891513,12.2408201975,-18.5866771929)) ;
#2821=CARTESIAN_POINT('Control Point',(32.3158997439,12.6101822018,-18.4999999891)) ;
#2822=CARTESIAN_POINT('Control Point',(32.2684103434,12.9795442061,-18.4999999933)) ;
#2823=CARTESIAN_POINT('Control Point',(32.0250119363,11.3206586417,-19.3191964018)) ;
#2824=CARTESIAN_POINT('Control Point',(32.0440713042,11.541892302,-19.0224676614)) ;
#2825=CARTESIAN_POINT('Control Point',(32.0463432891,11.8296951424,-18.7755772782)) ;
#2826=CARTESIAN_POINT('Control Point',(32.0303633582,12.1685803165,-18.5995418961)) ;
#2827=CARTESIAN_POINT('Control Point',(31.9972694197,12.5331743028,-18.5075512513)) ;
#2828=CARTESIAN_POINT('Control Point',(31.9503930487,12.8977682891,-18.5000000206)) ;
#2829=CARTESIAN_POINT('Control Point',(31.5718139048,11.2525854902,-19.2432543936)) ;
#2830=CARTESIAN_POINT('Control Point',(31.637487251,11.4744922111,-18.9579189648)) ;
#2831=CARTESIAN_POINT('Control Point',(31.6792005955,11.7606622609,-18.718956901)) ;
#2832=CARTESIAN_POINT('Control Point',(31.6922731111,12.0959609247,-18.5460064822)) ;
#2833=CARTESIAN_POINT('Control Point',(31.6756624084,12.4559767409,-18.4516494079)) ;
#2834=CARTESIAN_POINT('Control Point',(31.6323764399,12.815992557,-18.4367906571)) ;
#2835=CARTESIAN_POINT('Control Point',(31.1367227197,11.1874813215,-19.0752920647)) ;
#2836=CARTESIAN_POINT('Control Point',(31.2458340079,11.4099869065,-18.810301341)) ;
#2837=CARTESIAN_POINT('Control Point',(31.3249062394,11.6946569942,-18.5870647395)) ;
#2838=CARTESIAN_POINT('Control Point',(31.3664884866,12.0266909087,-18.4233305912)) ;
#2839=CARTESIAN_POINT('Control Point',(31.3675606214,12.3825470677,-18.3306731396)) ;
#2840=CARTESIAN_POINT('Control Point',(31.3306399596,12.7384032267,-18.3103434983)) ;
#2841=CARTESIAN_POINT('Control Point',(30.7456096655,11.1291191944,-18.8219162896)) ;
#2842=CARTESIAN_POINT('Control Point',(30.8929261575,11.3521335897,-18.5850081208)) ;
#2843=CARTESIAN_POINT('Control Point',(31.0052481216,11.6354984302,-18.3845063692)) ;
#2844=CARTESIAN_POINT('Control Point',(31.0728387221,11.9647103701,-18.2359317942)) ;
#2845=CARTESIAN_POINT('Control Point',(31.0909872459,12.316975951,-18.14954496)) ;
#2846=CARTESIAN_POINT('Control Point',(31.0616776607,12.6692415319,-18.1267391573)) ;
#2847=CARTESIAN_POINT('Control Point',(30.4185090943,11.080394981,-18.4999999655)) ;
#2848=CARTESIAN_POINT('Control Point',(30.5973305114,11.3038193187,-18.2971965686)) ;
#2849=CARTESIAN_POINT('Control Point',(30.7372824927,11.5861154089,-18.1249779389)) ;
#2850=CARTESIAN_POINT('Control Point',(30.8268249549,11.9130269682,-17.9964114368)) ;
#2851=CARTESIAN_POINT('Control Point',(30.8598811464,12.2623683168,-17.9202221597)) ;
#2852=CARTESIAN_POINT('Control Point',(30.8379426793,12.6117096655,-17.8977705029)) ;
#2854=CARTESIAN_POINT('Control Point',(30.4185090943,11.080394981,-18.4999999655)) ;
#2855=CARTESIAN_POINT('Control Point',(30.6420358299,11.3596753584,-18.2464957599)) ;
#2856=CARTESIAN_POINT('Control Point',(30.8009875181,11.7376957206,-18.043685618)) ;
#2857=CARTESIAN_POINT('Control Point',(30.8653657323,12.17503277,-17.9258351304)) ;
#2858=CARTESIAN_POINT('Control Point',(30.8379426969,12.6117093859,-17.8977705209)) ;
#2859=CARTESIAN_POINT('Vertex',(30.4185091384,11.0803949823,-18.5)) ;
#2863=CARTESIAN_POINT('Control Point',(30.4185090943,11.080394981,-18.4999999655)) ;
#2864=CARTESIAN_POINT('Control Point',(30.6447975466,11.229799483,-18.4999999655)) ;
#2865=CARTESIAN_POINT('Control Point',(30.8489645302,11.3914057052,-18.4999996424)) ;
#2866=CARTESIAN_POINT('Control Point',(31.0340712473,11.5579906706,-18.4999997862)) ;
#2867=CARTESIAN_POINT('Control Point',(31.3146784559,11.8353276427,-18.5000001393)) ;
#2868=CARTESIAN_POINT('Control Point',(31.5643984454,12.1138512477,-18.4999999092)) ;
#2869=CARTESIAN_POINT('Control Point',(31.6591269773,12.2236034087,-18.499999127)) ;
#2870=CARTESIAN_POINT('Control Point',(31.8148661584,12.4094452842,-18.4999993279)) ;
#2871=CARTESIAN_POINT('Control Point',(31.9644035721,12.5946981431,-18.4999998658)) ;
#2872=CARTESIAN_POINT('Control Point',(32.0250281371,12.670675231,-18.4999999905)) ;
#2873=CARTESIAN_POINT('Control Point',(32.1112803308,12.7796355954,-18.5000000041)) ;
#2874=CARTESIAN_POINT('Control Point',(32.1969463512,12.88854545,-18.4999999982)) ;
#2875=CARTESIAN_POINT('Control Point',(32.2165469053,12.9134590674,-18.4999999978)) ;
#2876=CARTESIAN_POINT('Control Point',(32.2424716975,12.9465103244,-18.4999999956)) ;
#2877=CARTESIAN_POINT('Control Point',(32.2684103434,12.9795442061,-18.4999999933)) ;
#2885=CARTESIAN_POINT('Axis2P3D Location',(23.0877995773,11.7991799443,-12.8280341198)) ;
#2891=CARTESIAN_POINT('Control Point',(28.8851616675,10.5280922144,-18.5)) ;
#2892=CARTESIAN_POINT('Control Point',(29.2926911626,10.5804888638,-18.5)) ;
#2893=CARTESIAN_POINT('Control Point',(29.6922913302,10.6893595796,-18.4999974029)) ;
#2894=CARTESIAN_POINT('Control Point',(30.075619158,10.854005584,-18.5)) ;
#2895=CARTESIAN_POINT('Control Point',(30.4185091384,11.0803949823,-18.5)) ;
#2906=CARTESIAN_POINT('Control Point',(20.4304675597,20.0474813608,-7.246841165)) ;
#2907=CARTESIAN_POINT('Control Point',(20.3759893174,20.2882695355,-7.19108855436)) ;
#2908=CARTESIAN_POINT('Control Point',(20.3501420809,20.5290587632,-7.10735889618)) ;
#2909=CARTESIAN_POINT('Control Point',(20.3547628893,20.7618103598,-6.997495613)) ;
#2910=CARTESIAN_POINT('Control Point',(20.4246207376,21.1952043472,-6.73307163214)) ;
#2911=CARTESIAN_POINT('Control Point',(20.6072152077,21.5385133128,-6.3992622217)) ;
#2912=CARTESIAN_POINT('Control Point',(20.7246077244,21.6811518511,-6.21999191448)) ;
#2913=CARTESIAN_POINT('Control Point',(20.8640524681,21.7898603814,-6.03453085023)) ;
#2914=CARTESIAN_POINT('Control Point',(21.0203216628,21.8622455374,-5.84907059702)) ;
#2915=CARTESIAN_POINT('Control Point',(20.2367473712,19.868015842,-7.04858942644)) ;
#2916=CARTESIAN_POINT('Control Point',(20.1657107176,20.1136864561,-6.99134895863)) ;
#2917=CARTESIAN_POINT('Control Point',(20.1213587481,20.3593583564,-6.90027629323)) ;
#2918=CARTESIAN_POINT('Control Point',(20.1062053743,20.5962868019,-6.7773841325)) ;
#2919=CARTESIAN_POINT('Control Point',(20.1353158406,21.0352204584,-6.47695495)) ;
#2920=CARTESIAN_POINT('Control Point',(20.2769150884,21.3765830036,-6.09153315978)) ;
#2921=CARTESIAN_POINT('Control Point',(20.3742901452,21.5159062639,-5.88361908396)) ;
#2922=CARTESIAN_POINT('Control Point',(20.4946060948,21.6187298308,-5.66809254909)) ;
#2923=CARTESIAN_POINT('Control Point',(20.632881286,21.6827800186,-5.4525671199)) ;
#2924=CARTESIAN_POINT('Control Point',(20.0136139972,19.6613018903,-6.88894521935)) ;
#2925=CARTESIAN_POINT('Control Point',(19.9252659962,19.9128976941,-6.83532172463)) ;
#2926=CARTESIAN_POINT('Control Point',(19.8607573533,20.1644951054,-6.7417799912)) ;
#2927=CARTESIAN_POINT('Control Point',(19.823418258,20.4064846532,-6.61036033473)) ;
#2928=CARTESIAN_POINT('Control Point',(19.8058371476,20.8520956866,-6.28212547808)) ;
#2929=CARTESIAN_POINT('Control Point',(19.899056792,21.1910396611,-5.85192111694)) ;
#2930=CARTESIAN_POINT('Control Point',(19.9725633745,21.3263198173,-5.61849216217)) ;
#2931=CARTESIAN_POINT('Control Point',(20.0699419348,21.4220215038,-5.3758849355)) ;
#2932=CARTESIAN_POINT('Control Point',(20.1866154412,21.4760660669,-5.13327921229)) ;
#2933=CARTESIAN_POINT('Control Point',(19.7712965525,19.4368150438,-6.77139813056)) ;
#2934=CARTESIAN_POINT('Control Point',(19.6670146359,19.6953489608,-6.7265416531)) ;
#2935=CARTESIAN_POINT('Control Point',(19.5825231742,19.9538849286,-6.63561261836)) ;
#2936=CARTESIAN_POINT('Control Point',(19.5220769248,20.2017879975,-6.50047580998)) ;
#2937=CARTESIAN_POINT('Control Point',(19.4542157709,20.6551436724,-6.15336628123)) ;
#2938=CARTESIAN_POINT('Control Point',(19.4929968828,20.9911637455,-5.68607354226)) ;
#2939=CARTESIAN_POINT('Control Point',(19.5392432797,21.1216776025,-5.43069941457)) ;
#2940=CARTESIAN_POINT('Control Point',(19.6102158531,21.2090729937,-5.16444096459)) ;
#2941=CARTESIAN_POINT('Control Point',(19.7019804593,21.2515792204,-4.8981845807)) ;
#2942=CARTESIAN_POINT('Control Point',(19.2980735974,18.9984129336,-6.62969562695)) ;
#2943=CARTESIAN_POINT('Control Point',(19.1699109725,19.2718409102,-6.60895314142)) ;
#2944=CARTESIAN_POINT('Control Point',(19.0513570338,19.54527209,-6.53122474703)) ;
#2945=CARTESIAN_POINT('Control Point',(18.9484312912,19.8058355067,-6.39754004091)) ;
#2946=CARTESIAN_POINT('Control Point',(18.7836535,20.2756188089,-6.03155032129)) ;
#2947=CARTESIAN_POINT('Control Point',(18.7112539266,20.6051197086,-5.51031466463)) ;
#2948=CARTESIAN_POINT('Control Point',(18.7007649487,20.7253181582,-5.221293077)) ;
#2949=CARTESIAN_POINT('Control Point',(18.7162331079,20.7949731712,-4.91803451178)) ;
#2950=CARTESIAN_POINT('Control Point',(18.7555330306,20.8131771102,-4.61477947501)) ;
#2951=CARTESIAN_POINT('Control Point',(18.8104525255,18.5466734923,-6.63443659099)) ;
#2952=CARTESIAN_POINT('Control Point',(18.6737110141,18.838677169,-6.64672631197)) ;
#2953=CARTESIAN_POINT('Control Point',(18.5314828398,19.1306860739,-6.59390630189)) ;
#2954=CARTESIAN_POINT('Control Point',(18.3911390128,19.4069550816,-6.47528236957)) ;
#2955=CARTESIAN_POINT('Control Point',(18.1299658172,19.8967435972,-6.11998315719)) ;
#2956=CARTESIAN_POINT('Control Point',(17.9320229772,20.2175311014,-5.57737707989)) ;
#2957=CARTESIAN_POINT('Control Point',(17.8549613976,20.32466723,-5.27130008849)) ;
#2958=CARTESIAN_POINT('Control Point',(17.8040195179,20.3724282588,-4.94777789124)) ;
#2959=CARTESIAN_POINT('Control Point',(17.7802922122,20.3614376689,-4.62426148906)) ;
#2960=CARTESIAN_POINT('Control Point',(18.5846618101,18.3374972212,-6.66831934111)) ;
#2961=CARTESIAN_POINT('Control Point',(18.4478183007,18.6388959841,-6.69694592449)) ;
#2962=CARTESIAN_POINT('Control Point',(18.297416242,18.9403011223,-6.65758053285)) ;
#2963=CARTESIAN_POINT('Control Point',(18.1413111155,19.2244961563,-6.54854041889)) ;
#2964=CARTESIAN_POINT('Control Point',(17.83637865,19.7243028102,-6.20440776801)) ;
#2965=CARTESIAN_POINT('Control Point',(17.5776369269,20.0405629213,-5.65953811402)) ;
#2966=CARTESIAN_POINT('Control Point',(17.4677674405,20.1410518248,-5.34958523997)) ;
#2967=CARTESIAN_POINT('Control Point',(17.3838183041,20.177787625,-5.02080251021)) ;
#2968=CARTESIAN_POINT('Control Point',(17.3287105722,20.1522613979,-4.69202681045)) ;
#2969=CARTESIAN_POINT('Control Point',(17.9606712002,17.7594216828,-6.85522522595)) ;
#2970=CARTESIAN_POINT('Control Point',(17.8379994403,18.090114916,-6.92796077274)) ;
#2971=CARTESIAN_POINT('Control Point',(17.6759919331,18.420818819,-6.9284174232)) ;
#2972=CARTESIAN_POINT('Control Point',(17.4828534657,18.7296461435,-6.85180234285)) ;
#2973=CARTESIAN_POINT('Control Point',(17.0611717634,19.2602287218,-6.55573575151)) ;
#2974=CARTESIAN_POINT('Control Point',(16.6241992983,19.561830612,-6.02986375022)) ;
#2975=CARTESIAN_POINT('Control Point',(16.4157639342,19.6414162964,-5.72317644884)) ;
#2976=CARTESIAN_POINT('Control Point',(16.2314706538,19.6440112061,-5.39450225082)) ;
#2977=CARTESIAN_POINT('Control Point',(16.0807281964,19.5741858594,-5.06583897289)) ;
#2978=CARTESIAN_POINT('Control Point',(17.4262824252,17.2643562502,-7.29472911222)) ;
#2979=CARTESIAN_POINT('Control Point',(17.3504743641,17.6282941297,-7.39099051402)) ;
#2980=CARTESIAN_POINT('Control Point',(17.2051818588,17.9922491857,-7.42435942764)) ;
#2981=CARTESIAN_POINT('Control Point',(16.9963075841,18.328848392,-7.38744233586)) ;
#2982=CARTESIAN_POINT('Control Point',(16.4850927954,18.8933293463,-7.17959310129)) ;
#2983=CARTESIAN_POINT('Control Point',(15.8708367855,19.1770936098,-6.75362110585)) ;
#2984=CARTESIAN_POINT('Control Point',(15.5587886514,19.232566273,-6.4982491934)) ;
#2985=CARTESIAN_POINT('Control Point',(15.2663244383,19.1969470432,-6.22154062076)) ;
#2986=CARTESIAN_POINT('Control Point',(15.011952762,19.0791204268,-5.94484602662)) ;
#2987=CARTESIAN_POINT('Control Point',(17.14420212,17.0030317655,-7.68552408133)) ;
#2988=CARTESIAN_POINT('Control Point',(17.1163091184,17.3907075433,-7.7758906604)) ;
#2989=CARTESIAN_POINT('Control Point',(16.9987204318,17.7784065663,-7.81791161823)) ;
#2990=CARTESIAN_POINT('Control Point',(16.793541811,18.1347038372,-7.80374366744)) ;
#2991=CARTESIAN_POINT('Control Point',(16.2438538522,18.7226541749,-7.66562190486)) ;
#2992=CARTESIAN_POINT('Control Point',(15.5191034968,18.9928442144,-7.34709559207)) ;
#2993=CARTESIAN_POINT('Control Point',(15.1385702475,19.0308375942,-7.15218703504)) ;
#2994=CARTESIAN_POINT('Control Point',(14.7727793567,18.9683346816,-6.93930461165)) ;
#2995=CARTESIAN_POINT('Control Point',(14.4477905902,18.8177959421,-6.72643671635)) ;
#2996=CARTESIAN_POINT('Control Point',(16.9999983569,16.8694392019,-8.16632276658)) ;
#2997=CARTESIAN_POINT('Control Point',(16.9999982558,17.2703548859,-8.21073359846)) ;
#2998=CARTESIAN_POINT('Control Point',(16.8995968546,17.6712975346,-8.23113701008)) ;
#2999=CARTESIAN_POINT('Control Point',(16.698401206,18.038556213,-8.22370474978)) ;
#3000=CARTESIAN_POINT('Control Point',(16.1307993379,18.639458977,-8.15453008457)) ;
#3001=CARTESIAN_POINT('Control Point',(15.3469836216,18.9019270755,-7.99615948103)) ;
#3002=CARTESIAN_POINT('Control Point',(14.9291754776,18.930127095,-7.8993668262)) ;
#3003=CARTESIAN_POINT('Control Point',(14.5231675319,18.8527107047,-7.79369661885)) ;
#3004=CARTESIAN_POINT('Control Point',(14.15938336,18.6842033785,-7.68803352516)) ;
#3005=CARTESIAN_POINT('Control Point',(16.9999985741,16.8694393554,-8.64461177415)) ;
#3006=CARTESIAN_POINT('Control Point',(16.9999984896,17.2703550781,-8.64461175365)) ;
#3007=CARTESIAN_POINT('Control Point',(16.8995971027,17.6712977654,-8.64461172903)) ;
#3008=CARTESIAN_POINT('Control Point',(16.6984014648,18.0385564758,-8.644611702)) ;
#3009=CARTESIAN_POINT('Control Point',(16.1307996126,18.6394592776,-8.64461164802)) ;
#3010=CARTESIAN_POINT('Control Point',(15.3469839105,18.9019273537,-8.64461160248)) ;
#3011=CARTESIAN_POINT('Control Point',(14.9291757753,18.9301273447,-8.64461158392)) ;
#3012=CARTESIAN_POINT('Control Point',(14.5231678434,18.8527109109,-8.64461157125)) ;
#3013=CARTESIAN_POINT('Control Point',(14.1593836915,18.6842035321,-8.64461156496)) ;
#3015=CARTESIAN_POINT('Control Point',(21.0203216628,21.8622455374,-5.84907059702)) ;
#3016=CARTESIAN_POINT('Control Point',(20.632881286,21.6827800186,-5.4525671199)) ;
#3017=CARTESIAN_POINT('Control Point',(20.1866154412,21.4760660669,-5.13327921229)) ;
#3018=CARTESIAN_POINT('Control Point',(19.7019804593,21.2515792204,-4.8981845807)) ;
#3019=CARTESIAN_POINT('Control Point',(18.8649003286,20.863836928,-4.6475285213)) ;
#3020=CARTESIAN_POINT('Control Point',(18.005296802,20.4656616162,-4.62598103932)) ;
#3021=CARTESIAN_POINT('Control Point',(17.6648294908,20.3079544017,-4.6534064295)) ;
#3022=CARTESIAN_POINT('Control Point',(17.3283389633,20.1520892656,-4.71688259822)) ;
#3023=CARTESIAN_POINT('Control Point',(17.,20.,-4.81631918347)) ;
#3024=CARTESIAN_POINT('Vertex',(17.,20.,-4.81631918347)) ;
#3028=CARTESIAN_POINT('Control Point',(17.,20.,-4.81631918347)) ;
#3029=CARTESIAN_POINT('Control Point',(17.,19.9999999732,-5.14128583802)) ;
#3030=CARTESIAN_POINT('Control Point',(16.9999999467,19.9323680892,-5.45872967615)) ;
#3031=CARTESIAN_POINT('Control Point',(17.0000004996,19.8131353812,-5.74283951282)) ;
#3032=CARTESIAN_POINT('Control Point',(16.9999996344,19.5667874527,-6.17851470578)) ;
#3033=CARTESIAN_POINT('Control Point',(17.0000002676,19.2798895778,-6.53351744276)) ;
#3034=CARTESIAN_POINT('Control Point',(17.0000001925,19.1556542137,-6.67134195321)) ;
#3035=CARTESIAN_POINT('Control Point',(16.9999997282,18.8539206987,-6.97954076211)) ;
#3036=CARTESIAN_POINT('Control Point',(17.0000003838,18.5530928826,-7.24068580558)) ;
#3037=CARTESIAN_POINT('Control Point',(17.0000002071,18.3806327143,-7.38245914474)) ;
#3038=CARTESIAN_POINT('Control Point',(16.9999996873,17.9565350662,-7.72030341068)) ;
#3039=CARTESIAN_POINT('Control Point',(17.0000004723,17.5559903898,-8.03155762615)) ;
#3040=CARTESIAN_POINT('Control Point',(16.999998272,17.3248547315,-8.22021203293)) ;
#3041=CARTESIAN_POINT('Control Point',(16.9999984248,17.0939345969,-8.4201261043)) ;
#3042=CARTESIAN_POINT('Control Point',(16.9999985741,16.8694393554,-8.64461177414)) ;
#3051=CARTESIAN_POINT('Axis2P3D Location',(26.9590300522,22.408960201,16.5)) ;
#3056=CARTESIAN_POINT('Line Origine',(26.9590300522,22.408960201,18.5)) ;
#3060=CARTESIAN_POINT('Vertex',(32.2784729841,24.8729692262,18.5)) ;
#3063=CARTESIAN_POINT('Line Origine',(26.1184165956,24.2237243777,16.5)) ;
#3067=CARTESIAN_POINT('Vertex',(31.4378595276,26.6877334028,16.5)) ;
#3070=CARTESIAN_POINT('Axis2P3D Location',(32.2784729841,24.8729692262,16.5)) ;
#3082=CARTESIAN_POINT('Axis2P3D Location',(52.3633880615,36.380607605,-18.5)) ;
#3087=CARTESIAN_POINT('Line Origine',(17.,20.,-0.0968360794229)) ;
#3091=CARTESIAN_POINT('Vertex',(17.,20.,4.62264702462)) ;
#3095=CARTESIAN_POINT('Control Point',(17.,20.,4.62264702462)) ;
#3096=CARTESIAN_POINT('Control Point',(17.1546781706,20.0716481807,4.57580320627)) ;
#3097=CARTESIAN_POINT('Control Point',(17.3111533777,20.1441287633,4.53694355235)) ;
#3098=CARTESIAN_POINT('Control Point',(17.4689847539,20.2172375343,4.50607612398)) ;
#3099=CARTESIAN_POINT('Control Point',(18.0757544185,20.4982981545,4.41863986459)) ;
#3100=CARTESIAN_POINT('Control Point',(18.6906390027,20.7831176712,4.44782657214)) ;
#3101=CARTESIAN_POINT('Control Point',(19.1403599045,20.9914320333,4.53291048859)) ;
#3102=CARTESIAN_POINT('Control Point',(19.8203832006,21.3064243286,4.76501077582)) ;
#3103=CARTESIAN_POINT('Control Point',(20.4417416404,21.5942425876,5.15031297689)) ;
#3104=CARTESIAN_POINT('Control Point',(20.6550331295,21.6930409319,5.3079536531)) ;
#3105=CARTESIAN_POINT('Control Point',(20.8566444848,21.7864289436,5.48481727399)) ;
#3106=CARTESIAN_POINT('Control Point',(21.0440630121,21.8732427225,5.67991716459)) ;
#3107=CARTESIAN_POINT('Vertex',(21.0440695175,21.8732457359,5.6799095744)) ;
#3110=CARTESIAN_POINT('Line Origine',(26.2409645225,24.2804895694,11.0899547872)) ;
#3128=CARTESIAN_POINT('Axis2P3D Location',(25.9349927639,21.9346178399,9.89634247668)) ;
#3133=CARTESIAN_POINT('Axis2P3D Location',(21.884682974,20.0584815593,5.6799095744)) ;
#3137=CARTESIAN_POINT('Vertex',(20.442341487,20.0584815593,7.06542429277)) ;
#3140=CARTESIAN_POINT('Line Origine',(24.4926512769,21.9346178399,11.2818571951)) ;
#3144=CARTESIAN_POINT('Vertex',(30.8361314971,24.8729692262,17.8855147184)) ;
#3147=CARTESIAN_POINT('Axis2P3D Location',(32.2784729841,24.8729692262,16.5)) ;
#3159=CARTESIAN_POINT('Axis2P3D Location',(32.2784729841,24.8729692262,16.5)) ;
#3164=CARTESIAN_POINT('Axis2P3D Location',(32.2784729841,24.8729692262,16.5)) ;
#3176=CARTESIAN_POINT('Control Point',(16.9999998153,16.8694405048,8.4509386617)) ;
#3177=CARTESIAN_POINT('Control Point',(16.9999998052,17.27035641,8.45093869937)) ;
#3178=CARTESIAN_POINT('Control Point',(16.8995985077,17.6712992799,8.45093872149)) ;
#3179=CARTESIAN_POINT('Control Point',(16.6984029676,18.0385581415,8.45093872483)) ;
#3180=CARTESIAN_POINT('Control Point',(16.1308013284,18.6394611225,8.45093869338)) ;
#3181=CARTESIAN_POINT('Control Point',(15.3469858886,18.9019290928,8.45093859663)) ;
#3182=CARTESIAN_POINT('Control Point',(14.9291779002,18.930128949,8.45093853457)) ;
#3183=CARTESIAN_POINT('Control Point',(14.5231701366,18.8527123092,8.45093846441)) ;
#3184=CARTESIAN_POINT('Control Point',(14.1593861729,18.6842046815,8.45093839224)) ;
#3185=CARTESIAN_POINT('Control Point',(17.000001107,16.869441692,8.03142178005)) ;
#3186=CARTESIAN_POINT('Control Point',(17.0000011567,17.2703577709,8.07037550256)) ;
#3187=CARTESIAN_POINT('Control Point',(16.8995999382,17.6713008146,8.08827180505)) ;
#3188=CARTESIAN_POINT('Control Point',(16.6984044909,18.0385598201,8.08175284178)) ;
#3189=CARTESIAN_POINT('Control Point',(16.130803066,18.6394629716,8.02107831566)) ;
#3190=CARTESIAN_POINT('Control Point',(15.3469879075,18.9019308411,7.88216810514)) ;
#3191=CARTESIAN_POINT('Control Point',(14.9291800789,18.930130569,7.79726920923)) ;
#3192=CARTESIAN_POINT('Control Point',(14.5231724977,18.8527137332,7.70458362024)) ;
#3193=CARTESIAN_POINT('Control Point',(14.1593887358,18.6842058686,7.6119042717)) ;
#3194=CARTESIAN_POINT('Control Point',(17.1104261107,16.9717412948,7.61065614855)) ;
#3195=CARTESIAN_POINT('Control Point',(17.0894592429,17.3626392313,7.68951105184)) ;
#3196=CARTESIAN_POINT('Control Point',(16.9762394549,17.7535613479,7.72606803943)) ;
#3197=CARTESIAN_POINT('Control Point',(16.7722269831,18.1125239059,7.71348950392)) ;
#3198=CARTESIAN_POINT('Control Point',(16.2185334982,18.7036135114,7.59235174582)) ;
#3199=CARTESIAN_POINT('Control Point',(15.4796529024,18.9719099932,7.31350958453)) ;
#3200=CARTESIAN_POINT('Control Point',(15.0901336259,19.0075157347,7.1429332686)) ;
#3201=CARTESIAN_POINT('Control Point',(14.7146165467,18.9413908605,6.95664731747)) ;
#3202=CARTESIAN_POINT('Control Point',(14.3802389412,18.7865054715,6.77037403952)) ;
#3203=CARTESIAN_POINT('Control Point',(17.329188149,17.1744053704,7.24886689982)) ;
#3204=CARTESIAN_POINT('Control Point',(17.2693241733,17.5463487644,7.34141535082)) ;
#3205=CARTESIAN_POINT('Control Point',(17.13309435,17.918311341,7.37680109028)) ;
#3206=CARTESIAN_POINT('Control Point',(16.9251747387,18.2615569465,7.34764809576)) ;
#3207=CARTESIAN_POINT('Control Point',(16.4004631184,18.8339710145,7.16549059114)) ;
#3208=CARTESIAN_POINT('Control Point',(15.748584507,19.113177607,6.78123747065)) ;
#3209=CARTESIAN_POINT('Control Point',(15.4133135676,19.1627615194,6.54966305572)) ;
#3210=CARTESIAN_POINT('Control Point',(15.0960282844,19.1180654556,6.29822213969)) ;
#3211=CARTESIAN_POINT('Control Point',(14.8177616828,18.989169547,6.04679503087)) ;
#3212=CARTESIAN_POINT('Control Point',(17.7517781682,17.5659004191,6.82074995564)) ;
#3213=CARTESIAN_POINT('Control Point',(17.6464226042,17.9093331699,6.90407405556)) ;
#3214=CARTESIAN_POINT('Control Point',(17.4901482268,18.2527790334,6.91806825948)) ;
#3215=CARTESIAN_POINT('Control Point',(17.290360031,18.5722536883,6.85683466978)) ;
#3216=CARTESIAN_POINT('Control Point',(16.8333282534,19.1158543165,6.59344140431)) ;
#3217=CARTESIAN_POINT('Control Point',(16.327781025,19.4106529871,6.10230856808)) ;
#3218=CARTESIAN_POINT('Control Point',(16.0794251422,19.4810086785,5.81303962561)) ;
#3219=CARTESIAN_POINT('Control Point',(15.8535282461,19.4689447113,5.50179407128)) ;
#3220=CARTESIAN_POINT('Control Point',(15.6629434774,19.3806645957,5.19056077514)) ;
#3221=CARTESIAN_POINT('Control Point',(18.2626408069,18.0391714186,6.57712977658)) ;
#3222=CARTESIAN_POINT('Control Point',(18.1336323492,18.355803988,6.62816913973)) ;
#3223=CARTESIAN_POINT('Control Point',(17.9776323339,18.6724451841,6.60928904798)) ;
#3224=CARTESIAN_POINT('Control Point',(17.8026439961,18.9694472751,6.51721116758)) ;
#3225=CARTESIAN_POINT('Control Point',(17.4376021755,19.4852449753,6.19887332833)) ;
#3226=CARTESIAN_POINT('Control Point',(17.0865149168,19.7938668291,5.66564440704)) ;
#3227=CARTESIAN_POINT('Control Point',(16.9254988225,19.8834803713,5.35845331784)) ;
#3228=CARTESIAN_POINT('Control Point',(16.7894434797,19.902468666,5.03088245509)) ;
#3229=CARTESIAN_POINT('Control Point',(16.6846678492,19.8539355952,4.70332060648)) ;
#3230=CARTESIAN_POINT('Control Point',(18.4431980056,18.2064424641,6.5162381863)) ;
#3231=CARTESIAN_POINT('Control Point',(18.3095068481,18.5144843022,6.55462825945)) ;
#3232=CARTESIAN_POINT('Control Point',(18.156451433,18.8225334999,6.52407704419)) ;
#3233=CARTESIAN_POINT('Control Point',(17.9919518451,19.1123137539,6.42222005227)) ;
#3234=CARTESIAN_POINT('Control Point',(17.660572369,19.6190961528,6.08875623622)) ;
#3235=CARTESIAN_POINT('Control Point',(17.3614566142,19.9320288656,5.54815370214)) ;
#3236=CARTESIAN_POINT('Control Point',(17.2292534413,20.0277766852,5.2389621955)) ;
#3237=CARTESIAN_POINT('Control Point',(17.1225639566,20.0567725532,4.91024581639)) ;
#3238=CARTESIAN_POINT('Control Point',(17.0457821029,20.0212066407,4.58153732442)) ;
#3239=CARTESIAN_POINT('Control Point',(18.9751167043,18.6992211611,6.40319705836)) ;
#3240=CARTESIAN_POINT('Control Point',(18.8365382095,18.9839228873,6.40389724486)) ;
#3241=CARTESIAN_POINT('Control Point',(18.6988029348,19.2686288471,6.34104952362)) ;
#3242=CARTESIAN_POINT('Control Point',(18.5690720296,19.5387490579,6.21471247372)) ;
#3243=CARTESIAN_POINT('Control Point',(18.3392333141,20.0208156518,5.848969889)) ;
#3244=CARTESIAN_POINT('Control Point',(18.1869865383,20.3451970607,5.30440342513)) ;
#3245=CARTESIAN_POINT('Control Point',(18.1349092347,20.4575238856,4.99911859149)) ;
#3246=CARTESIAN_POINT('Control Point',(18.1092648784,20.5138205905,4.67728445742)) ;
#3247=CARTESIAN_POINT('Control Point',(18.1096208024,20.5139853377,4.35545517528)) ;
#3248=CARTESIAN_POINT('Control Point',(19.5198314001,19.2038525386,6.47144965703)) ;
#3249=CARTESIAN_POINT('Control Point',(19.399787747,19.469715874,6.43707563213)) ;
#3250=CARTESIAN_POINT('Control Point',(19.2950620237,19.7355817412,6.35035803297)) ;
#3251=CARTESIAN_POINT('Control Point',(19.2108894965,19.9897290144,6.21292525039)) ;
#3252=CARTESIAN_POINT('Control Point',(19.0909482625,20.451249582,5.8494095182)) ;
#3253=CARTESIAN_POINT('Control Point',(19.0727280866,20.7841601726,5.34686442076)) ;
#3254=CARTESIAN_POINT('Control Point',(19.0903327844,20.9096316285,5.07033275733)) ;
#3255=CARTESIAN_POINT('Control Point',(19.1335111184,20.9882593948,4.78114513033)) ;
#3256=CARTESIAN_POINT('Control Point',(19.1990477432,21.0186167152,4.49196017171)) ;
#3257=CARTESIAN_POINT('Control Point',(19.863886095,19.5225917299,6.5922491248)) ;
#3258=CARTESIAN_POINT('Control Point',(19.7639423533,19.778168541,6.5413487777)) ;
#3259=CARTESIAN_POINT('Control Point',(19.6859224367,20.0337471763,6.44648868216)) ;
#3260=CARTESIAN_POINT('Control Point',(19.6337039369,20.2791370467,6.30972137186)) ;
#3261=CARTESIAN_POINT('Control Point',(19.584795423,20.7292337557,5.9636344779)) ;
#3262=CARTESIAN_POINT('Control Point',(19.6455370095,21.0665518789,5.50427178933)) ;
#3263=CARTESIAN_POINT('Control Point',(19.7030170507,21.1991152634,5.25418178774)) ;
#3264=CARTESIAN_POINT('Control Point',(19.7849926717,21.2900322437,4.99386984557)) ;
#3265=CARTESIAN_POINT('Control Point',(19.8871600516,21.3373559065,4.73355968226)) ;
#3266=CARTESIAN_POINT('Control Point',(20.1807644779,19.8161521505,6.7931314612)) ;
#3267=CARTESIAN_POINT('Control Point',(20.1048291857,20.0632138799,6.73511207397)) ;
#3268=CARTESIAN_POINT('Control Point',(20.0550551056,20.3102769595,6.64152556205)) ;
#3269=CARTESIAN_POINT('Control Point',(20.0341493033,20.548395986,6.51444443444)) ;
#3270=CARTESIAN_POINT('Control Point',(20.0514688139,20.98891095,6.20271652233)) ;
#3271=CARTESIAN_POINT('Control Point',(20.1812955284,21.3297225637,5.80142049182)) ;
#3272=CARTESIAN_POINT('Control Point',(20.272937895,21.4681025057,5.58473981257)) ;
#3273=CARTESIAN_POINT('Control Point',(20.3877838201,21.5692480286,5.36003113491)) ;
#3274=CARTESIAN_POINT('Control Point',(20.5209149966,21.6309163271,5.13532364724)) ;
#3275=CARTESIAN_POINT('Control Point',(20.4423437808,20.0584835377,7.06543380342)) ;
#3276=CARTESIAN_POINT('Control Point',(20.3888836375,20.2989726536,7.00978050062)) ;
#3277=CARTESIAN_POINT('Control Point',(20.3641728332,20.5394628083,6.92651031924)) ;
#3278=CARTESIAN_POINT('Control Point',(20.3700069514,20.7719585533,6.81745604609)) ;
#3279=CARTESIAN_POINT('Control Point',(20.4423633166,21.2050131571,6.55526136813)) ;
#3280=CARTESIAN_POINT('Control Point',(20.6274690234,21.5484412598,6.22464017902)) ;
#3281=CARTESIAN_POINT('Control Point',(20.7460872895,21.6912828355,6.04713827099)) ;
#3282=CARTESIAN_POINT('Control Point',(20.8867030974,21.8003518611,5.86353292918)) ;
#3283=CARTESIAN_POINT('Control Point',(21.0440737886,21.8732477143,5.67992838285)) ;
#3285=CARTESIAN_POINT('Control Point',(16.9999998153,16.8694405048,8.4509386617)) ;
#3286=CARTESIAN_POINT('Control Point',(16.9999999057,16.8694405879,8.42158258561)) ;
#3287=CARTESIAN_POINT('Control Point',(17.0005385878,16.8699396317,8.39222507669)) ;
#3288=CARTESIAN_POINT('Control Point',(17.0016159562,16.8709377238,8.36288393619)) ;
#3289=CARTESIAN_POINT('Control Point',(17.0134322513,16.8818845359,8.14845850678)) ;
#3290=CARTESIAN_POINT('Control Point',(17.053905764,16.9193798216,7.93686279707)) ;
#3291=CARTESIAN_POINT('Control Point',(17.1096220696,16.9709961907,7.76083437082)) ;
#3292=CARTESIAN_POINT('Control Point',(17.2654732828,17.1153795844,7.41187543395)) ;
#3293=CARTESIAN_POINT('Control Point',(17.4907945539,17.3241205192,7.11747853089)) ;
#3294=CARTESIAN_POINT('Control Point',(17.6246912492,17.4481645719,6.98074982313)) ;
#3295=CARTESIAN_POINT('Control Point',(17.9243939553,17.7258144041,6.73840543797)) ;
#3296=CARTESIAN_POINT('Control Point',(18.2625810853,18.0391160207,6.57718731878)) ;
#3297=CARTESIAN_POINT('Control Point',(18.4431738247,18.2064200764,6.51620099214)) ;
#3298=CARTESIAN_POINT('Control Point',(18.8507045454,18.583963565,6.42968774064)) ;
#3299=CARTESIAN_POINT('Control Point',(19.2656265373,18.9683534946,6.44938277755)) ;
#3300=CARTESIAN_POINT('Control Point',(19.49048701,19.1766678567,6.49192483713)) ;
#3301=CARTESIAN_POINT('Control Point',(19.8304983059,19.4916603014,6.60797489981)) ;
#3302=CARTESIAN_POINT('Control Point',(20.1411779458,19.7794786839,6.80062620393)) ;
#3303=CARTESIAN_POINT('Control Point',(20.2478238982,19.8782771476,6.87944673399)) ;
#3304=CARTESIAN_POINT('Control Point',(20.348629696,19.9716652615,6.9678787264)) ;
#3305=CARTESIAN_POINT('Control Point',(20.4423390127,20.0584791205,7.06542883995)) ;
#3306=CARTESIAN_POINT('Vertex',(17.,16.8694405048,8.45093901115)) ;
#3310=CARTESIAN_POINT('Control Point',(17.,20.,4.62264702462)) ;
#3311=CARTESIAN_POINT('Control Point',(17.,19.9999999853,4.9475683899)) ;
#3312=CARTESIAN_POINT('Control Point',(16.9999999469,19.9323869116,5.26497025944)) ;
#3313=CARTESIAN_POINT('Control Point',(17.0000004986,19.8131056366,5.54922249989)) ;
#3314=CARTESIAN_POINT('Control Point',(16.999999635,19.5667504127,5.98489436837)) ;
#3315=CARTESIAN_POINT('Control Point',(17.0000002671,19.2798724602,6.33986386031)) ;
#3316=CARTESIAN_POINT('Control Point',(17.0000001927,19.1556600328,6.47765883173)) ;
#3317=CARTESIAN_POINT('Control Point',(16.999999728,18.8539828378,6.78580611256)) ;
#3318=CARTESIAN_POINT('Control Point',(17.000000384,18.5531505765,7.04697264262)) ;
#3319=CARTESIAN_POINT('Control Point',(17.000000209,18.3805858476,7.18882996883)) ;
#3320=CARTESIAN_POINT('Control Point',(16.9999998706,18.1070855435,7.40669640065)) ;
#3321=CARTESIAN_POINT('Control Point',(17.0000000801,17.8434282232,7.61347307172)) ;
#3322=CARTESIAN_POINT('Control Point',(17.0000000353,17.7440127282,7.69168525746)) ;
#3323=CARTESIAN_POINT('Control Point',(16.9999999636,17.5446704261,7.85025021903)) ;
#3324=CARTESIAN_POINT('Control Point',(17.0000000375,17.3499446919,8.01132845551)) ;
#3325=CARTESIAN_POINT('Control Point',(16.9999999744,17.2520430092,8.09463435341)) ;
#3326=CARTESIAN_POINT('Control Point',(17.0000000099,17.1173148976,8.21352956397)) ;
#3327=CARTESIAN_POINT('Control Point',(16.9999999961,16.9841299379,8.33872964601)) ;
#3328=CARTESIAN_POINT('Control Point',(17.0000000406,16.9433086244,8.37793982379)) ;
#3329=CARTESIAN_POINT('Control Point',(16.9999999278,16.9062746993,8.41410390385)) ;
#3330=CARTESIAN_POINT('Control Point',(16.9999998153,16.8694405048,8.4509386617)) ;
#3340=CARTESIAN_POINT('Control Point',(17.7530016342,9.09681449583,6.88729104117)) ;
#3341=CARTESIAN_POINT('Control Point',(17.6145166633,9.07900928528,6.99773204838)) ;
#3342=CARTESIAN_POINT('Control Point',(17.4881353367,9.06276025758,7.12360328517)) ;
#3343=CARTESIAN_POINT('Control Point',(17.3761524953,9.04836246368,7.26316548184)) ;
#3344=CARTESIAN_POINT('Control Point',(17.1829155934,9.02351771915,7.56820046264)) ;
#3345=CARTESIAN_POINT('Control Point',(17.0618977042,9.00795827626,7.90905628637)) ;
#3346=CARTESIAN_POINT('Control Point',(17.0206311306,9.00265257393,8.08756734726)) ;
#3347=CARTESIAN_POINT('Control Point',(17.,9.,8.26925299383)) ;
#3348=CARTESIAN_POINT('Control Point',(17.,9.,8.45093901115)) ;
#3349=CARTESIAN_POINT('Vertex',(17.7530016342,9.09681449583,6.88729104117)) ;
#3351=CARTESIAN_POINT('Vertex',(17.,9.,8.45093901115)) ;
#3354=CARTESIAN_POINT('Line Origine',(17.,9.,9.90987800602)) ;
#3358=CARTESIAN_POINT('Vertex',(17.,9.,11.3688170009)) ;
#3361=CARTESIAN_POINT('Line Origine',(17.,9.,14.9344085005)) ;
#3365=CARTESIAN_POINT('Vertex',(17.,9.,18.5)) ;
#3368=CARTESIAN_POINT('Line Origine',(22.9540909119,9.76552597439,18.5)) ;
#3372=CARTESIAN_POINT('Vertex',(28.9081818238,10.5310519488,18.5)) ;
#3375=CARTESIAN_POINT('Line Origine',(23.330591729,9.8139332223,12.6936455206)) ;
#3388=CARTESIAN_POINT('Axis2P3D Location',(17.,18.,3.48189546168)) ;
#3393=CARTESIAN_POINT('Line Origine',(25.639236492,11.9417779279,12.4754695056)) ;
#3397=CARTESIAN_POINT('Vertex',(20.442341487,11.273605713,7.06542429277)) ;
#3399=CARTESIAN_POINT('Vertex',(30.8361314971,12.6099501428,17.8855147184)) ;
#3402=CARTESIAN_POINT('Line Origine',(30.8361314971,18.7414596845,17.8855147184)) ;
#3407=CARTESIAN_POINT('Line Origine',(20.442341487,15.6660436361,7.06542429277)) ;
#3419=CARTESIAN_POINT('Axis2P3D Location',(19.,3.5527136788E-015,8.45093901115)) ;
#3425=CARTESIAN_POINT('Control Point',(20.442341487,11.273605713,7.06542429277)) ;
#3426=CARTESIAN_POINT('Control Point',(20.3938980154,11.1971719509,7.01499391631)) ;
#3427=CARTESIAN_POINT('Control Point',(20.3431647764,11.1208519841,6.96659156912)) ;
#3428=CARTESIAN_POINT('Control Point',(20.3312927752,11.1032172646,6.95593994212)) ;
#3429=CARTESIAN_POINT('Control Point',(20.0282116137,10.6719147225,6.6999222641)) ;
#3430=CARTESIAN_POINT('Control Point',(19.6584152704,10.2479701705,6.51732406798)) ;
#3431=CARTESIAN_POINT('Control Point',(19.3128650288,9.91224609799,6.42335273032)) ;
#3432=CARTESIAN_POINT('Control Point',(18.7699901022,9.48466118541,6.402401092)) ;
#3433=CARTESIAN_POINT('Control Point',(18.1979382414,9.21318773652,6.60751720361)) ;
#3434=CARTESIAN_POINT('Control Point',(18.0425171124,9.15407218452,6.68182040174)) ;
#3435=CARTESIAN_POINT('Control Point',(17.8924061277,9.11473793445,6.77611689405)) ;
#3436=CARTESIAN_POINT('Control Point',(17.7530016051,9.09681449583,6.88729103184)) ;
#3438=CARTESIAN_POINT('Line Origine',(17.,7.1054273576E-015,8.45093901115)) ;
#3451=CARTESIAN_POINT('Axis2P3D Location',(32.2784729841,-2.5,16.5)) ;
#3456=CARTESIAN_POINT('Line Origine',(32.2784729841,-2.5,18.5)) ;
#3460=CARTESIAN_POINT('Vertex',(32.2784729841,12.9808379829,18.5)) ;
#3464=CARTESIAN_POINT('Control Point',(32.2784729841,12.9808379829,18.5)) ;
#3465=CARTESIAN_POINT('Control Point',(31.8767138374,12.8775283882,18.5)) ;
#3466=CARTESIAN_POINT('Control Point',(31.4745994333,12.7741276465,18.3923738164)) ;
#3467=CARTESIAN_POINT('Control Point',(31.1163345717,12.6820023433,18.177210298)) ;
#3468=CARTESIAN_POINT('Control Point',(30.8361314979,12.609950136,17.8855147193)) ;
#3478=CARTESIAN_POINT('Control Point',(32.2784730243,12.9808379829,18.4999999918)) ;
#3479=CARTESIAN_POINT('Control Point',(32.3267728627,12.6051726812,18.4999999884)) ;
#3480=CARTESIAN_POINT('Control Point',(32.3750727061,12.2295073795,18.5896607921)) ;
#3481=CARTESIAN_POINT('Control Point',(32.4197537807,11.8819880891,18.7691638612)) ;
#3482=CARTESIAN_POINT('Control Point',(32.4572505408,11.5903468168,19.0241848675)) ;
#3483=CARTESIAN_POINT('Control Point',(32.4854676533,11.3708805848,19.3315863297)) ;
#3484=CARTESIAN_POINT('Control Point',(31.957065562,12.8981903071,18.5000000225)) ;
#3485=CARTESIAN_POINT('Control Point',(32.004735231,12.5274260852,18.5077619898)) ;
#3486=CARTESIAN_POINT('Control Point',(32.0379960716,12.1566618633,18.6028452648)) ;
#3487=CARTESIAN_POINT('Control Point',(32.0533422938,11.8129380908,18.7848360275)) ;
#3488=CARTESIAN_POINT('Control Point',(32.049647664,11.5229186159,19.0396067179)) ;
#3489=CARTESIAN_POINT('Control Point',(32.028580303,11.3025491303,19.3447987949)) ;
#3490=CARTESIAN_POINT('Control Point',(31.6356588062,12.8155428131,18.4354358245)) ;
#3491=CARTESIAN_POINT('Control Point',(31.6796052198,12.4494824457,18.4507065642)) ;
#3492=CARTESIAN_POINT('Control Point',(31.6956739204,12.0834220782,18.5481028283)) ;
#3493=CARTESIAN_POINT('Control Point',(31.680704666,11.7433478789,18.7266678274)) ;
#3494=CARTESIAN_POINT('Control Point',(31.6359253749,11.4549029993,18.9729486535)) ;
#3495=CARTESIAN_POINT('Control Point',(31.5664549286,11.2336797646,19.266084938)) ;
#3496=CARTESIAN_POINT('Control Point',(31.3310571656,12.7372167348,18.3062766303)) ;
#3497=CARTESIAN_POINT('Control Point',(31.3683993791,12.3754229141,18.3271293464)) ;
#3498=CARTESIAN_POINT('Control Point',(31.3660673548,12.0136290933,18.4225618299)) ;
#3499=CARTESIAN_POINT('Control Point',(31.3214255448,11.676871755,18.5912520952)) ;
#3500=CARTESIAN_POINT('Control Point',(31.2378291136,11.3898726882,18.8208550968)) ;
#3501=CARTESIAN_POINT('Control Point',(31.1233583406,11.1678879496,19.0925604443)) ;
#3502=CARTESIAN_POINT('Control Point',(31.0602937691,12.6675919018,18.1188709955)) ;
#3503=CARTESIAN_POINT('Control Point',(31.0897726169,12.3094701075,18.1421713372)) ;
#3504=CARTESIAN_POINT('Control Point',(31.0697435429,11.9513483131,18.2308543561)) ;
#3505=CARTESIAN_POINT('Control Point',(30.9981390681,11.617449782,18.3834527988)) ;
#3506=CARTESIAN_POINT('Control Point',(30.8801245338,11.3317061853,18.5890582057)) ;
#3507=CARTESIAN_POINT('Control Point',(30.7262140026,11.1090742244,18.8312703476)) ;
#3508=CARTESIAN_POINT('Control Point',(30.8361314003,12.609950136,17.8855146172)) ;
#3509=CARTESIAN_POINT('Control Point',(30.8580449614,12.2548049058,17.9083269638)) ;
#3510=CARTESIAN_POINT('Control Point',(30.8226575662,11.8996596756,17.9861826658)) ;
#3511=CARTESIAN_POINT('Control Point',(30.7284229831,11.5680807348,18.1176564587)) ;
#3512=CARTESIAN_POINT('Control Point',(30.5819609995,11.2833608279,18.2935125767)) ;
#3513=CARTESIAN_POINT('Control Point',(30.3956955758,11.0602086351,18.499999942)) ;
#3515=CARTESIAN_POINT('Control Point',(30.3956955758,11.0602086351,18.499999942)) ;
#3516=CARTESIAN_POINT('Control Point',(30.6280796043,11.2104445707,18.499999942)) ;
#3517=CARTESIAN_POINT('Control Point',(30.8374366507,11.3739485625,18.4999996089)) ;
#3518=CARTESIAN_POINT('Control Point',(31.0268271381,11.5429023455,18.4999997774)) ;
#3519=CARTESIAN_POINT('Control Point',(31.3127646731,11.8238222248,18.5000001444)) ;
#3520=CARTESIAN_POINT('Control Point',(31.5665749911,12.1061057008,18.4999999064)) ;
#3521=CARTESIAN_POINT('Control Point',(31.6624903384,12.2170105736,18.4999990667)) ;
#3522=CARTESIAN_POINT('Control Point',(31.820216923,12.4049655571,18.4999992848)) ;
#3523=CARTESIAN_POINT('Control Point',(31.9715292941,12.5923156108,18.4999998607)) ;
#3524=CARTESIAN_POINT('Control Point',(32.0329320363,12.6692460215,18.4999999902)) ;
#3525=CARTESIAN_POINT('Control Point',(32.1200907847,12.7793387275,18.5000000042)) ;
#3526=CARTESIAN_POINT('Control Point',(32.2066478063,12.8893793654,18.4999999982)) ;
#3527=CARTESIAN_POINT('Control Point',(32.2263254116,12.9143903692,18.4999999969)) ;
#3528=CARTESIAN_POINT('Control Point',(32.2523921871,12.9476230157,18.4999999943)) ;
#3529=CARTESIAN_POINT('Control Point',(32.2784730243,12.9808379829,18.4999999918)) ;
#3530=CARTESIAN_POINT('Vertex',(30.3956956329,11.0602086384,18.5)) ;
#3534=CARTESIAN_POINT('Control Point',(30.8361314351,12.609949572,17.8855146534)) ;
#3535=CARTESIAN_POINT('Control Point',(30.8635232867,12.1660181753,17.9140301651)) ;
#3536=CARTESIAN_POINT('Control Point',(30.7952521374,11.7213718576,18.0345279472)) ;
#3537=CARTESIAN_POINT('Control Point',(30.6285272815,11.3391487875,18.2418908173)) ;
#3538=CARTESIAN_POINT('Control Point',(30.3956955758,11.0602086351,18.499999942)) ;
#3546=CARTESIAN_POINT('Axis2P3D Location',(23.0963054658,11.8002735586,12.7152540981)) ;
#3552=CARTESIAN_POINT('Control Point',(28.9081818238,10.5310519488,18.5)) ;
#3553=CARTESIAN_POINT('Control Point',(29.4343828313,10.598706364,18.5)) ;
#3554=CARTESIAN_POINT('Control Point',(29.9501626501,10.7721722147,18.5)) ;
#3555=CARTESIAN_POINT('Control Point',(30.3956956329,11.0602086384,18.5)) ;
#3565=CARTESIAN_POINT('Axis2P3D Location',(87.,-18.,-18.5)) ;
#3570=CARTESIAN_POINT('Line Origine',(23.330591729,-9.8139332223,12.6936455206)) ;
#3574=CARTESIAN_POINT('Vertex',(17.7530016342,-9.09681449583,6.88729104117)) ;
#3576=CARTESIAN_POINT('Vertex',(28.9081818238,-10.5310519488,18.5)) ;
#3579=CARTESIAN_POINT('Line Origine',(22.9540909119,-9.76552597439,18.5)) ;
#3583=CARTESIAN_POINT('Vertex',(17.,-9.,18.5)) ;
#3586=CARTESIAN_POINT('Line Origine',(17.,-9.,14.9344085005)) ;
#3590=CARTESIAN_POINT('Vertex',(17.,-9.,11.3688170009)) ;
#3593=CARTESIAN_POINT('Line Origine',(17.,-9.,9.90987800602)) ;
#3597=CARTESIAN_POINT('Vertex',(17.,-9.,8.45093901115)) ;
#3601=CARTESIAN_POINT('Control Point',(17.7530016342,-9.09681449583,6.88729104117)) ;
#3602=CARTESIAN_POINT('Control Point',(17.6145166633,-9.07900928528,6.99773204838)) ;
#3603=CARTESIAN_POINT('Control Point',(17.4881353367,-9.06276025758,7.12360328517)) ;
#3604=CARTESIAN_POINT('Control Point',(17.3761524953,-9.04836246368,7.26316548184)) ;
#3605=CARTESIAN_POINT('Control Point',(17.1829155934,-9.02351771915,7.56820046264)) ;
#3606=CARTESIAN_POINT('Control Point',(17.0618977042,-9.00795827626,7.90905628637)) ;
#3607=CARTESIAN_POINT('Control Point',(17.0206311306,-9.00265257393,8.08756734726)) ;
#3608=CARTESIAN_POINT('Control Point',(17.,-9.,8.26925299383)) ;
#3609=CARTESIAN_POINT('Control Point',(17.,-9.,8.45093901115)) ;
#3619=CARTESIAN_POINT('Line Origine',(25.639236492,-11.9417779279,12.4754695056)) ;
#3623=CARTESIAN_POINT('Vertex',(20.442341487,-11.273605713,7.06542429277)) ;
#3625=CARTESIAN_POINT('Vertex',(30.8361314971,-12.6099501428,17.8855147184)) ;
#3628=CARTESIAN_POINT('Line Origine',(20.442341487,-15.6660436361,7.06542429277)) ;
#3632=CARTESIAN_POINT('Vertex',(20.442341487,-20.0584815593,7.06542429277)) ;
#3635=CARTESIAN_POINT('Line Origine',(25.639236492,-22.4657253928,12.4754695056)) ;
#3639=CARTESIAN_POINT('Vertex',(30.8361314971,-24.8729692262,17.8855147184)) ;
#3642=CARTESIAN_POINT('Line Origine',(30.8361314971,-18.7414596845,17.8855147184)) ;
#3654=CARTESIAN_POINT('Axis2P3D Location',(19.,7.1054273576E-015,8.45093901115)) ;
#3660=CARTESIAN_POINT('Control Point',(20.442341487,-11.273605713,7.06542429277)) ;
#3661=CARTESIAN_POINT('Control Point',(20.3938979917,-11.1971719134,7.01499389158)) ;
#3662=CARTESIAN_POINT('Control Point',(20.3431647266,-11.1208519092,6.96659152165)) ;
#3663=CARTESIAN_POINT('Control Point',(20.3312928278,-11.1032173394,6.95593998653)) ;
#3664=CARTESIAN_POINT('Control Point',(20.0282116458,-10.6719147592,6.69992227993)) ;
#3665=CARTESIAN_POINT('Control Point',(19.6584152704,-10.2479701705,6.51732406798)) ;
#3666=CARTESIAN_POINT('Control Point',(19.3128650288,-9.91224609799,6.42335273032)) ;
#3667=CARTESIAN_POINT('Control Point',(18.7699901022,-9.48466118541,6.402401092)) ;
#3668=CARTESIAN_POINT('Control Point',(18.1979382414,-9.21318773652,6.60751720361)) ;
#3669=CARTESIAN_POINT('Control Point',(18.0425171124,-9.15407218452,6.68182040174)) ;
#3670=CARTESIAN_POINT('Control Point',(17.8924061277,-9.11473793445,6.77611689405)) ;
#3671=CARTESIAN_POINT('Control Point',(17.7530016051,-9.09681449583,6.88729103184)) ;
#3673=CARTESIAN_POINT('Line Origine',(17.,7.1054273576E-015,8.45093901115)) ;
#3677=CARTESIAN_POINT('Vertex',(17.,-16.8694393549,8.45093901115)) ;
#3681=CARTESIAN_POINT('Control Point',(20.442341487,-20.0584815593,7.06542429277)) ;
#3682=CARTESIAN_POINT('Control Point',(20.0815410332,-19.7242301778,6.68982563899)) ;
#3683=CARTESIAN_POINT('Control Point',(19.6157727473,-19.2927363699,6.44967461607)) ;
#3684=CARTESIAN_POINT('Control Point',(19.1169813113,-18.8306478331,6.365636028)) ;
#3685=CARTESIAN_POINT('Control Point',(18.4372739269,-18.2009540121,6.44808829956)) ;
#3686=CARTESIAN_POINT('Control Point',(17.8496946219,-17.6566117083,6.79998349659)) ;
#3687=CARTESIAN_POINT('Control Point',(17.7038049314,-17.5214571443,6.91112612798)) ;
#3688=CARTESIAN_POINT('Control Point',(17.382373227,-17.2236771656,7.2209512764)) ;
#3689=CARTESIAN_POINT('Control Point',(17.1475756455,-17.0061575053,7.62578633575)) ;
#3690=CARTESIAN_POINT('Control Point',(17.0491047823,-16.914934545,7.89035474286)) ;
#3691=CARTESIAN_POINT('Control Point',(17.,-16.8694392059,8.17063979305)) ;
#3692=CARTESIAN_POINT('Control Point',(17.,-16.8694393549,8.45093901115)) ;
#3703=CARTESIAN_POINT('Control Point',(30.3956956329,-11.0602086384,18.5)) ;
#3704=CARTESIAN_POINT('Control Point',(30.5819610609,-11.2833608309,18.2935126374)) ;
#3705=CARTESIAN_POINT('Control Point',(30.7284230512,-11.5680807383,18.1176565255)) ;
#3706=CARTESIAN_POINT('Control Point',(30.8226576428,-11.8996596801,17.9861827417)) ;
#3707=CARTESIAN_POINT('Control Point',(30.8580450478,-12.2548049114,17.9083270515)) ;
#3708=CARTESIAN_POINT('Control Point',(30.8361314971,-12.6099501428,17.8855147184)) ;
#3709=CARTESIAN_POINT('Control Point',(30.7262166774,-11.1090746102,18.8312730436)) ;
#3710=CARTESIAN_POINT('Control Point',(30.8801269643,-11.3317065667,18.5890606236)) ;
#3711=CARTESIAN_POINT('Control Point',(30.9981412888,-11.6174501722,18.3834549908)) ;
#3712=CARTESIAN_POINT('Control Point',(31.0697456026,-11.9513487232,18.2308563948)) ;
#3713=CARTESIAN_POINT('Control Point',(31.0897745745,-12.3094705431,18.1421733081)) ;
#3714=CARTESIAN_POINT('Control Point',(31.0602956863,-12.6675923629,18.1188729829)) ;
#3715=CARTESIAN_POINT('Control Point',(31.1233657204,-11.1678890276,19.092565838)) ;
#3716=CARTESIAN_POINT('Control Point',(31.2378358576,-11.389873756,18.8208599837)) ;
#3717=CARTESIAN_POINT('Control Point',(31.321431733,-11.6768728425,18.5912565628)) ;
#3718=CARTESIAN_POINT('Control Point',(31.3660731071,-12.0136302256,18.4225660072)) ;
#3719=CARTESIAN_POINT('Control Point',(31.3684048444,-12.3754241041,18.3271333869)) ;
#3720=CARTESIAN_POINT('Control Point',(31.331062502,-12.7372179825,18.3062806869)) ;
#3721=CARTESIAN_POINT('Control Point',(31.5664537635,-11.2336795952,19.2660850023)) ;
#3722=CARTESIAN_POINT('Control Point',(31.6359243732,-11.4549028341,18.972948739)) ;
#3723=CARTESIAN_POINT('Control Point',(31.680703788,-11.7433477061,18.7266679209)) ;
#3724=CARTESIAN_POINT('Control Point',(31.6956731135,-12.0834218877,18.5481029123)) ;
#3725=CARTESIAN_POINT('Control Point',(31.6796044255,-12.4494822323,18.4507066199)) ;
#3726=CARTESIAN_POINT('Control Point',(31.6356579687,-12.8155425769,18.4354358366)) ;
#3727=CARTESIAN_POINT('Control Point',(32.0285804692,-11.3025491487,19.3447987199)) ;
#3728=CARTESIAN_POINT('Control Point',(32.0496478459,-11.5229186346,19.0396066566)) ;
#3729=CARTESIAN_POINT('Control Point',(32.0533424842,-11.8129381088,18.7848359772)) ;
#3730=CARTESIAN_POINT('Control Point',(32.0379962621,-12.1566618793,18.6028452219)) ;
#3731=CARTESIAN_POINT('Control Point',(32.0047354134,-12.5274260988,18.5077619495)) ;
#3732=CARTESIAN_POINT('Control Point',(31.9570657293,-12.8981903183,18.4999999804)) ;
#3733=CARTESIAN_POINT('Control Point',(32.4854674182,-11.3708805468,19.3315863483)) ;
#3734=CARTESIAN_POINT('Control Point',(32.4572503548,-11.5903467797,19.0241848876)) ;
#3735=CARTESIAN_POINT('Control Point',(32.4197536397,-11.8819880504,18.769163881)) ;
#3736=CARTESIAN_POINT('Control Point',(32.3750726024,-12.2295073371,18.5896608092)) ;
#3737=CARTESIAN_POINT('Control Point',(32.3267727854,-12.6051726341,18.5)) ;
#3738=CARTESIAN_POINT('Control Point',(32.2784729615,-12.9808379311,18.4999999959)) ;
#3740=CARTESIAN_POINT('Control Point',(30.3956956329,-11.0602086384,18.5)) ;
#3741=CARTESIAN_POINT('Control Point',(30.6280809731,-11.210445422,18.5)) ;
#3742=CARTESIAN_POINT('Control Point',(30.8374393072,-11.3739505733,18.4999996671)) ;
#3743=CARTESIAN_POINT('Control Point',(31.0268267737,-11.5429020099,18.4999997774)) ;
#3744=CARTESIAN_POINT('Control Point',(31.3127630085,-11.8238203785,18.5000001443)) ;
#3745=CARTESIAN_POINT('Control Point',(31.5665735611,-12.1061040543,18.4999999064)) ;
#3746=CARTESIAN_POINT('Control Point',(31.6624880004,-12.2170078572,18.4999990736)) ;
#3747=CARTESIAN_POINT('Control Point',(31.8202141722,-12.4049623012,18.4999992832)) ;
#3748=CARTESIAN_POINT('Control Point',(31.9715263928,-12.5923120311,18.4999998559)) ;
#3749=CARTESIAN_POINT('Control Point',(32.0329300909,-12.6692435579,18.4999999902)) ;
#3750=CARTESIAN_POINT('Control Point',(32.1200883942,-12.7793355834,18.5000000042)) ;
#3751=CARTESIAN_POINT('Control Point',(32.2066449186,-12.8893755679,18.4999999982)) ;
#3752=CARTESIAN_POINT('Control Point',(32.226328575,-12.9143944416,18.4999999936)) ;
#3753=CARTESIAN_POINT('Control Point',(32.2523937418,-12.9476250276,18.4999999948)) ;
#3754=CARTESIAN_POINT('Control Point',(32.2784729615,-12.9808379311,18.4999999959)) ;
#3755=CARTESIAN_POINT('Vertex',(30.3956956329,-11.0602086384,18.5)) ;
#3757=CARTESIAN_POINT('Vertex',(32.2784729841,-12.9808379311,18.5)) ;
#3761=CARTESIAN_POINT('Control Point',(30.3956956329,-11.0602086384,18.5)) ;
#3762=CARTESIAN_POINT('Control Point',(30.6285274179,-11.3391488791,18.2418907968)) ;
#3763=CARTESIAN_POINT('Control Point',(30.7952523152,-11.7213721048,18.0345278855)) ;
#3764=CARTESIAN_POINT('Control Point',(30.8635234354,-12.1660186036,17.9140301348)) ;
#3765=CARTESIAN_POINT('Control Point',(30.8361314971,-12.6099501428,17.8855147184)) ;
#3768=CARTESIAN_POINT('Control Point',(30.8361314971,-12.6099501428,17.8855147184)) ;
#3769=CARTESIAN_POINT('Control Point',(30.9618440134,-12.6422762185,18.0163833229)) ;
#3770=CARTESIAN_POINT('Control Point',(31.102213188,-12.6783711072,18.1328003456)) ;
#3771=CARTESIAN_POINT('Control Point',(31.2549902239,-12.717656618,18.2326007267)) ;
#3772=CARTESIAN_POINT('Control Point',(31.5447620572,-12.7921694725,18.3780975849)) ;
#3773=CARTESIAN_POINT('Control Point',(31.8564191513,-12.8723097918,18.4626382908)) ;
#3774=CARTESIAN_POINT('Control Point',(31.9961522996,-12.9082411568,18.4875460923)) ;
#3775=CARTESIAN_POINT('Control Point',(32.1373126815,-12.9445395563,18.4999999891)) ;
#3776=CARTESIAN_POINT('Control Point',(32.2784729615,-12.9808379311,18.4999999959)) ;
#3784=CARTESIAN_POINT('Axis2P3D Location',(23.0963054658,-11.8002735586,12.7152540981)) ;
#3790=CARTESIAN_POINT('Control Point',(28.9081818238,-10.5310519488,18.5)) ;
#3791=CARTESIAN_POINT('Control Point',(29.4343828313,-10.598706364,18.5)) ;
#3792=CARTESIAN_POINT('Control Point',(29.9501626501,-10.7721722147,18.5)) ;
#3793=CARTESIAN_POINT('Control Point',(30.3956956329,-11.0602086384,18.5)) ;
#3804=CARTESIAN_POINT('Control Point',(21.0440695175,-21.8732457359,5.6799095744)) ;
#3805=CARTESIAN_POINT('Control Point',(20.88669871,-21.800350304,5.86351555241)) ;
#3806=CARTESIAN_POINT('Control Point',(20.7460828406,-21.6912815758,6.04712232349)) ;
#3807=CARTESIAN_POINT('Control Point',(20.6274645893,-21.5484401676,6.22462558983)) ;
#3808=CARTESIAN_POINT('Control Point',(20.4423590934,-21.205012163,6.55524921743)) ;
#3809=CARTESIAN_POINT('Control Point',(20.3700033031,-20.7719572793,6.81744557394)) ;
#3810=CARTESIAN_POINT('Control Point',(20.3641695645,-20.5394613233,6.92650044509)) ;
#3811=CARTESIAN_POINT('Control Point',(20.3888808281,-20.2989709219,7.00977094943)) ;
#3812=CARTESIAN_POINT('Control Point',(20.442341487,-20.0584815593,7.06542429277)) ;
#3813=CARTESIAN_POINT('Control Point',(20.6593649341,-21.6950474588,5.27942636517)) ;
#3814=CARTESIAN_POINT('Control Point',(20.5198184784,-21.630408411,5.4932580737)) ;
#3815=CARTESIAN_POINT('Control Point',(20.3981523417,-21.527166375,5.70709086475)) ;
#3816=CARTESIAN_POINT('Control Point',(20.2993707051,-21.3876059118,5.9134048828)) ;
#3817=CARTESIAN_POINT('Control Point',(20.1549144806,-21.0461019927,6.29600038286)) ;
#3818=CARTESIAN_POINT('Control Point',(20.1230300925,-20.607560998,6.59462170674)) ;
#3819=CARTESIAN_POINT('Control Point',(20.136859628,-20.3709298591,6.71693284312)) ;
#3820=CARTESIAN_POINT('Control Point',(20.1800012877,-20.1256059368,6.80778952831)) ;
#3821=CARTESIAN_POINT('Control Point',(20.2499891953,-19.8802832822,6.86518268816)) ;
#3822=CARTESIAN_POINT('Control Point',(20.2149925232,-21.489210561,4.95593857739)) ;
#3823=CARTESIAN_POINT('Control Point',(20.0968943373,-21.4345060092,5.19702673916)) ;
#3824=CARTESIAN_POINT('Control Point',(19.9980045224,-21.3383312588,5.43811638092)) ;
#3825=CARTESIAN_POINT('Control Point',(19.9229330056,-21.2027807546,5.67012757171)) ;
#3826=CARTESIAN_POINT('Control Point',(19.8265700927,-20.863672498,6.09789448091)) ;
#3827=CARTESIAN_POINT('Control Point',(19.8411971879,-20.4185034802,6.42476402979)) ;
#3828=CARTESIAN_POINT('Control Point',(19.8771602761,-20.1768504884,6.55583883839)) ;
#3829=CARTESIAN_POINT('Control Point',(19.9404543764,-19.9256476445,6.64941228929)) ;
#3830=CARTESIAN_POINT('Control Point',(20.027802538,-19.6744463844,6.70343853612)) ;
#3831=CARTESIAN_POINT('Control Point',(19.7315235564,-21.2652638221,4.7166852385)) ;
#3832=CARTESIAN_POINT('Control Point',(19.6381931711,-21.2220322926,4.9816128234)) ;
#3833=CARTESIAN_POINT('Control Point',(19.565562126,-21.1341117301,5.24654243747)) ;
#3834=CARTESIAN_POINT('Control Point',(19.5176106014,-21.0032948442,5.50069197751)) ;
#3835=CARTESIAN_POINT('Control Point',(19.4754505973,-20.6670865149,5.96595098998)) ;
#3836=CARTESIAN_POINT('Control Point',(19.5402624703,-20.2142191011,6.31213073816)) ;
#3837=CARTESIAN_POINT('Control Point',(19.5993329006,-19.9666902937,6.44714788585)) ;
#3838=CARTESIAN_POINT('Control Point',(19.6826677286,-19.7085939595,6.53833553033)) ;
#3839=CARTESIAN_POINT('Control Point',(19.7860681004,-19.4504996455,6.58381209692)) ;
#3840=CARTESIAN_POINT('Control Point',(18.7848876844,-20.8267744235,4.42523698817)) ;
#3841=CARTESIAN_POINT('Control Point',(18.7438443875,-20.8077629583,4.72760129809)) ;
#3842=CARTESIAN_POINT('Control Point',(18.7265351819,-20.7375112254,5.02996907911)) ;
#3843=CARTESIAN_POINT('Control Point',(18.7351587442,-20.6169617673,5.31820264931)) ;
#3844=CARTESIAN_POINT('Control Point',(18.8039648672,-20.2872334425,5.83827107929)) ;
#3845=CARTESIAN_POINT('Control Point',(18.9657786184,-19.817999389,6.20414757136)) ;
#3846=CARTESIAN_POINT('Control Point',(19.0674682385,-19.5578627672,6.33809965095)) ;
#3847=CARTESIAN_POINT('Control Point',(19.1851151531,-19.2849349282,6.41643600799)) ;
#3848=CARTESIAN_POINT('Control Point',(19.312750926,-19.0120102469,6.4380880241)) ;
#3849=CARTESIAN_POINT('Control Point',(17.8076375159,-20.3741042349,4.4278285368)) ;
#3850=CARTESIAN_POINT('Control Point',(17.829504808,-20.3842332346,4.75094056638)) ;
#3851=CARTESIAN_POINT('Control Point',(17.8784893471,-20.3358206526,5.07405832137)) ;
#3852=CARTESIAN_POINT('Control Point',(17.953600885,-20.2282927236,5.37981664168)) ;
#3853=CARTESIAN_POINT('Control Point',(18.1479122888,-19.9072397411,5.92212555625)) ;
#3854=CARTESIAN_POINT('Control Point',(18.4064209716,-19.4180441186,6.27796855853)) ;
#3855=CARTESIAN_POINT('Control Point',(18.5457820711,-19.1422432823,6.39711647918)) ;
#3856=CARTESIAN_POINT('Control Point',(18.6874634353,-18.8507890893,6.45070870576)) ;
#3857=CARTESIAN_POINT('Control Point',(18.8241251748,-18.5593400583,6.43938375257)) ;
#3858=CARTESIAN_POINT('Control Point',(17.354054389,-20.1640008589,4.49285015991)) ;
#3859=CARTESIAN_POINT('Control Point',(17.4073157295,-20.1886718264,4.82146300073)) ;
#3860=CARTESIAN_POINT('Control Point',(17.4893251598,-20.1512821013,5.15008279355)) ;
#3861=CARTESIAN_POINT('Control Point',(17.5972779492,-20.0503958442,5.45994459587)) ;
#3862=CARTESIAN_POINT('Control Point',(17.8525102932,-19.7338610171,6.00491650234)) ;
#3863=CARTESIAN_POINT('Control Point',(18.1550273224,-19.2346461737,6.34983374442)) ;
#3864=CARTESIAN_POINT('Control Point',(18.3103104016,-18.9509221087,6.45946688773)) ;
#3865=CARTESIAN_POINT('Control Point',(18.4603585394,-18.6500762455,6.4996127025)) ;
#3866=CARTESIAN_POINT('Control Point',(18.5973337174,-18.3492366823,6.47189465491)) ;
#3867=CARTESIAN_POINT('Control Point',(16.0982991215,-19.5823248541,4.86062752196)) ;
#3868=CARTESIAN_POINT('Control Point',(16.2474418525,-19.6514091881,5.18982007768)) ;
#3869=CARTESIAN_POINT('Control Point',(16.4300629072,-19.6482295234,5.51902349849)) ;
#3870=CARTESIAN_POINT('Control Point',(16.6368855599,-19.5682779463,5.82625586032)) ;
#3871=CARTESIAN_POINT('Control Point',(17.0710564884,-19.2664092486,6.35327873434)) ;
#3872=CARTESIAN_POINT('Control Point',(17.4912113311,-18.7363476828,6.650580112)) ;
#3873=CARTESIAN_POINT('Control Point',(17.6840133186,-18.4279443974,6.72782554095)) ;
#3874=CARTESIAN_POINT('Control Point',(17.8461707788,-18.0977472481,6.72797917525)) ;
#3875=CARTESIAN_POINT('Control Point',(17.9694566655,-17.7675606775,6.65578313935)) ;
#3876=CARTESIAN_POINT('Control Point',(15.0209646691,-19.0832948151,5.73860325325)) ;
#3877=CARTESIAN_POINT('Control Point',(15.2742481067,-19.2006173618,6.01631936937)) ;
#3878=CARTESIAN_POINT('Control Point',(15.5655814554,-19.2358243015,6.29404944611)) ;
#3879=CARTESIAN_POINT('Control Point',(15.8765694752,-19.1800848284,6.55038931471)) ;
#3880=CARTESIAN_POINT('Control Point',(16.4891001078,-18.8961148732,6.97808271551)) ;
#3881=CARTESIAN_POINT('Control Point',(16.9996757651,-18.3319947306,7.18705440671)) ;
#3882=CARTESIAN_POINT('Control Point',(17.2085784051,-17.9956971917,7.22434052588)) ;
#3883=CARTESIAN_POINT('Control Point',(17.3542677826,-17.6321053713,7.19111741254)) ;
#3884=CARTESIAN_POINT('Control Point',(17.4307883726,-17.2685306385,7.09477136539)) ;
#3885=CARTESIAN_POINT('Control Point',(14.4509740373,-18.8192705406,6.52236093865)) ;
#3886=CARTESIAN_POINT('Control Point',(14.7755150781,-18.9696019429,6.7363928695)) ;
#3887=CARTESIAN_POINT('Control Point',(15.1408422499,-19.031931863,6.95043941557)) ;
#3888=CARTESIAN_POINT('Control Point',(15.5209475182,-18.9938243071,7.14641308452)) ;
#3889=CARTESIAN_POINT('Control Point',(16.2450266488,-18.7235435547,7.46667687396)) ;
#3890=CARTESIAN_POINT('Control Point',(16.7945290365,-18.135743057,7.60554278234)) ;
#3891=CARTESIAN_POINT('Control Point',(16.9997666641,-17.7795731313,7.61978066193)) ;
#3892=CARTESIAN_POINT('Control Point',(17.1175673294,-17.3920281476,7.57752063946)) ;
#3893=CARTESIAN_POINT('Control Point',(17.1457938436,-17.004506364,7.48664982502)) ;
#3894=CARTESIAN_POINT('Control Point',(14.1593831668,-18.684203289,7.48920061681)) ;
#3895=CARTESIAN_POINT('Control Point',(14.52316734,-18.8527105946,7.59543374699)) ;
#3896=CARTESIAN_POINT('Control Point',(14.9291752873,-18.9301269678,7.70167402216)) ;
#3897=CARTESIAN_POINT('Control Point',(15.3469834345,-18.9019269372,7.79898884466)) ;
#3898=CARTESIAN_POINT('Control Point',(16.1307991627,-18.6394588299,7.95821379386)) ;
#3899=CARTESIAN_POINT('Control Point',(16.6984010552,-18.0385560808,8.02776159083)) ;
#3900=CARTESIAN_POINT('Control Point',(16.8995967195,-17.6712974149,8.03523391765)) ;
#3901=CARTESIAN_POINT('Control Point',(16.9999981393,-17.2703547813,8.01472040411)) ;
#3902=CARTESIAN_POINT('Control Point',(16.9999982601,-16.8694391124,7.97006995686)) ;
#3903=CARTESIAN_POINT('Control Point',(14.1593836904,-18.6842035316,8.45093887865)) ;
#3904=CARTESIAN_POINT('Control Point',(14.5231678425,-18.8527109105,8.45093892093)) ;
#3905=CARTESIAN_POINT('Control Point',(14.9291757747,-18.9301273445,8.4509389632)) ;
#3906=CARTESIAN_POINT('Control Point',(15.34698391,-18.9019273536,8.45093900193)) ;
#3907=CARTESIAN_POINT('Control Point',(16.1307996125,-18.6394592775,8.45093906529)) ;
#3908=CARTESIAN_POINT('Control Point',(16.6984014647,-18.0385564756,8.45093909297)) ;
#3909=CARTESIAN_POINT('Control Point',(16.8995971025,-17.6712977651,8.45093909594)) ;
#3910=CARTESIAN_POINT('Control Point',(16.9999984893,-17.2703550777,8.45093908778)) ;
#3911=CARTESIAN_POINT('Control Point',(16.9999985737,-16.8694393549,8.45093907001)) ;
#3913=CARTESIAN_POINT('Control Point',(17.,-20.,4.62264645699)) ;
#3914=CARTESIAN_POINT('Control Point',(17.,-19.9999999777,4.94757383568)) ;
#3915=CARTESIAN_POINT('Control Point',(16.9999999467,-19.9323844444,5.26498007051)) ;
#3916=CARTESIAN_POINT('Control Point',(17.0000004993,-19.8131012118,5.54922701477)) ;
#3917=CARTESIAN_POINT('Control Point',(16.9999996345,-19.566768197,5.98486577149)) ;
#3918=CARTESIAN_POINT('Control Point',(17.0000002675,-19.2798891727,6.33984539062)) ;
#3919=CARTESIAN_POINT('Control Point',(17.0000001925,-19.1556536023,6.47766991755)) ;
#3920=CARTESIAN_POINT('Control Point',(16.9999997282,-18.8539205918,6.785867861)) ;
#3921=CARTESIAN_POINT('Control Point',(17.0000003839,-18.5530955641,7.04701053132)) ;
#3922=CARTESIAN_POINT('Control Point',(17.000000207,-18.3806314976,7.18878729918)) ;
#3923=CARTESIAN_POINT('Control Point',(16.9999996873,-17.9565332679,7.52663260611)) ;
#3924=CARTESIAN_POINT('Control Point',(17.0000004722,-17.555987483,7.83788699004)) ;
#3925=CARTESIAN_POINT('Control Point',(16.9999981821,-17.3248531173,8.02654153238)) ;
#3926=CARTESIAN_POINT('Control Point',(16.99999838,-17.0939343968,8.22645351688)) ;
#3927=CARTESIAN_POINT('Control Point',(16.9999985737,-16.8694393549,8.45093907)) ;
#3928=CARTESIAN_POINT('Vertex',(17.,-20.,4.62264645699)) ;
#3932=CARTESIAN_POINT('Control Point',(21.0440695175,-21.8732457359,5.6799095744)) ;
#3933=CARTESIAN_POINT('Control Point',(20.6593649341,-21.6950474588,5.27942636517)) ;
#3934=CARTESIAN_POINT('Control Point',(20.2149925232,-21.489210561,4.95593857739)) ;
#3935=CARTESIAN_POINT('Control Point',(19.7315235564,-21.2652638221,4.7166852385)) ;
#3936=CARTESIAN_POINT('Control Point',(18.889715554,-20.8753315412,4.45751117097)) ;
#3937=CARTESIAN_POINT('Control Point',(18.023698127,-20.4741852589,4.43086030907)) ;
#3938=CARTESIAN_POINT('Control Point',(17.6769507205,-20.3135690534,4.45745913823)) ;
#3939=CARTESIAN_POINT('Control Point',(17.3342511828,-20.1548278535,4.52141934837)) ;
#3940=CARTESIAN_POINT('Control Point',(17.,-20.,4.62264645699)) ;
#3941=CARTESIAN_POINT('Vertex',(21.0440695175,-21.8732457359,5.6799095744)) ;
#3945=CARTESIAN_POINT('Control Point',(21.0440695175,-21.8732457359,5.6799095744)) ;
#3946=CARTESIAN_POINT('Control Point',(20.6506424988,-21.6910071562,6.13892451943)) ;
#3947=CARTESIAN_POINT('Control Point',(20.3675303585,-21.2644949433,6.60066242794)) ;
#3948=CARTESIAN_POINT('Control Point',(20.3086898396,-20.6597049658,6.92629093443)) ;
#3949=CARTESIAN_POINT('Control Point',(20.442341487,-20.0584815593,7.06542429277)) ;
#3958=CARTESIAN_POINT('Axis2P3D Location',(17.,0.,0.)) ;
#3968=CARTESIAN_POINT('Control Point',(17.,-20.,-4.81631918347)) ;
#3969=CARTESIAN_POINT('Control Point',(17.,-19.9999999879,-4.96310554046)) ;
#3970=CARTESIAN_POINT('Control Point',(17.,-19.9862011962,-5.10835679665)) ;
#3971=CARTESIAN_POINT('Control Point',(17.,-19.9599357888,-5.24981100198)) ;
#3972=CARTESIAN_POINT('Control Point',(17.,-19.8790533114,-5.55129178061)) ;
#3973=CARTESIAN_POINT('Control Point',(17.,-19.7573712877,-5.82434899966)) ;
#3974=CARTESIAN_POINT('Control Point',(17.,-19.6818344947,-5.96467793697)) ;
#3975=CARTESIAN_POINT('Control Point',(17.,-19.4919375178,-6.27113250673)) ;
#3976=CARTESIAN_POINT('Control Point',(17.,-19.2798898803,-6.53351744749)) ;
#3977=CARTESIAN_POINT('Control Point',(17.,-19.1556543596,-6.67134202676)) ;
#3978=CARTESIAN_POINT('Control Point',(17.,-18.8539205007,-6.97954065003)) ;
#3979=CARTESIAN_POINT('Control Point',(17.,-18.5530931714,-7.2406859556)) ;
#3980=CARTESIAN_POINT('Control Point',(17.,-18.3806328993,-7.38245937858)) ;
#3981=CARTESIAN_POINT('Control Point',(17.,-18.1071316615,-7.60033505799)) ;
#3982=CARTESIAN_POINT('Control Point',(17.,-17.8434265108,-7.80715263331)) ;
#3983=CARTESIAN_POINT('Control Point',(17.,-17.7440086545,-7.88536582188)) ;
#3984=CARTESIAN_POINT('Control Point',(17.,-17.5446582568,-8.0439316041)) ;
#3985=CARTESIAN_POINT('Control Point',(17.,-17.3499220585,-8.20501832517)) ;
#3986=CARTESIAN_POINT('Control Point',(17.,-17.2520124518,-8.28833423501)) ;
#3987=CARTESIAN_POINT('Control Point',(17.,-17.1289836251,-8.39690735602)) ;
#3988=CARTESIAN_POINT('Control Point',(17.,-17.0072494862,-8.5107112979)) ;
#3989=CARTESIAN_POINT('Control Point',(17.,-16.9815919303,-8.53499728349)) ;
#3990=CARTESIAN_POINT('Control Point',(17.,-16.9437337821,-8.57132287563)) ;
#3991=CARTESIAN_POINT('Control Point',(17.,-16.9059715716,-8.60826486237)) ;
#3992=CARTESIAN_POINT('Control Point',(17.,-16.8938203757,-8.62031677483)) ;
#3993=CARTESIAN_POINT('Control Point',(17.,-16.8816217305,-8.63242987734)) ;
#3994=CARTESIAN_POINT('Control Point',(17.,-16.8694393554,-8.64461173299)) ;
#3995=CARTESIAN_POINT('Vertex',(17.,-20.,-4.81631918347)) ;
#3997=CARTESIAN_POINT('Vertex',(17.,-16.8694393554,-8.64461173299)) ;
#4000=CARTESIAN_POINT('Line Origine',(17.,-20.,-0.0968363632383)) ;
#4005=CARTESIAN_POINT('Line Origine',(17.,0.,18.5)) ;
#4010=CARTESIAN_POINT('Line Origine',(17.,0.000205993652342,-18.5)) ;
#4014=CARTESIAN_POINT('Vertex',(17.,-9.,-18.5)) ;
#4017=CARTESIAN_POINT('Line Origine',(17.,-9.,-14.9344085005)) ;
#4021=CARTESIAN_POINT('Vertex',(17.,-9.,-11.3688170009)) ;
#4024=CARTESIAN_POINT('Line Origine',(17.,-8.9995880127,-10.0067143669)) ;
#4028=CARTESIAN_POINT('Vertex',(17.,-8.9995880127,-8.64461173299)) ;
#4031=CARTESIAN_POINT('Line Origine',(17.,-12.9345136841,-8.64461173299)) ;
#4076=CARTESIAN_POINT('Control Point',(20.4304675597,-20.0474813608,-7.246841165)) ;
#4077=CARTESIAN_POINT('Control Point',(20.3759893174,-20.2882695355,-7.19108855436)) ;
#4078=CARTESIAN_POINT('Control Point',(20.3501420809,-20.5290587632,-7.10735889618)) ;
#4079=CARTESIAN_POINT('Control Point',(20.3547628893,-20.7618103598,-6.997495613)) ;
#4080=CARTESIAN_POINT('Control Point',(20.4246207376,-21.1952043472,-6.73307163214)) ;
#4081=CARTESIAN_POINT('Control Point',(20.6072152077,-21.5385133128,-6.3992622217)) ;
#4082=CARTESIAN_POINT('Control Point',(20.7246077244,-21.6811518511,-6.21999191448)) ;
#4083=CARTESIAN_POINT('Control Point',(20.8640524681,-21.7898603814,-6.03453085023)) ;
#4084=CARTESIAN_POINT('Control Point',(21.0203216628,-21.8622455374,-5.84907059702)) ;
#4085=CARTESIAN_POINT('Control Point',(20.2367473712,-19.868015842,-7.04858942645)) ;
#4086=CARTESIAN_POINT('Control Point',(20.1657107176,-20.1136864561,-6.99134895863)) ;
#4087=CARTESIAN_POINT('Control Point',(20.1213587481,-20.3593583564,-6.90027629324)) ;
#4088=CARTESIAN_POINT('Control Point',(20.1062053743,-20.5962868019,-6.7773841325)) ;
#4089=CARTESIAN_POINT('Control Point',(20.1353158406,-21.0352204584,-6.47695495001)) ;
#4090=CARTESIAN_POINT('Control Point',(20.2769150885,-21.3765830036,-6.09153315978)) ;
#4091=CARTESIAN_POINT('Control Point',(20.3742901452,-21.5159062639,-5.88361908396)) ;
#4092=CARTESIAN_POINT('Control Point',(20.4946060948,-21.6187298308,-5.66809254909)) ;
#4093=CARTESIAN_POINT('Control Point',(20.632881286,-21.6827800186,-5.4525671199)) ;
#4094=CARTESIAN_POINT('Control Point',(20.0136139972,-19.6613018903,-6.88894521935)) ;
#4095=CARTESIAN_POINT('Control Point',(19.9252659962,-19.9128976941,-6.83532172463)) ;
#4096=CARTESIAN_POINT('Control Point',(19.8607573533,-20.1644951054,-6.7417799912)) ;
#4097=CARTESIAN_POINT('Control Point',(19.823418258,-20.4064846532,-6.61036033473)) ;
#4098=CARTESIAN_POINT('Control Point',(19.8058371476,-20.8520956866,-6.28212547808)) ;
#4099=CARTESIAN_POINT('Control Point',(19.899056792,-21.1910396611,-5.85192111694)) ;
#4100=CARTESIAN_POINT('Control Point',(19.9725633745,-21.3263198173,-5.61849216217)) ;
#4101=CARTESIAN_POINT('Control Point',(20.0699419348,-21.4220215038,-5.3758849355)) ;
#4102=CARTESIAN_POINT('Control Point',(20.1866154412,-21.4760660669,-5.1332792123)) ;
#4103=CARTESIAN_POINT('Control Point',(19.7712965525,-19.4368150437,-6.77139813055)) ;
#4104=CARTESIAN_POINT('Control Point',(19.6670146359,-19.6953489608,-6.7265416531)) ;
#4105=CARTESIAN_POINT('Control Point',(19.5825231742,-19.9538849286,-6.63561261836)) ;
#4106=CARTESIAN_POINT('Control Point',(19.5220769248,-20.2017879975,-6.50047580998)) ;
#4107=CARTESIAN_POINT('Control Point',(19.4542157709,-20.6551436724,-6.15336628123)) ;
#4108=CARTESIAN_POINT('Control Point',(19.4929968828,-20.9911637455,-5.68607354226)) ;
#4109=CARTESIAN_POINT('Control Point',(19.5392432797,-21.1216776025,-5.43069941457)) ;
#4110=CARTESIAN_POINT('Control Point',(19.6102158531,-21.2090729937,-5.16444096459)) ;
#4111=CARTESIAN_POINT('Control Point',(19.7019804593,-21.2515792204,-4.8981845807)) ;
#4112=CARTESIAN_POINT('Control Point',(19.2980735974,-18.9984129336,-6.62969562695)) ;
#4113=CARTESIAN_POINT('Control Point',(19.1699109725,-19.2718409102,-6.60895314142)) ;
#4114=CARTESIAN_POINT('Control Point',(19.0513570338,-19.54527209,-6.53122474703)) ;
#4115=CARTESIAN_POINT('Control Point',(18.9484312912,-19.8058355067,-6.39754004091)) ;
#4116=CARTESIAN_POINT('Control Point',(18.7836535,-20.2756188089,-6.03155032129)) ;
#4117=CARTESIAN_POINT('Control Point',(18.7112539266,-20.6051197086,-5.51031466463)) ;
#4118=CARTESIAN_POINT('Control Point',(18.7007649487,-20.7253181582,-5.221293077)) ;
#4119=CARTESIAN_POINT('Control Point',(18.7162331079,-20.7949731712,-4.91803451178)) ;
#4120=CARTESIAN_POINT('Control Point',(18.7555330306,-20.8131771102,-4.61477947501)) ;
#4121=CARTESIAN_POINT('Control Point',(18.8104525255,-18.5466734923,-6.63443659099)) ;
#4122=CARTESIAN_POINT('Control Point',(18.6737110141,-18.838677169,-6.64672631197)) ;
#4123=CARTESIAN_POINT('Control Point',(18.5314828398,-19.1306860739,-6.59390630189)) ;
#4124=CARTESIAN_POINT('Control Point',(18.3911390128,-19.4069550816,-6.47528236957)) ;
#4125=CARTESIAN_POINT('Control Point',(18.1299658172,-19.8967435972,-6.11998315719)) ;
#4126=CARTESIAN_POINT('Control Point',(17.9320229772,-20.2175311014,-5.57737707989)) ;
#4127=CARTESIAN_POINT('Control Point',(17.8549613976,-20.32466723,-5.27130008848)) ;
#4128=CARTESIAN_POINT('Control Point',(17.8040195179,-20.3724282588,-4.94777789124)) ;
#4129=CARTESIAN_POINT('Control Point',(17.7802922122,-20.3614376689,-4.62426148906)) ;
#4130=CARTESIAN_POINT('Control Point',(18.5846618101,-18.3374972212,-6.66831934111)) ;
#4131=CARTESIAN_POINT('Control Point',(18.4478183007,-18.6388959841,-6.69694592449)) ;
#4132=CARTESIAN_POINT('Control Point',(18.297416242,-18.9403011223,-6.65758053285)) ;
#4133=CARTESIAN_POINT('Control Point',(18.1413111155,-19.2244961563,-6.54854041889)) ;
#4134=CARTESIAN_POINT('Control Point',(17.83637865,-19.7243028102,-6.20440776801)) ;
#4135=CARTESIAN_POINT('Control Point',(17.5776369269,-20.0405629213,-5.65953811402)) ;
#4136=CARTESIAN_POINT('Control Point',(17.4677674405,-20.1410518248,-5.34958523997)) ;
#4137=CARTESIAN_POINT('Control Point',(17.3838183041,-20.177787625,-5.02080251021)) ;
#4138=CARTESIAN_POINT('Control Point',(17.3287105722,-20.1522613979,-4.69202681045)) ;
#4139=CARTESIAN_POINT('Control Point',(17.9606712002,-17.7594216828,-6.85522522595)) ;
#4140=CARTESIAN_POINT('Control Point',(17.8379994403,-18.090114916,-6.92796077274)) ;
#4141=CARTESIAN_POINT('Control Point',(17.6759919331,-18.420818819,-6.9284174232)) ;
#4142=CARTESIAN_POINT('Control Point',(17.4828534657,-18.7296461435,-6.85180234285)) ;
#4143=CARTESIAN_POINT('Control Point',(17.0611717634,-19.2602287218,-6.55573575151)) ;
#4144=CARTESIAN_POINT('Control Point',(16.6241992983,-19.561830612,-6.02986375022)) ;
#4145=CARTESIAN_POINT('Control Point',(16.4157639342,-19.6414162964,-5.72317644884)) ;
#4146=CARTESIAN_POINT('Control Point',(16.2314706538,-19.6440112061,-5.39450225082)) ;
#4147=CARTESIAN_POINT('Control Point',(16.0807281964,-19.5741858594,-5.06583897289)) ;
#4148=CARTESIAN_POINT('Control Point',(17.4262824252,-17.2643562502,-7.29472911222)) ;
#4149=CARTESIAN_POINT('Control Point',(17.3504743641,-17.6282941297,-7.39099051402)) ;
#4150=CARTESIAN_POINT('Control Point',(17.2051818588,-17.9922491857,-7.42435942764)) ;
#4151=CARTESIAN_POINT('Control Point',(16.9963075841,-18.328848392,-7.38744233586)) ;
#4152=CARTESIAN_POINT('Control Point',(16.4850927954,-18.8933293463,-7.17959310129)) ;
#4153=CARTESIAN_POINT('Control Point',(15.8708367855,-19.1770936098,-6.75362110585)) ;
#4154=CARTESIAN_POINT('Control Point',(15.5587886514,-19.232566273,-6.4982491934)) ;
#4155=CARTESIAN_POINT('Control Point',(15.2663244383,-19.1969470432,-6.22154062076)) ;
#4156=CARTESIAN_POINT('Control Point',(15.011952762,-19.0791204268,-5.94484602662)) ;
#4157=CARTESIAN_POINT('Control Point',(17.14420212,-17.0030317655,-7.68552408133)) ;
#4158=CARTESIAN_POINT('Control Point',(17.1163091184,-17.3907075433,-7.7758906604)) ;
#4159=CARTESIAN_POINT('Control Point',(16.9987204318,-17.7784065663,-7.81791161823)) ;
#4160=CARTESIAN_POINT('Control Point',(16.793541811,-18.1347038372,-7.80374366744)) ;
#4161=CARTESIAN_POINT('Control Point',(16.2438538522,-18.7226541749,-7.66562190486)) ;
#4162=CARTESIAN_POINT('Control Point',(15.5191034968,-18.9928442144,-7.34709559207)) ;
#4163=CARTESIAN_POINT('Control Point',(15.1385702475,-19.0308375942,-7.15218703504)) ;
#4164=CARTESIAN_POINT('Control Point',(14.7727793567,-18.9683346816,-6.93930461165)) ;
#4165=CARTESIAN_POINT('Control Point',(14.4477905902,-18.8177959421,-6.72643671635)) ;
#4166=CARTESIAN_POINT('Control Point',(16.9999983569,-16.8694392019,-8.16632276658)) ;
#4167=CARTESIAN_POINT('Control Point',(16.9999982558,-17.2703548859,-8.21073359846)) ;
#4168=CARTESIAN_POINT('Control Point',(16.8995968546,-17.6712975346,-8.23113701008)) ;
#4169=CARTESIAN_POINT('Control Point',(16.698401206,-18.038556213,-8.22370474978)) ;
#4170=CARTESIAN_POINT('Control Point',(16.1307993379,-18.639458977,-8.15453008457)) ;
#4171=CARTESIAN_POINT('Control Point',(15.3469836216,-18.9019270755,-7.99615948103)) ;
#4172=CARTESIAN_POINT('Control Point',(14.9291754776,-18.930127095,-7.8993668262)) ;
#4173=CARTESIAN_POINT('Control Point',(14.5231675319,-18.8527107047,-7.79369661885)) ;
#4174=CARTESIAN_POINT('Control Point',(14.15938336,-18.6842033785,-7.68803352517)) ;
#4175=CARTESIAN_POINT('Control Point',(16.9999985741,-16.8694393554,-8.64461177415)) ;
#4176=CARTESIAN_POINT('Control Point',(16.9999984896,-17.2703550781,-8.64461175365)) ;
#4177=CARTESIAN_POINT('Control Point',(16.8995971027,-17.6712977654,-8.64461172903)) ;
#4178=CARTESIAN_POINT('Control Point',(16.6984014648,-18.0385564758,-8.644611702)) ;
#4179=CARTESIAN_POINT('Control Point',(16.1307996126,-18.6394592776,-8.64461164802)) ;
#4180=CARTESIAN_POINT('Control Point',(15.3469839105,-18.9019273537,-8.64461160248)) ;
#4181=CARTESIAN_POINT('Control Point',(14.9291757753,-18.9301273447,-8.64461158392)) ;
#4182=CARTESIAN_POINT('Control Point',(14.5231678434,-18.8527109109,-8.64461157125)) ;
#4183=CARTESIAN_POINT('Control Point',(14.1593836915,-18.6842035321,-8.64461156496)) ;
#4185=CARTESIAN_POINT('Control Point',(20.4304675597,-20.0474813608,-7.246841165)) ;
#4186=CARTESIAN_POINT('Control Point',(20.2367473712,-19.868015842,-7.04858942645)) ;
#4187=CARTESIAN_POINT('Control Point',(20.0136139972,-19.6613018903,-6.88894521935)) ;
#4188=CARTESIAN_POINT('Control Point',(19.7712965525,-19.4368150437,-6.77139813055)) ;
#4189=CARTESIAN_POINT('Control Point',(19.2980735974,-18.9984129336,-6.62969562695)) ;
#4190=CARTESIAN_POINT('Control Point',(18.8104525255,-18.5466734923,-6.63443659099)) ;
#4191=CARTESIAN_POINT('Control Point',(18.5844602818,-18.3373106357,-6.66843380605)) ;
#4192=CARTESIAN_POINT('Control Point',(18.1958465815,-17.9772920782,-6.78474105523)) ;
#4193=CARTESIAN_POINT('Control Point',(17.8414226424,-17.6489484113,-6.9995577295)) ;
#4194=CARTESIAN_POINT('Control Point',(17.696606899,-17.5147887687,-7.1110069952)) ;
#4195=CARTESIAN_POINT('Control Point',(17.4381912668,-17.2753879872,-7.362338228)) ;
#4196=CARTESIAN_POINT('Control Point',(17.2365108712,-17.0885483396,-7.67537772393)) ;
#4197=CARTESIAN_POINT('Control Point',(17.154707172,-17.0127639873,-7.84054023015)) ;
#4198=CARTESIAN_POINT('Control Point',(17.0621157776,-16.9269856992,-8.10041841279)) ;
#4199=CARTESIAN_POINT('Control Point',(17.0152716829,-16.8835886296,-8.37436333409)) ;
#4200=CARTESIAN_POINT('Control Point',(17.0050896331,-16.8741558133,-8.46411222822)) ;
#4201=CARTESIAN_POINT('Control Point',(16.999998535,-16.8694393282,-8.55436148226)) ;
#4202=CARTESIAN_POINT('Control Point',(16.9999985741,-16.8694393554,-8.64461173299)) ;
#4203=CARTESIAN_POINT('Vertex',(20.4304675597,-20.0474813608,-7.246841165)) ;
#4207=CARTESIAN_POINT('Control Point',(20.4304675597,-20.0474813608,-7.246841165)) ;
#4208=CARTESIAN_POINT('Control Point',(20.2942719541,-20.6494517975,-7.1074596384)) ;
#4209=CARTESIAN_POINT('Control Point',(20.3497643648,-21.2550202071,-6.77914309945)) ;
#4210=CARTESIAN_POINT('Control Point',(20.629648676,-21.6812826475,-6.31272123005)) ;
#4211=CARTESIAN_POINT('Control Point',(21.0203216628,-21.8622455374,-5.84907059702)) ;
#4212=CARTESIAN_POINT('Vertex',(21.0203216628,-21.8622455374,-5.84907059702)) ;
#4216=CARTESIAN_POINT('Control Point',(21.0203216628,-21.8622455374,-5.84907059702)) ;
#4217=CARTESIAN_POINT('Control Point',(20.632881286,-21.6827800186,-5.4525671199)) ;
#4218=CARTESIAN_POINT('Control Point',(20.1866154412,-21.4760660669,-5.1332792123)) ;
#4219=CARTESIAN_POINT('Control Point',(19.7019804593,-21.2515792204,-4.8981845807)) ;
#4220=CARTESIAN_POINT('Control Point',(18.8649003286,-20.863836928,-4.6475285213)) ;
#4221=CARTESIAN_POINT('Control Point',(18.005296802,-20.4656616162,-4.62598103932)) ;
#4222=CARTESIAN_POINT('Control Point',(17.6648294908,-20.3079544017,-4.6534064295)) ;
#4223=CARTESIAN_POINT('Control Point',(17.3283389633,-20.1520892656,-4.71688259822)) ;
#4224=CARTESIAN_POINT('Control Point',(17.,-20.,-4.81631918347)) ;
#4233=CARTESIAN_POINT('Axis2P3D Location',(31.4264066916,-10.8548237175,-18.5)) ;
#4238=CARTESIAN_POINT('Line Origine',(23.3118869377,-9.81129658724,-12.7962968304)) ;
#4242=CARTESIAN_POINT('Vertex',(17.7385564801,-9.09456636601,-7.09259366083)) ;
#4244=CARTESIAN_POINT('Vertex',(28.8852082155,-10.5280981991,-18.5)) ;
#4248=CARTESIAN_POINT('Control Point',(17.7385564801,-9.09456636601,-7.09259366083)) ;
#4249=CARTESIAN_POINT('Control Point',(17.6035102126,-9.07719941785,-7.20235632415)) ;
#4250=CARTESIAN_POINT('Control Point',(17.4802840643,-9.06135253685,-7.32690476683)) ;
#4251=CARTESIAN_POINT('Control Point',(17.3710399709,-9.04730374792,-7.46456850179)) ;
#4252=CARTESIAN_POINT('Control Point',(17.1808745107,-9.02284847232,-7.76703721367)) ;
#4253=CARTESIAN_POINT('Control Point',(17.0614928947,-9.00749599812,-8.10448295254)) ;
#4254=CARTESIAN_POINT('Control Point',(17.0204962219,-9.00222382655,-8.28243007532)) ;
#4255=CARTESIAN_POINT('Control Point',(17.,-8.9995880127,-8.46352071999)) ;
#4256=CARTESIAN_POINT('Control Point',(17.,-8.9995880127,-8.64461173299)) ;
#4258=CARTESIAN_POINT('Line Origine',(22.9426086977,-9.76380741058,-18.5)) ;
#4271=CARTESIAN_POINT('Line Origine',(25.634205156,-11.94245871,-12.5723058665)) ;
#4275=CARTESIAN_POINT('Vertex',(20.4304675597,-11.2732581257,-7.246841165)) ;
#4277=CARTESIAN_POINT('Vertex',(30.8379427523,-12.6116592943,-17.897770568)) ;
#4280=CARTESIAN_POINT('Line Origine',(30.8379427523,-18.7399837047,-17.897770568)) ;
#4284=CARTESIAN_POINT('Vertex',(30.8379427523,-24.8683081151,-17.897770568)) ;
#4287=CARTESIAN_POINT('Line Origine',(25.634205156,-22.4578947379,-12.5723058665)) ;
#4292=CARTESIAN_POINT('Line Origine',(20.4304675597,-15.6603697432,-7.246841165)) ;
#4304=CARTESIAN_POINT('Axis2P3D Location',(19.,0.,-8.64461173299)) ;
#4310=CARTESIAN_POINT('Control Point',(20.4304675597,-11.2732581257,-7.246841165)) ;
#4311=CARTESIAN_POINT('Control Point',(20.38157114,-11.196724598,-7.19680094834)) ;
#4312=CARTESIAN_POINT('Control Point',(20.3303999591,-11.1203050306,-7.14881016076)) ;
#4313=CARTESIAN_POINT('Control Point',(20.3184311003,-11.102647044,-7.13825536502)) ;
#4314=CARTESIAN_POINT('Control Point',(20.0130475844,-10.6708358713,-6.88475263661)) ;
#4315=CARTESIAN_POINT('Control Point',(19.6415245272,-10.2463916605,-6.70529183624)) ;
#4316=CARTESIAN_POINT('Control Point',(19.2950169278,-9.91028576849,-6.61429390268)) ;
#4317=CARTESIAN_POINT('Control Point',(18.7516701059,-9.4822295979,-6.59811825075)) ;
#4318=CARTESIAN_POINT('Control Point',(18.1810834544,-9.21069361011,-6.80860580126)) ;
#4319=CARTESIAN_POINT('Control Point',(18.0262788208,-9.15161712736,-6.88436572285)) ;
#4320=CARTESIAN_POINT('Control Point',(17.8769770388,-9.11236725314,-6.98008865937)) ;
#4321=CARTESIAN_POINT('Control Point',(17.7385564401,-9.09456636601,-7.09259364512)) ;
#4332=CARTESIAN_POINT('Control Point',(30.8379427523,-12.6116592943,-17.897770568)) ;
#4333=CARTESIAN_POINT('Control Point',(30.8598855827,-12.2623260378,-17.9202266905)) ;
#4334=CARTESIAN_POINT('Control Point',(30.8268361042,-11.9129927814,-17.9964181322)) ;
#4335=CARTESIAN_POINT('Control Point',(30.7373024951,-11.5860878316,-18.1249842629)) ;
#4336=CARTESIAN_POINT('Control Point',(30.5973606332,-11.3037954222,-18.2972004027)) ;
#4337=CARTESIAN_POINT('Control Point',(30.4185494469,-11.0803712242,-18.5)) ;
#4338=CARTESIAN_POINT('Control Point',(31.0616799771,-12.6692045024,-18.1267415088)) ;
#4339=CARTESIAN_POINT('Control Point',(31.0909955006,-12.3169464637,-18.1495518888)) ;
#4340=CARTESIAN_POINT('Control Point',(31.0728547648,-11.9646884251,-18.2359409173)) ;
#4341=CARTESIAN_POINT('Control Point',(31.005273499,-11.6354826493,-18.3845150502)) ;
#4342=CARTESIAN_POINT('Control Point',(30.8929615886,-11.3521212518,-18.5850141721)) ;
#4343=CARTESIAN_POINT('Control Point',(30.7456548645,-11.1291070207,-18.8219183909)) ;
#4344=CARTESIAN_POINT('Control Point',(31.330646064,-12.7383824413,-18.3103479754)) ;
#4345=CARTESIAN_POINT('Control Point',(31.3675742582,-12.3825331227,-18.330681615)) ;
#4346=CARTESIAN_POINT('Control Point',(31.3665110227,-12.026683804,-18.4233408078)) ;
#4347=CARTESIAN_POINT('Control Point',(31.3249386316,-11.6946554867,-18.5870742035)) ;
#4348=CARTESIAN_POINT('Control Point',(31.2458764289,-11.409988543,-18.8103080173)) ;
#4349=CARTESIAN_POINT('Control Point',(31.1367744924,-11.1874831583,-19.0752947856)) ;
#4350=CARTESIAN_POINT('Control Point',(31.6323764308,-12.8159875292,-18.4367908398)) ;
#4351=CARTESIAN_POINT('Control Point',(31.6756712095,-12.4559778458,-18.451652656)) ;
#4352=CARTESIAN_POINT('Control Point',(31.6922913374,-12.0959681624,-18.5460105916)) ;
#4353=CARTESIAN_POINT('Control Point',(31.6792283477,-11.7606745236,-18.7189594665)) ;
#4354=CARTESIAN_POINT('Control Point',(31.6375239268,-11.4745073143,-18.9579180587)) ;
#4355=CARTESIAN_POINT('Control Point',(31.5718582729,-11.2526008243,-19.2432489544)) ;
#4356=CARTESIAN_POINT('Control Point',(31.9503935679,-12.8977815593,-18.4999999882)) ;
#4357=CARTESIAN_POINT('Control Point',(31.9972796388,-12.5331927891,-18.5075527958)) ;
#4358=CARTESIAN_POINT('Control Point',(32.0303835161,-12.1686040189,-18.5995432023)) ;
#4359=CARTESIAN_POINT('Control Point',(32.0463730139,-11.8297231347,-18.7755764159)) ;
#4360=CARTESIAN_POINT('Control Point',(32.0441095455,-11.5419227582,-19.0224631594)) ;
#4361=CARTESIAN_POINT('Control Point',(32.0250571417,-11.3206893882,-19.3191875532)) ;
#4362=CARTESIAN_POINT('Control Point',(32.2684102909,-12.9795754898,-18.4999999976)) ;
#4363=CARTESIAN_POINT('Control Point',(32.3159096823,-12.6102177263,-18.5)) ;
#4364=CARTESIAN_POINT('Control Point',(32.36340907,-12.2408599629,-18.5866758465)) ;
#4365=CARTESIAN_POINT('Control Point',(32.4074687371,-11.8982496191,-18.7601920192)) ;
#4366=CARTESIAN_POINT('Control Point',(32.4446963172,-11.6087659178,-19.007188671)) ;
#4367=CARTESIAN_POINT('Control Point',(32.4730550164,-11.3882470831,-19.3059336759)) ;
#4369=CARTESIAN_POINT('Control Point',(30.8379427523,-12.6116592943,-17.897770568)) ;
#4370=CARTESIAN_POINT('Control Point',(30.9634106021,-12.6439296218,-18.0261733924)) ;
#4371=CARTESIAN_POINT('Control Point',(31.1031018733,-12.6798581717,-18.1403101486)) ;
#4372=CARTESIAN_POINT('Control Point',(31.2548222313,-12.7188806313,-18.2381042617)) ;
#4373=CARTESIAN_POINT('Control Point',(31.5421859836,-12.7927906762,-18.3806368038)) ;
#4374=CARTESIAN_POINT('Control Point',(31.8507570599,-12.8721550738,-18.4634185125)) ;
#4375=CARTESIAN_POINT('Control Point',(31.9890529905,-12.9077247677,-18.4878061697)) ;
#4376=CARTESIAN_POINT('Control Point',(32.1287316807,-12.9436501383,-18.4999999935)) ;
#4377=CARTESIAN_POINT('Control Point',(32.2684102909,-12.9795754898,-18.4999999976)) ;
#4378=CARTESIAN_POINT('Vertex',(32.268410312,-12.9795754898,-18.5)) ;
#4382=CARTESIAN_POINT('Control Point',(30.8379427523,-12.6116592943,-17.897770568)) ;
#4383=CARTESIAN_POINT('Control Point',(30.8653712904,-12.1749927237,-17.9258407211)) ;
#4384=CARTESIAN_POINT('Control Point',(30.8010024947,-11.7376657706,-18.0436929292)) ;
#4385=CARTESIAN_POINT('Control Point',(30.6420634298,-11.3596514717,-18.2465005033)) ;
#4386=CARTESIAN_POINT('Control Point',(30.4185494469,-11.0803712242,-18.5)) ;
#4387=CARTESIAN_POINT('Vertex',(30.4185494469,-11.0803712242,-18.5)) ;
#4391=CARTESIAN_POINT('Control Point',(30.4185494469,-11.0803712242,-18.5)) ;
#4392=CARTESIAN_POINT('Control Point',(30.6448357365,-11.2297828509,-18.5)) ;
#4393=CARTESIAN_POINT('Control Point',(30.8490002941,-11.3913959504,-18.4999996771)) ;
#4394=CARTESIAN_POINT('Control Point',(31.0341003372,-11.5579838773,-18.4999997862)) ;
#4395=CARTESIAN_POINT('Control Point',(31.3147002484,-11.8353275561,-18.5000001393)) ;
#4396=CARTESIAN_POINT('Control Point',(31.5644147004,-12.1138589594,-18.4999999092)) ;
#4397=CARTESIAN_POINT('Control Point',(31.6591400377,-12.2236129321,-18.4999991337)) ;
#4398=CARTESIAN_POINT('Control Point',(31.8148749148,-12.4094590036,-18.4999993273)) ;
#4399=CARTESIAN_POINT('Control Point',(31.9644083934,-12.5947162302,-18.4999998636)) ;
#4400=CARTESIAN_POINT('Control Point',(32.0250323673,-12.6706963546,-18.4999999905)) ;
#4401=CARTESIAN_POINT('Control Point',(32.1112819861,-12.7796588749,-18.5000000041)) ;
#4402=CARTESIAN_POINT('Control Point',(32.1969454036,-12.8885709129,-18.4999999982)) ;
#4403=CARTESIAN_POINT('Control Point',(32.216551306,-12.9134927001,-18.4999999963)) ;
#4404=CARTESIAN_POINT('Control Point',(32.2424738754,-12.9465427842,-18.499999997)) ;
#4405=CARTESIAN_POINT('Control Point',(32.2684102909,-12.9795754898,-18.4999999976)) ;
#4413=CARTESIAN_POINT('Axis2P3D Location',(23.0888673996,-11.7990864178,-12.8291269209)) ;
#4419=CARTESIAN_POINT('Control Point',(28.8852173953,-10.5280268085,-18.5)) ;
#4420=CARTESIAN_POINT('Control Point',(29.2927504931,-10.5804355593,-18.5)) ;
#4421=CARTESIAN_POINT('Control Point',(29.6926471304,-10.6894323354,-18.4999966139)) ;
#4422=CARTESIAN_POINT('Control Point',(30.0756611561,-10.8539699809,-18.5)) ;
#4423=CARTESIAN_POINT('Control Point',(30.4185494469,-11.0803712242,-18.5)) ;
#4433=CARTESIAN_POINT('Axis2P3D Location',(96.,-30.8,-18.5)) ;
#4438=CARTESIAN_POINT('Line Origine',(40.7563705402,-30.8,1.7763568394E-015)) ;
#4442=CARTESIAN_POINT('Vertex',(40.7563705402,-30.8,-13.5)) ;
#4444=CARTESIAN_POINT('Vertex',(40.7563725142,-30.8,13.5)) ;
#4447=CARTESIAN_POINT('Line Origine',(83.3781852701,-30.8,-13.5)) ;
#4451=CARTESIAN_POINT('Vertex',(126.,-30.8,-13.5)) ;
#4454=CARTESIAN_POINT('Line Origine',(126.,-30.8,-1.7763568394E-015)) ;
#4458=CARTESIAN_POINT('Vertex',(126.,-30.8,13.5)) ;
#4461=CARTESIAN_POINT('Line Origine',(83.3781852701,-30.8,13.5)) ;
#4481=CARTESIAN_POINT('Axis2P3D Location',(71.5,-25.8,13.5)) ;
#4486=CARTESIAN_POINT('Axis2P3D Location',(126.,-25.8,13.5)) ;
#4490=CARTESIAN_POINT('Vertex',(126.,-25.8,18.5)) ;
#4493=CARTESIAN_POINT('Line Origine',(71.5,-25.8,18.5)) ;
#4497=CARTESIAN_POINT('Vertex',(34.2798078758,-25.8,18.5)) ;
#4501=CARTESIAN_POINT('Control Point',(40.7563725142,-30.8,13.5)) ;
#4502=CARTESIAN_POINT('Control Point',(40.7563729397,-30.8,13.7818371359)) ;
#4503=CARTESIAN_POINT('Control Point',(40.7306440373,-30.7801419572,14.063654277)) ;
#4504=CARTESIAN_POINT('Control Point',(40.6790559399,-30.7403119103,14.3391747533)) ;
#4505=CARTESIAN_POINT('Control Point',(40.5409140735,-30.6336648567,14.836425813)) ;
#4506=CARTESIAN_POINT('Control Point',(40.3392971959,-30.4780136129,15.2859442161)) ;
#4507=CARTESIAN_POINT('Control Point',(40.2328816965,-30.3958594353,15.4861079639)) ;
#4508=CARTESIAN_POINT('Control Point',(39.8025059793,-30.063604004,16.189759787)) ;
#4509=CARTESIAN_POINT('Control Point',(39.2675990015,-29.6506474303,16.7441983609)) ;
#4510=CARTESIAN_POINT('Control Point',(38.8519883433,-29.329790948,17.0830871889)) ;
#4511=CARTESIAN_POINT('Control Point',(37.7317442263,-28.4649481603,17.8211804128)) ;
#4512=CARTESIAN_POINT('Control Point',(36.5304069422,-27.5374983302,18.2463929839)) ;
#4513=CARTESIAN_POINT('Control Point',(35.7851018868,-26.9621252012,18.4156121879)) ;
#4514=CARTESIAN_POINT('Control Point',(35.0323668347,-26.3809916079,18.5)) ;
#4515=CARTESIAN_POINT('Control Point',(34.2798078758,-25.8,18.5)) ;
#4524=CARTESIAN_POINT('Axis2P3D Location',(27.1819219455,-22.5122055303,11.1944143529)) ;
#4529=CARTESIAN_POINT('Line Origine',(26.341308489,-24.3269697069,11.1944143529)) ;
#4533=CARTESIAN_POINT('Vertex',(31.4378595276,-26.6877334028,16.5)) ;
#4536=CARTESIAN_POINT('Axis2P3D Location',(32.2784729841,-24.8729692262,16.5)) ;
#4548=CARTESIAN_POINT('Axis2P3D Location',(32.2784729841,-7.1054273576E-015,16.5)) ;
#4553=CARTESIAN_POINT('Line Origine',(32.2784729841,-7.1054273576E-015,18.5)) ;
#4557=CARTESIAN_POINT('Vertex',(32.2784729841,-24.8729692262,18.5)) ;
#4560=CARTESIAN_POINT('Axis2P3D Location',(32.2784729841,-24.8729692262,16.5)) ;
#4572=CARTESIAN_POINT('Axis2P3D Location',(71.5,-25.8,-13.5)) ;
#4577=CARTESIAN_POINT('Line Origine',(71.5,-25.8,-18.5)) ;
#4581=CARTESIAN_POINT('Vertex',(126.,-25.8,-18.5)) ;
#4583=CARTESIAN_POINT('Vertex',(34.2798002024,-25.8,-18.5)) ;
#4586=CARTESIAN_POINT('Axis2P3D Location',(126.,-25.8,-13.5)) ;
#4592=CARTESIAN_POINT('Control Point',(34.2798002024,-25.8,-18.5)) ;
#4593=CARTESIAN_POINT('Control Point',(35.0169833964,-26.3691199462,-18.5)) ;
#4594=CARTESIAN_POINT('Control Point',(35.7541722074,-26.9382445572,-18.4190256217)) ;
#4595=CARTESIAN_POINT('Control Point',(36.4860584849,-27.5032621925,-18.2564114633)) ;
#4596=CARTESIAN_POINT('Control Point',(37.6701283634,-28.4173789476,-17.8462665954)) ;
#4597=CARTESIAN_POINT('Control Point',(38.7787422617,-29.27324458,-17.1366946056)) ;
#4598=CARTESIAN_POINT('Control Point',(39.1941670816,-29.5939586647,-16.8083500851)) ;
#4599=CARTESIAN_POINT('Control Point',(39.7332389937,-30.0101283411,-16.2698829022)) ;
#4600=CARTESIAN_POINT('Control Point',(40.1753108588,-30.3514141991,-15.5857612602)) ;
#4601=CARTESIAN_POINT('Control Point',(40.2867001094,-30.4374082331,-15.3886486989)) ;
#4602=CARTESIAN_POINT('Control Point',(40.5089239146,-30.6089676943,-14.92679689)) ;
#4603=CARTESIAN_POINT('Control Point',(40.6649967607,-30.7294584184,-14.4108799289)) ;
#4604=CARTESIAN_POINT('Control Point',(40.7259413703,-30.7765082703,-14.1130809772)) ;
#4605=CARTESIAN_POINT('Control Point',(40.7563705402,-30.8,-13.8065402401)) ;
#4606=CARTESIAN_POINT('Control Point',(40.7563705402,-30.8,-13.5)) ;
#4615=CARTESIAN_POINT('Axis2P3D Location',(52.3633880615,-36.380607605,-18.5)) ;
#4620=CARTESIAN_POINT('Line Origine',(32.4334915914,-27.1489182341,-16.5)) ;
#4624=CARTESIAN_POINT('Vertex',(31.4277968555,-26.6830722917,-16.5)) ;
#4626=CARTESIAN_POINT('Vertex',(33.4391867459,-27.6147643705,-16.5000000344)) ;
#4630=CARTESIAN_POINT('Control Point',(33.4391867459,-27.6147643705,-16.5000000344)) ;
#4631=CARTESIAN_POINT('Control Point',(33.837688941,-27.799353813,-16.500000024)) ;
#4632=CARTESIAN_POINT('Control Point',(34.2361927776,-27.9839440158,-16.4858026721)) ;
#4633=CARTESIAN_POINT('Control Point',(34.6339247779,-28.1681766979,-16.4574077377)) ;
#4634=CARTESIAN_POINT('Control Point',(35.366821512,-28.5076603977,-16.3777824982)) ;
#4635=CARTESIAN_POINT('Control Point',(36.0890571737,-28.8422058024,-16.2449485887)) ;
#4636=CARTESIAN_POINT('Control Point',(36.4176585298,-28.9944166105,-16.1721429435)) ;
#4637=CARTESIAN_POINT('Control Point',(36.9952466394,-29.2619600983,-16.0200274637)) ;
#4638=CARTESIAN_POINT('Control Point',(37.5541016084,-29.5208262436,-15.8233094409)) ;
#4639=CARTESIAN_POINT('Control Point',(37.7942450518,-29.6320626305,-15.7279800759)) ;
#4640=CARTESIAN_POINT('Control Point',(38.2139577601,-29.8264769544,-15.5392433795)) ;
#4641=CARTESIAN_POINT('Control Point',(38.6085400348,-30.0092506581,-15.3142206373)) ;
#4642=CARTESIAN_POINT('Control Point',(38.7765935378,-30.087094401,-15.2073284076)) ;
#4643=CARTESIAN_POINT('Control Point',(39.0726829963,-30.2242454349,-14.9947426086)) ;
#4644=CARTESIAN_POINT('Control Point',(39.3346974023,-30.3456126287,-14.7514567653)) ;
#4645=CARTESIAN_POINT('Control Point',(39.4460866528,-30.3972090312,-14.6331892579)) ;
#4646=CARTESIAN_POINT('Control Point',(39.6080907925,-30.4722506601,-14.4311714914)) ;
#4647=CARTESIAN_POINT('Control Point',(39.7349383045,-30.5310074544,-14.2119137267)) ;
#4648=CARTESIAN_POINT('Control Point',(39.7774650184,-30.5507061725,-14.1261924422)) ;
#4649=CARTESIAN_POINT('Control Point',(39.8489607042,-30.583823553,-13.9524828102)) ;
#4650=CARTESIAN_POINT('Control Point',(39.8934373041,-30.604425474,-13.7722061259)) ;
#4651=CARTESIAN_POINT('Control Point',(39.9083159353,-30.6113173764,-13.6819046974)) ;
#4652=CARTESIAN_POINT('Control Point',(39.9157570837,-30.6147641766,-13.5909522975)) ;
#4653=CARTESIAN_POINT('Control Point',(39.9157570837,-30.6147641766,-13.5)) ;
#4654=CARTESIAN_POINT('Vertex',(39.9157570837,-30.6147641766,-13.5)) ;
#4657=CARTESIAN_POINT('Line Origine',(39.9157570837,-30.6147641766,-3.5527136788E-015)) ;
#4661=CARTESIAN_POINT('Vertex',(39.9157590576,-30.614765091,13.4999999734)) ;
#4665=CARTESIAN_POINT('Control Point',(39.9157590576,-30.614765091,13.4999999734)) ;
#4666=CARTESIAN_POINT('Control Point',(39.9157591879,-30.6147651513,13.5517568662)) ;
#4667=CARTESIAN_POINT('Control Point',(39.9133490476,-30.6136487548,13.6035126429)) ;
#4668=CARTESIAN_POINT('Control Point',(39.9085287019,-30.6114159316,13.6551639282)) ;
#4669=CARTESIAN_POINT('Control Point',(39.8850061442,-30.6005200925,13.823246091)) ;
#4670=CARTESIAN_POINT('Control Point',(39.8367442908,-30.5781648113,13.9879016183)) ;
#4671=CARTESIAN_POINT('Control Point',(39.7920147637,-30.5574457324,14.0994265654)) ;
#4672=CARTESIAN_POINT('Control Point',(39.6676360226,-30.4998324927,14.3455522681)) ;
#4673=CARTESIAN_POINT('Control Point',(39.4986837394,-30.4215724274,14.5715664875)) ;
#4674=CARTESIAN_POINT('Control Point',(39.3922682399,-30.3722799067,14.6916647674)) ;
#4675=CARTESIAN_POINT('Control Point',(39.1282729388,-30.2499951463,14.9506395916)) ;
#4676=CARTESIAN_POINT('Control Point',(38.8249459064,-30.1094916095,15.1759278881)) ;
#4677=CARTESIAN_POINT('Control Point',(38.645134827,-30.0262016621,15.2928301886)) ;
#4678=CARTESIAN_POINT('Control Point',(38.2489692282,-29.8426945499,15.5216196632)) ;
#4679=CARTESIAN_POINT('Control Point',(37.82709275,-29.6472779502,15.7134566241)) ;
#4680=CARTESIAN_POINT('Control Point',(37.5990833046,-29.5416621294,15.8054947382)) ;
#4681=CARTESIAN_POINT('Control Point',(36.8861770794,-29.2114381952,16.0620861697)) ;
#4682=CARTESIAN_POINT('Control Point',(36.1412815499,-28.8663965562,16.2446233171)) ;
#4683=CARTESIAN_POINT('Control Point',(35.6323554159,-28.6306578514,16.3391692819)) ;
#4684=CARTESIAN_POINT('Control Point',(34.8871934009,-28.2854927742,16.4384468445)) ;
#4685=CARTESIAN_POINT('Control Point',(34.1361135265,-27.9375864966,16.4855195977)) ;
#4686=CARTESIAN_POINT('Control Point',(33.903900851,-27.8300237057,16.49517388)) ;
#4687=CARTESIAN_POINT('Control Point',(33.6715392425,-27.7223919277,16.5000004358)) ;
#4688=CARTESIAN_POINT('Control Point',(33.4391944192,-27.6147679248,16.5000006242)) ;
#4689=CARTESIAN_POINT('Vertex',(33.4391944192,-27.6147679248,16.5000006242)) ;
#4692=CARTESIAN_POINT('Line Origine',(32.4385229275,-27.1512487897,16.5)) ;
#4697=CARTESIAN_POINT('Line Origine',(26.2240592591,-24.2726589145,-11.1745352985)) ;
#4715=CARTESIAN_POINT('Axis2P3D Location',(27.2335321054,-22.5361117741,-11.3473446885)) ;
#4720=CARTESIAN_POINT('Axis2P3D Location',(32.268410312,-24.8683081151,-16.5)) ;
#4732=CARTESIAN_POINT('Axis2P3D Location',(32.268410312,7.1054273576E-015,-16.5)) ;
#4737=CARTESIAN_POINT('Line Origine',(32.268410312,7.1054273576E-015,-18.5)) ;
#4741=CARTESIAN_POINT('Vertex',(32.268410312,-24.8683081151,-18.5)) ;
#4744=CARTESIAN_POINT('Axis2P3D Location',(32.268410312,-24.8683081151,-16.5)) ;
#4756=CARTESIAN_POINT('Axis2P3D Location',(32.268410312,-24.8683081151,-16.5)) ;
#4761=CARTESIAN_POINT('Axis2P3D Location',(32.268410312,-24.8683081151,-16.5)) ;
#4772=CARTESIAN_POINT('Axis2P3D Location',(25.8796015928,-21.908960201,-16.5)) ;
#4777=CARTESIAN_POINT('Line Origine',(25.8796015928,-21.908960201,-18.5)) ;
#4782=CARTESIAN_POINT('Axis2P3D Location',(34.2797997839,-25.8,-16.5)) ;
#4795=CARTESIAN_POINT('Control Point',(34.2798002024,-25.800000656,-18.5000000574)) ;
#4796=CARTESIAN_POINT('Control Point',(34.1477569521,-26.0850630868,-18.5000000473)) ;
#4797=CARTESIAN_POINT('Control Point',(34.0157116099,-26.3701300302,-18.4383288531)) ;
#4798=CARTESIAN_POINT('Control Point',(33.8904628774,-26.6405240645,-18.3148937755)) ;
#4799=CARTESIAN_POINT('Control Point',(33.6670679539,-27.1228016284,-17.9578217021)) ;
#4800=CARTESIAN_POINT('Control Point',(33.5169881607,-27.4468023353,-17.4263171816)) ;
#4801=CARTESIAN_POINT('Control Point',(33.4651075677,-27.5588050735,-17.1283235368)) ;
#4802=CARTESIAN_POINT('Control Point',(33.4391867501,-27.6147643803,-16.814159297)) ;
#4803=CARTESIAN_POINT('Control Point',(33.4391867459,-27.6147643705,-16.5000000344)) ;
#4804=CARTESIAN_POINT('Control Point',(35.0169833964,-26.3691160248,-18.5000000386)) ;
#4805=CARTESIAN_POINT('Control Point',(34.8936220562,-26.6354354547,-18.4675534523)) ;
#4806=CARTESIAN_POINT('Control Point',(34.7702595793,-26.8947377317,-18.3815414777)) ;
#4807=CARTESIAN_POINT('Control Point',(34.6523506481,-27.135236428,-18.2435782778)) ;
#4808=CARTESIAN_POINT('Control Point',(34.4383020488,-27.5566935784,-17.8768072635)) ;
#4809=CARTESIAN_POINT('Control Point',(34.2841457264,-27.8289974509,-17.3675396582)) ;
#4810=CARTESIAN_POINT('Control Point',(34.2261588667,-27.9202641914,-17.0870089795)) ;
#4811=CARTESIAN_POINT('Control Point',(34.1900074567,-27.9625507415,-16.7935031448)) ;
#4812=CARTESIAN_POINT('Control Point',(34.1763699399,-27.9562335932,-16.5000000152)) ;
#4813=CARTESIAN_POINT('Control Point',(35.7542065362,-26.9382616898,-18.4192281639)) ;
#4814=CARTESIAN_POINT('Control Point',(35.6377711801,-27.1804075102,-18.3596650837)) ;
#4815=CARTESIAN_POINT('Control Point',(35.5213351521,-27.4108221805,-18.2549752243)) ;
#4816=CARTESIAN_POINT('Control Point',(35.409321497,-27.6204185078,-18.1076410334)) ;
#4817=CARTESIAN_POINT('Control Point',(35.2029572706,-27.9818901728,-17.7395579023)) ;
#4818=CARTESIAN_POINT('Control Point',(35.0458224467,-28.2064419632,-17.2571520148)) ;
#4819=CARTESIAN_POINT('Control Point',(34.9830560244,-28.2790667823,-16.9954545924)) ;
#4820=CARTESIAN_POINT('Control Point',(34.9386316965,-28.3093192952,-16.7234949841)) ;
#4821=CARTESIAN_POINT('Control Point',(34.9135930797,-28.2977213191,-16.4515368983)) ;
#4822=CARTESIAN_POINT('Control Point',(36.486425708,-27.5035452261,-18.2563538991)) ;
#4823=CARTESIAN_POINT('Control Point',(36.3758426793,-27.7175662729,-18.1757044506)) ;
#4824=CARTESIAN_POINT('Control Point',(36.265259261,-27.9171166369,-18.0581803168)) ;
#4825=CARTESIAN_POINT('Control Point',(36.1582494647,-28.0954403775,-17.9065357776)) ;
#4826=CARTESIAN_POINT('Control Point',(35.9585091622,-28.3981672994,-17.5452354589)) ;
#4827=CARTESIAN_POINT('Control Point',(35.7990200051,-28.5781594336,-17.0941379333)) ;
#4828=CARTESIAN_POINT('Control Point',(35.7322718588,-28.6337152072,-16.8526732677)) ;
#4829=CARTESIAN_POINT('Control Point',(35.6807993378,-28.6530978363,-16.6032423675)) ;
#4830=CARTESIAN_POINT('Control Point',(35.6458122515,-28.6368911666,-16.3538123176)) ;
#4831=CARTESIAN_POINT('Control Point',(37.6698932059,-28.4171977024,-17.8463034576)) ;
#4832=CARTESIAN_POINT('Control Point',(37.5674959493,-28.5801285095,-17.7419526343)) ;
#4833=CARTESIAN_POINT('Control Point',(37.4650985643,-28.7269553501,-17.6133832109)) ;
#4834=CARTESIAN_POINT('Control Point',(37.3651180974,-28.8540457347,-17.4631323359)) ;
#4835=CARTESIAN_POINT('Control Point',(37.1748198891,-29.0630618686,-17.1264852715)) ;
#4836=CARTESIAN_POINT('Control Point',(37.0122594282,-29.1748611152,-16.7344281728)) ;
#4837=CARTESIAN_POINT('Control Point',(36.9400202637,-29.2047215442,-16.5287606073)) ;
#4838=CARTESIAN_POINT('Control Point',(36.8786133579,-29.2079343824,-16.3182712283)) ;
#4839=CARTESIAN_POINT('Control Point',(36.8292797494,-29.1850828914,-16.1077820886)) ;
#4840=CARTESIAN_POINT('Control Point',(38.7788928487,-29.2733606433,-17.1366710003)) ;
#4841=CARTESIAN_POINT('Control Point',(38.6827542604,-29.3814268367,-17.030524249)) ;
#4842=CARTESIAN_POINT('Control Point',(38.5866156298,-29.4754752639,-16.9103632701)) ;
#4843=CARTESIAN_POINT('Control Point',(38.4920442791,-29.5538238709,-16.7779254843)) ;
#4844=CARTESIAN_POINT('Control Point',(38.3091690807,-29.6766789146,-16.4928384979)) ;
#4845=CARTESIAN_POINT('Control Point',(38.1445197133,-29.729221809,-16.1769665235)) ;
#4846=CARTESIAN_POINT('Control Point',(38.0681753838,-29.7372535391,-16.0137418492)) ;
#4847=CARTESIAN_POINT('Control Point',(37.9990901489,-29.7269486886,-15.8478721863)) ;
#4848=CARTESIAN_POINT('Control Point',(37.9382793922,-29.6987805029,-15.6820025912)) ;
#4849=CARTESIAN_POINT('Control Point',(39.1935634583,-29.5934920249,-16.8084137017)) ;
#4850=CARTESIAN_POINT('Control Point',(39.0995966836,-29.6801307343,-16.7052435579)) ;
#4851=CARTESIAN_POINT('Control Point',(39.0056298849,-29.7540197126,-16.5915811756)) ;
#4852=CARTESIAN_POINT('Control Point',(38.9129402104,-29.8140596227,-16.4688097704)) ;
#4853=CARTESIAN_POINT('Control Point',(38.7326684417,-29.9049249075,-16.2083482144)) ;
#4854=CARTESIAN_POINT('Control Point',(38.5673297076,-29.9359065261,-15.9252246454)) ;
#4855=CARTESIAN_POINT('Control Point',(38.4895737452,-29.9360600115,-15.779790255)) ;
#4856=CARTESIAN_POINT('Control Point',(38.4178133409,-29.9209045138,-15.6324192332)) ;
#4857=CARTESIAN_POINT('Control Point',(38.3529500018,-29.8908592859,-15.4850482457)) ;
#4858=CARTESIAN_POINT('Control Point',(39.9110117384,-30.1473714551,-16.0927537102)) ;
#4859=CARTESIAN_POINT('Control Point',(39.820556791,-30.195481877,-16.0031158868)) ;
#4860=CARTESIAN_POINT('Control Point',(39.7301018384,-30.233839091,-15.9083215512)) ;
#4861=CARTESIAN_POINT('Control Point',(39.640461565,-30.2620876057,-15.8091302451)) ;
#4862=CARTESIAN_POINT('Control Point',(39.4644395404,-30.2979845903,-15.603620814)) ;
#4863=CARTESIAN_POINT('Control Point',(39.2980382299,-30.2925936486,-15.387345128)) ;
#4864=CARTESIAN_POINT('Control Point',(39.218018819,-30.2795535695,-15.2773874539)) ;
#4865=CARTESIAN_POINT('Control Point',(39.1419178751,-30.2563155877,-15.1665198278)) ;
#4866=CARTESIAN_POINT('Control Point',(39.0703982819,-30.2231871367,-15.0556522058)) ;
#4867=CARTESIAN_POINT('Control Point',(40.4551652355,-30.5674655607,-15.1201010956)) ;
#4868=CARTESIAN_POINT('Control Point',(40.3671312521,-30.5848743001,-15.0606720256)) ;
#4869=CARTESIAN_POINT('Control Point',(40.2790972671,-30.5956272049,-14.999256238)) ;
#4870=CARTESIAN_POINT('Control Point',(40.191566097,-30.5996530998,-14.936160905)) ;
#4871=CARTESIAN_POINT('Control Point',(40.0185149592,-30.5942495454,-14.8072610393)) ;
#4872=CARTESIAN_POINT('Control Point',(39.8514350598,-30.5622125541,-14.6742791758)) ;
#4873=CARTESIAN_POINT('Control Point',(39.7698751713,-30.5396048199,-14.6071018212)) ;
#4874=CARTESIAN_POINT('Control Point',(39.6907669657,-30.5105469356,-14.5395812473)) ;
#4875=CARTESIAN_POINT('Control Point',(39.614551779,-30.4752434413,-14.4720606741)) ;
#4876=CARTESIAN_POINT('Control Point',(40.6540498354,-30.7210069435,-14.6202827375)) ;
#4877=CARTESIAN_POINT('Control Point',(40.5668604763,-30.726929488,-14.578287459)) ;
#4878=CARTESIAN_POINT('Control Point',(40.4796711163,-30.7274797811,-14.5352499041)) ;
#4879=CARTESIAN_POINT('Control Point',(40.3928769428,-30.722635568,-14.4913323954)) ;
#4880=CARTESIAN_POINT('Control Point',(40.2208693071,-30.7022094231,-14.4020790445)) ;
#4881=CARTESIAN_POINT('Control Point',(40.0535619457,-30.66059929,-14.310689552)) ;
#4882=CARTESIAN_POINT('Control Point',(39.9714680729,-30.6345709684,-14.2646358919)) ;
#4883=CARTESIAN_POINT('Control Point',(39.8913082594,-30.6034393424,-14.2184027715)) ;
#4884=CARTESIAN_POINT('Control Point',(39.8134363789,-30.5673683979,-14.1721696514)) ;
#4885=CARTESIAN_POINT('Control Point',(40.7563705402,-30.8,-14.0593899558)) ;
#4886=CARTESIAN_POINT('Control Point',(40.6696138742,-30.8,-14.0384357419)) ;
#4887=CARTESIAN_POINT('Control Point',(40.5828572075,-30.7952958071,-14.0169552321)) ;
#4888=CARTESIAN_POINT('Control Point',(40.496440644,-30.7858873793,-13.9950305666)) ;
#4889=CARTESIAN_POINT('Control Point',(40.3249679055,-30.7577361078,-13.9504654927)) ;
#4890=CARTESIAN_POINT('Control Point',(40.1575444452,-30.7112089216,-13.9048225748)) ;
#4891=CARTESIAN_POINT('Control Point',(40.0751771778,-30.6834244974,-13.8818200604)) ;
#4892=CARTESIAN_POINT('Control Point',(39.9944785285,-30.6512285871,-13.8587270169)) ;
#4893=CARTESIAN_POINT('Control Point',(39.9157570837,-30.6147641766,-13.8356339735)) ;
#4894=CARTESIAN_POINT('Control Point',(40.7563705402,-30.8,-13.5)) ;
#4895=CARTESIAN_POINT('Control Point',(40.6696138742,-30.8,-13.5)) ;
#4896=CARTESIAN_POINT('Control Point',(40.5828572075,-30.7952958071,-13.5)) ;
#4897=CARTESIAN_POINT('Control Point',(40.496440644,-30.7858873793,-13.5)) ;
#4898=CARTESIAN_POINT('Control Point',(40.3249679055,-30.7577361078,-13.5)) ;
#4899=CARTESIAN_POINT('Control Point',(40.1575444452,-30.7112089216,-13.5)) ;
#4900=CARTESIAN_POINT('Control Point',(40.0751771778,-30.6834244974,-13.5)) ;
#4901=CARTESIAN_POINT('Control Point',(39.9944785285,-30.6512285871,-13.5)) ;
#4902=CARTESIAN_POINT('Control Point',(39.9157570837,-30.6147641766,-13.5)) ;
#4904=CARTESIAN_POINT('Control Point',(40.7563705402,-30.8,-13.5)) ;
#4905=CARTESIAN_POINT('Control Point',(40.4671816535,-30.8,-13.5)) ;
#4906=CARTESIAN_POINT('Control Point',(40.1781618997,-30.7363122114,-13.5)) ;
#4907=CARTESIAN_POINT('Control Point',(39.9157570837,-30.6147641766,-13.5)) ;
#4916=CARTESIAN_POINT('Axis2P3D Location',(40.7563705402,-28.8,0.00128900745934)) ;
#4921=CARTESIAN_POINT('Axis2P3D Location',(40.7563705402,-28.8,13.5)) ;
#4934=CARTESIAN_POINT('Control Point',(40.7563725142,-30.800001524,13.4999999895)) ;
#4935=CARTESIAN_POINT('Control Point',(40.6696158373,-30.8000015406,13.4999999877)) ;
#4936=CARTESIAN_POINT('Control Point',(40.5828591599,-30.7952973444,13.4999999859)) ;
#4937=CARTESIAN_POINT('Control Point',(40.4964425869,-30.7858888935,13.4999999841)) ;
#4938=CARTESIAN_POINT('Control Point',(40.3249698351,-30.7577375362,13.4999999808)) ;
#4939=CARTESIAN_POINT('Control Point',(40.1575463777,-30.7112101877,13.4999999776)) ;
#4940=CARTESIAN_POINT('Control Point',(40.0751791171,-30.6834256637,13.4999999762)) ;
#4941=CARTESIAN_POINT('Control Point',(39.9944804812,-30.6512296357,13.4999999747)) ;
#4942=CARTESIAN_POINT('Control Point',(39.9157590576,-30.614765091,13.4999999734)) ;
#4943=CARTESIAN_POINT('Control Point',(40.7563733181,-30.800002123,14.0324349541)) ;
#4944=CARTESIAN_POINT('Control Point',(40.6696166378,-30.8000021428,14.0124904514)) ;
#4945=CARTESIAN_POINT('Control Point',(40.5828599568,-30.7952979432,13.9920450113)) ;
#4946=CARTESIAN_POINT('Control Point',(40.4964433807,-30.7858894822,13.9711768161)) ;
#4947=CARTESIAN_POINT('Control Point',(40.3249706245,-30.7577380917,13.9287591691)) ;
#4948=CARTESIAN_POINT('Control Point',(40.157547168,-30.7112106843,13.8853156118)) ;
#4949=CARTESIAN_POINT('Control Point',(40.0751799097,-30.6834261247,13.8634215016)) ;
#4950=CARTESIAN_POINT('Control Point',(39.9944812782,-30.6512300552,13.8414412242)) ;
#4951=CARTESIAN_POINT('Control Point',(39.9157598616,-30.6147654634,13.819460947)) ;
#4952=CARTESIAN_POINT('Control Point',(40.6637858609,-30.7285234696,14.5668205607)) ;
#4953=CARTESIAN_POINT('Control Point',(40.5766376238,-30.7338808476,14.5268333868)) ;
#4954=CARTESIAN_POINT('Control Point',(40.4894893859,-30.733930271,14.4858521421)) ;
#4955=CARTESIAN_POINT('Control Point',(40.4027311036,-30.7286513815,14.4440316859)) ;
#4956=CARTESIAN_POINT('Control Point',(40.2307743278,-30.7074901122,14.3590381497)) ;
#4957=CARTESIAN_POINT('Control Point',(40.0634559655,-30.6654130038,14.2720074703)) ;
#4958=CARTESIAN_POINT('Control Point',(39.9813361223,-30.6392181585,14.2281498614)) ;
#4959=CARTESIAN_POINT('Control Point',(39.9011250909,-30.6079859015,14.1841211147)) ;
#4960=CARTESIAN_POINT('Control Point',(39.8231724044,-30.5718782037,14.1400923682)) ;
#4961=CARTESIAN_POINT('Control Point',(40.482606465,-30.5886502984,15.0482342496)) ;
#4962=CARTESIAN_POINT('Control Point',(40.3946892597,-30.6044763582,14.9913182367)) ;
#4963=CARTESIAN_POINT('Control Point',(40.306772053,-30.6138225274,14.9325490234)) ;
#4964=CARTESIAN_POINT('Control Point',(40.2193427725,-30.6166248013,14.8722132585)) ;
#4965=CARTESIAN_POINT('Control Point',(40.0464358626,-30.6091481173,14.7490149031)) ;
#4966=CARTESIAN_POINT('Control Point',(39.8793244513,-30.5757890301,14.6220094263)) ;
#4967=CARTESIAN_POINT('Control Point',(39.7976907104,-30.5527087183,14.557866518)) ;
#4968=CARTESIAN_POINT('Control Point',(39.7184371248,-30.5233641994,14.4934035177)) ;
#4969=CARTESIAN_POINT('Control Point',(39.6419930085,-30.4879544409,14.4289405183)) ;
#4970=CARTESIAN_POINT('Control Point',(39.9641166472,-30.1883694889,16.0226639055)) ;
#4971=CARTESIAN_POINT('Control Point',(39.8739034746,-30.23351927,15.934902827)) ;
#4972=CARTESIAN_POINT('Control Point',(39.7836902973,-30.2691976911,15.8423211596)) ;
#4973=CARTESIAN_POINT('Control Point',(39.6942604941,-30.2950844211,15.745632099)) ;
#4974=CARTESIAN_POINT('Control Point',(39.5185342068,-30.3269408187,15.5455993412)) ;
#4975=CARTESIAN_POINT('Control Point',(39.3520638628,-30.3189270451,15.3355159463)) ;
#4976=CARTESIAN_POINT('Control Point',(39.2718901378,-30.3049429978,15.228776147)) ;
#4977=CARTESIAN_POINT('Control Point',(39.1954891997,-30.2811299732,15.1211872638)) ;
#4978=CARTESIAN_POINT('Control Point',(39.1235031907,-30.2477857603,15.0135983838)) ;
#4979=CARTESIAN_POINT('Control Point',(39.2671510346,-29.6503022157,16.7441282705)) ;
#4980=CARTESIAN_POINT('Control Point',(39.1735591543,-29.73307686,16.6418284394)) ;
#4981=CARTESIAN_POINT('Control Point',(39.0799672527,-29.8033608553,16.5296308885)) ;
#4982=CARTESIAN_POINT('Control Point',(38.9876026747,-29.8601470517,16.4088551602)) ;
#4983=CARTESIAN_POINT('Control Point',(38.8077820015,-29.9453518382,16.1532682774)) ;
#4984=CARTESIAN_POINT('Control Point',(38.6423264831,-29.9725467718,15.8763722575)) ;
#4985=CARTESIAN_POINT('Control Point',(38.5643276614,-29.9713206489,15.7342865521)) ;
#4986=CARTESIAN_POINT('Control Point',(38.4921048488,-29.9553173091,15.5903817162)) ;
#4987=CARTESIAN_POINT('Control Point',(38.4265375781,-29.9249456469,15.4464769103)) ;
#4988=CARTESIAN_POINT('Control Point',(38.8521761024,-29.3299360251,17.0830111237)) ;
#4989=CARTESIAN_POINT('Control Point',(38.756432628,-29.4342766187,16.9771454233)) ;
#4990=CARTESIAN_POINT('Control Point',(38.6606891155,-29.5247909413,16.8579056534)) ;
#4991=CARTESIAN_POINT('Control Point',(38.5664597547,-29.5999096528,16.7269707472)) ;
#4992=CARTESIAN_POINT('Control Point',(38.3840561848,-29.7170962684,16.4458670808)) ;
#4993=CARTESIAN_POINT('Control Point',(38.2192788196,-29.7657888499,16.1354831625)) ;
#4994=CARTESIAN_POINT('Control Point',(38.1426767374,-29.7724092252,15.9752663246)) ;
#4995=CARTESIAN_POINT('Control Point',(38.0731055979,-29.7612333825,15.8125364784)) ;
#4996=CARTESIAN_POINT('Control Point',(38.0115626459,-29.7327258992,15.649806691)) ;
#4997=CARTESIAN_POINT('Control Point',(37.7314473863,-28.4647187989,17.8213006689)) ;
#4998=CARTESIAN_POINT('Control Point',(37.6294442883,-28.6248492439,17.7159809838)) ;
#4999=CARTESIAN_POINT('Control Point',(37.5274410709,-28.7688620704,17.5870826119)) ;
#5000=CARTESIAN_POINT('Control Point',(37.4277999267,-28.8932704932,17.4371149635)) ;
#5001=CARTESIAN_POINT('Control Point',(37.2379613376,-29.0974441515,17.1020936013)) ;
#5002=CARTESIAN_POINT('Control Point',(37.075259233,-29.2057933908,16.7133159006)) ;
#5003=CARTESIAN_POINT('Control Point',(37.002757882,-29.2343651233,16.5095858059)) ;
#5004=CARTESIAN_POINT('Control Point',(36.9408705154,-29.2367721793,16.30118298)) ;
#5005=CARTESIAN_POINT('Control Point',(36.8908339298,-29.213595286,16.0927803749)) ;
#5006=CARTESIAN_POINT('Control Point',(36.5308762349,-27.5378609418,18.2462028635)) ;
#5007=CARTESIAN_POINT('Control Point',(36.420645867,-27.7501665125,18.1642896622)) ;
#5008=CARTESIAN_POINT('Control Point',(36.3104151259,-27.947838871,18.0460022079)) ;
#5009=CARTESIAN_POINT('Control Point',(36.2037069426,-28.1242630193,17.8941101756)) ;
#5010=CARTESIAN_POINT('Control Point',(36.0043662604,-28.4234255652,17.5332457981)) ;
#5011=CARTESIAN_POINT('Control Point',(35.8447357888,-28.6007186342,17.084065596)) ;
#5012=CARTESIAN_POINT('Control Point',(35.7777478916,-28.655241234,16.8438358564)) ;
#5013=CARTESIAN_POINT('Control Point',(35.7258504242,-28.6739662203,16.595778404)) ;
#5014=CARTESIAN_POINT('Control Point',(35.6902627784,-28.6574810104,16.34772176)) ;
#5015=CARTESIAN_POINT('Control Point',(35.7858003421,-26.9626532326,18.4156552915)) ;
#5016=CARTESIAN_POINT('Control Point',(35.6696603803,-27.203755719,18.3549378065)) ;
#5017=CARTESIAN_POINT('Control Point',(35.5535197662,-27.4329282508,18.2494552716)) ;
#5018=CARTESIAN_POINT('Control Point',(35.4417575786,-27.6411988129,18.1017263702)) ;
#5019=CARTESIAN_POINT('Control Point',(35.2357212867,-28.0001004973,17.7335981545)) ;
#5020=CARTESIAN_POINT('Control Point',(35.0784596752,-28.2226106765,17.2523496962)) ;
#5021=CARTESIAN_POINT('Control Point',(35.0154894916,-28.2944392446,16.991461359)) ;
#5022=CARTESIAN_POINT('Control Point',(34.9707122401,-28.3241783301,16.7204265183)) ;
#5023=CARTESIAN_POINT('Control Point',(34.9451868855,-28.3123558257,16.4493931517)) ;
#5024=CARTESIAN_POINT('Control Point',(35.0323668347,-26.3809918458,18.5000000157)) ;
#5025=CARTESIAN_POINT('Control Point',(34.9091866806,-26.6469201082,18.4668762799)) ;
#5026=CARTESIAN_POINT('Control Point',(34.7860054098,-26.9056847082,18.3803563267)) ;
#5027=CARTESIAN_POINT('Control Point',(34.6682496559,-27.1455595518,18.242089937)) ;
#5028=CARTESIAN_POINT('Control Point',(34.4543961102,-27.5657475562,17.8751165214)) ;
#5029=CARTESIAN_POINT('Control Point',(34.3001547151,-27.8369727578,17.3663129976)) ;
#5030=CARTESIAN_POINT('Control Point',(34.2420404221,-27.9278068673,17.0861467644)) ;
#5031=CARTESIAN_POINT('Control Point',(34.2056755052,-27.9698081946,16.7930720608)) ;
#5032=CARTESIAN_POINT('Control Point',(34.1917533782,-27.9633593263,16.5000000138)) ;
#5033=CARTESIAN_POINT('Control Point',(34.2798078758,-25.8000060803,18.5000010403)) ;
#5034=CARTESIAN_POINT('Control Point',(34.1477646998,-26.0850684308,18.5000007523)) ;
#5035=CARTESIAN_POINT('Control Point',(34.015719432,-26.3701352204,18.4383293375)) ;
#5036=CARTESIAN_POINT('Control Point',(33.8904707624,-26.6405290482,18.3148941112)) ;
#5037=CARTESIAN_POINT('Control Point',(33.6670759189,-27.12280615,17.9578218845)) ;
#5038=CARTESIAN_POINT('Control Point',(33.5169960908,-27.4468063908,17.42631745)) ;
#5039=CARTESIAN_POINT('Control Point',(33.4651154455,-27.5588089186,17.1283238962)) ;
#5040=CARTESIAN_POINT('Control Point',(33.4391945403,-27.6147680564,16.8141597716)) ;
#5041=CARTESIAN_POINT('Control Point',(33.4391944192,-27.6147679248,16.5000006242)) ;
#5043=CARTESIAN_POINT('Control Point',(34.2798078758,-25.8000060803,18.5000010403)) ;
#5044=CARTESIAN_POINT('Control Point',(34.0157215239,-26.3701307813,18.5000004643)) ;
#5045=CARTESIAN_POINT('Control Point',(33.7513887786,-26.9407871029,18.2539701142)) ;
#5046=CARTESIAN_POINT('Control Point',(33.5426028513,-27.3915254674,17.7572234367)) ;
#5047=CARTESIAN_POINT('Control Point',(33.4391946613,-27.614768188,17.1283189189)) ;
#5048=CARTESIAN_POINT('Control Point',(33.4391944192,-27.6147679248,16.5000006242)) ;
#5057=CARTESIAN_POINT('Axis2P3D Location',(25.8796015928,-21.908960201,16.5)) ;
#5062=CARTESIAN_POINT('Line Origine',(25.8796015928,-21.908960201,18.5)) ;
#5067=CARTESIAN_POINT('Axis2P3D Location',(32.2784729841,-24.8729692262,16.5)) ;
#5079=CARTESIAN_POINT('Axis2P3D Location',(32.2784729841,-24.8729692262,16.5)) ;
#5090=CARTESIAN_POINT('Axis2P3D Location',(96.,5.2,-18.5)) ;
#5095=CARTESIAN_POINT('Line Origine',(111.,5.2,13.5)) ;
#5099=CARTESIAN_POINT('Vertex',(96.,5.2,13.5)) ;
#5101=CARTESIAN_POINT('Vertex',(126.,5.2,13.5)) ;
#5104=CARTESIAN_POINT('Line Origine',(96.,5.2,10.75)) ;
#5109=CARTESIAN_POINT('Line Origine',(96.,5.2,-10.75)) ;
#5113=CARTESIAN_POINT('Vertex',(96.,5.2,-13.5)) ;
#5116=CARTESIAN_POINT('Line Origine',(111.,5.2,-13.5)) ;
#5120=CARTESIAN_POINT('Vertex',(126.,5.2,-13.5)) ;
#5123=CARTESIAN_POINT('Line Origine',(126.,5.2,-1.7763568394E-015)) ;
#5141=CARTESIAN_POINT('Axis2P3D Location',(126.,0.,0.)) ;
#5146=CARTESIAN_POINT('Axis2P3D Location',(126.,10.2,-13.5)) ;
#5150=CARTESIAN_POINT('Vertex',(126.,10.2,-18.5)) ;
#5153=CARTESIAN_POINT('Line Origine',(126.,18.,-18.5)) ;
#5158=CARTESIAN_POINT('Line Origine',(126.,18.,18.5)) ;
#5162=CARTESIAN_POINT('Vertex',(126.,10.2,18.5)) ;
#5165=CARTESIAN_POINT('Axis2P3D Location',(126.,10.2,13.5)) ;
#5189=CARTESIAN_POINT('Line Origine',(126.,-18.,18.5)) ;
#5193=CARTESIAN_POINT('Vertex',(126.,-10.2,18.5)) ;
#5196=CARTESIAN_POINT('Line Origine',(126.,-18.,-18.5)) ;
#5200=CARTESIAN_POINT('Vertex',(126.,-10.2,-18.5)) ;
#5203=CARTESIAN_POINT('Axis2P3D Location',(126.,-10.2,-13.5)) ;
#5207=CARTESIAN_POINT('Vertex',(126.,-5.2,-13.5)) ;
#5210=CARTESIAN_POINT('Line Origine',(126.,-5.2,0.)) ;
#5214=CARTESIAN_POINT('Vertex',(126.,-5.2,13.5)) ;
#5217=CARTESIAN_POINT('Axis2P3D Location',(126.,-10.2,13.5)) ;
#5241=CARTESIAN_POINT('Axis2P3D Location',(96.,-5.2,18.5)) ;
#5246=CARTESIAN_POINT('Line Origine',(111.,-5.2,13.5)) ;
#5250=CARTESIAN_POINT('Vertex',(96.,-5.2,13.5)) ;
#5253=CARTESIAN_POINT('Line Origine',(111.,-5.2,-13.5)) ;
#5257=CARTESIAN_POINT('Vertex',(96.,-5.2,-13.5)) ;
#5260=CARTESIAN_POINT('Line Origine',(96.,-5.2,-10.75)) ;
#5265=CARTESIAN_POINT('Line Origine',(96.,-5.2,10.75)) ;
#5283=CARTESIAN_POINT('Axis2P3D Location',(96.,0.,0.)) ;
#5288=CARTESIAN_POINT('Line Origine',(96.,4.4408920985E-015,-13.5)) ;
#5300=CARTESIAN_POINT('Axis2P3D Location',(87.,35.,-18.5)) ;
#5305=CARTESIAN_POINT('Line Origine',(108.5,10.2,-18.5)) ;
#5309=CARTESIAN_POINT('Vertex',(91.,10.2,-18.5)) ;
#5312=CARTESIAN_POINT('Line Origine',(91.,0.,-18.5)) ;
#5316=CARTESIAN_POINT('Vertex',(91.,-10.2,-18.5)) ;
#5319=CARTESIAN_POINT('Line Origine',(108.5,-10.2,-18.5)) ;
#5345=CARTESIAN_POINT('Axis2P3D Location',(91.,0.,-13.5)) ;
#5351=CARTESIAN_POINT('Control Point',(96.,5.2,-13.5)) ;
#5352=CARTESIAN_POINT('Control Point',(96.,5.2,-13.9839682658)) ;
#5353=CARTESIAN_POINT('Control Point',(95.9414436794,5.25855632055,-14.4679361175)) ;
#5354=CARTESIAN_POINT('Control Point',(95.8242486856,5.37575098569,-14.9317486719)) ;
#5355=CARTESIAN_POINT('Control Point',(95.3393527057,5.86064794383,-16.2119614543)) ;
#5356=CARTESIAN_POINT('Control Point',(94.5349313579,6.66506735857,-17.1691393294)) ;
#5357=CARTESIAN_POINT('Control Point',(93.9278038678,7.27219547943,-17.6499832184)) ;
#5358=CARTESIAN_POINT('Control Point',(92.9813989961,8.2186013226,-18.1676405024)) ;
#5359=CARTESIAN_POINT('Control Point',(91.9887949129,9.21120493157,-18.4182742918)) ;
#5360=CARTESIAN_POINT('Control Point',(91.6603084699,9.53998226803,-18.4727615418)) ;
#5361=CARTESIAN_POINT('Control Point',(91.3300815546,9.8699184454,-18.5)) ;
#5362=CARTESIAN_POINT('Control Point',(91.,10.2,-18.5)) ;
#5365=CARTESIAN_POINT('Control Point',(96.,-5.2,-13.5)) ;
#5366=CARTESIAN_POINT('Control Point',(96.,-5.2,-13.9839682657)) ;
#5367=CARTESIAN_POINT('Control Point',(95.9414436794,-5.25855632056,-14.4679361174)) ;
#5368=CARTESIAN_POINT('Control Point',(95.8242486856,-5.3757509857,-14.931748672)) ;
#5369=CARTESIAN_POINT('Control Point',(95.3393527057,-5.86064794384,-16.2119614543)) ;
#5370=CARTESIAN_POINT('Control Point',(94.5349313579,-6.66506735858,-17.1691393295)) ;
#5371=CARTESIAN_POINT('Control Point',(93.9278038678,-7.27219547942,-17.6499832184)) ;
#5372=CARTESIAN_POINT('Control Point',(92.9813989961,-8.21860132259,-18.1676405024)) ;
#5373=CARTESIAN_POINT('Control Point',(91.9887949129,-9.21120493157,-18.4182742918)) ;
#5374=CARTESIAN_POINT('Control Point',(91.6603084699,-9.53998226803,-18.4727615418)) ;
#5375=CARTESIAN_POINT('Control Point',(91.3300815546,-9.8699184454,-18.5)) ;
#5376=CARTESIAN_POINT('Control Point',(91.,-10.2,-18.5)) ;
#5385=CARTESIAN_POINT('Axis2P3D Location',(71.5,-10.2,-13.5)) ;
#5397=CARTESIAN_POINT('Axis2P3D Location',(71.5,10.2,-13.5)) ;
#5409=CARTESIAN_POINT('Line Origine',(96.,3.5527136788E-015,13.5)) ;
#5421=CARTESIAN_POINT('Axis2P3D Location',(87.,-35.,18.5)) ;
#5426=CARTESIAN_POINT('Line Origine',(108.5,-10.2,18.5)) ;
#5430=CARTESIAN_POINT('Vertex',(91.,-10.2,18.5)) ;
#5433=CARTESIAN_POINT('Line Origine',(91.,3.5527136788E-015,18.5)) ;
#5437=CARTESIAN_POINT('Vertex',(91.,10.2,18.5)) ;
#5440=CARTESIAN_POINT('Line Origine',(108.5,10.2,18.5)) ;
#5466=CARTESIAN_POINT('Axis2P3D Location',(91.,-3.5527136788E-015,13.5)) ;
#5472=CARTESIAN_POINT('Control Point',(96.,-5.2,13.5)) ;
#5473=CARTESIAN_POINT('Control Point',(96.,-5.2,13.9839682657)) ;
#5474=CARTESIAN_POINT('Control Point',(95.9414436794,-5.25855632055,14.4679361174)) ;
#5475=CARTESIAN_POINT('Control Point',(95.8242486856,-5.3757509857,14.931748672)) ;
#5476=CARTESIAN_POINT('Control Point',(95.3393527057,-5.86064794384,16.2119614543)) ;
#5477=CARTESIAN_POINT('Control Point',(94.5349313579,-6.66506735858,17.1691393294)) ;
#5478=CARTESIAN_POINT('Control Point',(93.9278038678,-7.27219547943,17.6499832184)) ;
#5479=CARTESIAN_POINT('Control Point',(92.9813989961,-8.21860132259,18.1676405024)) ;
#5480=CARTESIAN_POINT('Control Point',(91.9887949129,-9.21120493158,18.4182742918)) ;
#5481=CARTESIAN_POINT('Control Point',(91.6603084699,-9.53998226803,18.4727615418)) ;
#5482=CARTESIAN_POINT('Control Point',(91.3300815546,-9.8699184454,18.5)) ;
#5483=CARTESIAN_POINT('Control Point',(91.,-10.2,18.5)) ;
#5486=CARTESIAN_POINT('Control Point',(96.,5.2,13.5)) ;
#5487=CARTESIAN_POINT('Control Point',(96.,5.2,13.9839682658)) ;
#5488=CARTESIAN_POINT('Control Point',(95.9414436794,5.25855632056,14.4679361175)) ;
#5489=CARTESIAN_POINT('Control Point',(95.8242486856,5.37575098569,14.9317486719)) ;
#5490=CARTESIAN_POINT('Control Point',(95.3393527057,5.86064794383,16.2119614543)) ;
#5491=CARTESIAN_POINT('Control Point',(94.5349313579,6.66506735858,17.1691393294)) ;
#5492=CARTESIAN_POINT('Control Point',(93.9278038678,7.27219547944,17.6499832184)) ;
#5493=CARTESIAN_POINT('Control Point',(92.9813989961,8.2186013226,18.1676405024)) ;
#5494=CARTESIAN_POINT('Control Point',(91.9887949129,9.21120493157,18.4182742918)) ;
#5495=CARTESIAN_POINT('Control Point',(91.6603084699,9.53998226803,18.4727615418)) ;
#5496=CARTESIAN_POINT('Control Point',(91.3300815546,9.8699184454,18.5)) ;
#5497=CARTESIAN_POINT('Control Point',(91.,10.2,18.5)) ;
#5506=CARTESIAN_POINT('Axis2P3D Location',(71.5,10.2,13.5)) ;
#5518=CARTESIAN_POINT('Axis2P3D Location',(71.5,-10.2,13.5)) ;
#57=DIRECTION('Axis2P3D Direction',(-0.,-0.5,-0.866025403784)) ;
#58=DIRECTION('Axis2P3D XDirection',(0.,-0.866025403784,0.5)) ;
#62=DIRECTION('Vector Direction',(-1.,0.,0.)) ;
#71=DIRECTION('Vector Direction',(0.,-0.866025403784,0.5)) ;
#78=DIRECTION('Vector Direction',(-1.,0.,0.)) ;
#85=DIRECTION('Vector Direction',(0.,-0.866025403784,0.5)) ;
#97=DIRECTION('Axis2P3D Direction',(0.,-1.,0.)) ;
#98=DIRECTION('Axis2P3D XDirection',(0.,0.,1.)) ;
#102=DIRECTION('Vector Direction',(-1.,0.,0.)) ;
#111=DIRECTION('Vector Direction',(0.,0.,1.)) ;
#116=DIRECTION('Vector Direction',(0.,0.,1.)) ;
#128=DIRECTION('Axis2P3D Direction',(0.,-0.5,0.866025403784)) ;
#129=DIRECTION('Axis2P3D XDirection',(0.,0.866025403784,0.5)) ;
#133=DIRECTION('Vector Direction',(-1.,0.,0.)) ;
#142=DIRECTION('Vector Direction',(0.,0.866025403784,0.5)) ;
#147=DIRECTION('Vector Direction',(0.,0.866025403784,0.5)) ;
#159=DIRECTION('Axis2P3D Direction',(0.,0.5,0.866025403784)) ;
#160=DIRECTION('Axis2P3D XDirection',(0.,0.866025403784,-0.5)) ;
#164=DIRECTION('Vector Direction',(-1.,0.,0.)) ;
#173=DIRECTION('Vector Direction',(0.,0.866025403784,-0.5)) ;
#178=DIRECTION('Vector Direction',(0.,0.866025403784,-0.5)) ;
#190=DIRECTION('Axis2P3D Direction',(0.,1.,0.)) ;
#191=DIRECTION('Axis2P3D XDirection',(0.,0.,-1.)) ;
#195=DIRECTION('Vector Direction',(-1.,0.,0.)) ;
#204=DIRECTION('Vector Direction',(0.,0.,-1.)) ;
#209=DIRECTION('Vector Direction',(0.,0.,-1.)) ;
#221=DIRECTION('Axis2P3D Direction',(0.,0.5,-0.866025403784)) ;
#222=DIRECTION('Axis2P3D XDirection',(-0.,-0.866025403784,-0.5)) ;
#226=DIRECTION('Vector Direction',(0.,-0.866025403784,-0.5)) ;
#231=DIRECTION('Vector Direction',(0.,-0.866025403784,-0.5)) ;
#243=DIRECTION('Axis2P3D Direction',(0.,0.5,0.866025403784)) ;
#244=DIRECTION('Axis2P3D XDirection',(0.,0.866025403784,-0.5)) ;
#248=DIRECTION('Vector Direction',(-1.,0.,0.)) ;
#257=DIRECTION('Vector Direction',(0.,0.866025403784,-0.5)) ;
#264=DIRECTION('Vector Direction',(-1.,0.,0.)) ;
#271=DIRECTION('Vector Direction',(0.,0.866025403784,-0.5)) ;
#283=DIRECTION('Axis2P3D Direction',(0.,1.,1.67214146642E-016)) ;
#284=DIRECTION('Axis2P3D XDirection',(0.,1.67214146642E-016,-1.)) ;
#288=DIRECTION('Vector Direction',(-1.,0.,0.)) ;
#297=DIRECTION('Vector Direction',(0.,1.67214146642E-016,-1.)) ;
#302=DIRECTION('Vector Direction',(0.,1.67214146642E-016,-1.)) ;
#314=DIRECTION('Axis2P3D Direction',(0.,0.5,-0.866025403784)) ;
#315=DIRECTION('Axis2P3D XDirection',(-0.,-0.866025403784,-0.5)) ;
#319=DIRECTION('Vector Direction',(-1.,0.,0.)) ;
#328=DIRECTION('Vector Direction',(0.,-0.866025403784,-0.5)) ;
#333=DIRECTION('Vector Direction',(0.,-0.866025403784,-0.5)) ;
#345=DIRECTION('Axis2P3D Direction',(-0.,-0.5,-0.866025403784)) ;
#346=DIRECTION('Axis2P3D XDirection',(0.,-0.866025403784,0.5)) ;
#350=DIRECTION('Vector Direction',(-1.,0.,0.)) ;
#359=DIRECTION('Vector Direction',(0.,-0.866025403784,0.5)) ;
#364=DIRECTION('Vector Direction',(0.,-0.866025403784,0.5)) ;
#376=DIRECTION('Axis2P3D Direction',(0.,-1.,0.)) ;
#377=DIRECTION('Axis2P3D XDirection',(0.,0.,1.)) ;
#381=DIRECTION('Vector Direction',(-1.,0.,0.)) ;
#390=DIRECTION('Vector Direction',(0.,0.,1.)) ;
#395=DIRECTION('Vector Direction',(0.,0.,1.)) ;
#407=DIRECTION('Axis2P3D Direction',(0.,-0.5,0.866025403784)) ;
#408=DIRECTION('Axis2P3D XDirection',(0.,0.866025403784,0.5)) ;
#412=DIRECTION('Vector Direction',(0.,0.866025403784,0.5)) ;
#417=DIRECTION('Vector Direction',(0.,0.866025403784,0.5)) ;
#429=DIRECTION('Axis2P3D Direction',(1.,-0.,0.)) ;
#430=DIRECTION('Axis2P3D XDirection',(0.,1.,0.)) ;
#434=DIRECTION('Axis2P3D Direction',(0.,-1.66533453694E-016,-1.)) ;
#443=DIRECTION('Axis2P3D Direction',(1.,-0.,0.)) ;
#450=DIRECTION('Axis2P3D Direction',(-0.,-3.33066907388E-016,1.)) ;
#457=DIRECTION('Axis2P3D Direction',(1.,-0.,0.)) ;
#469=DIRECTION('Axis2P3D Direction',(1.,0.,-0.)) ;
#470=DIRECTION('Axis2P3D XDirection',(0.,-0.970526947683,0.240992621922)) ;
#474=DIRECTION('Axis2P3D Direction',(1.,0.,-0.)) ;
#479=DIRECTION('Axis2P3D Direction',(1.,0.,-0.)) ;
#491=DIRECTION('Axis2P3D Direction',(1.,0.,0.)) ;
#492=DIRECTION('Axis2P3D XDirection',(0.,1.,0.)) ;
#496=DIRECTION('Vector Direction',(1.,0.,0.)) ;
#505=DIRECTION('Axis2P3D Direction',(1.,0.,0.)) ;
#512=DIRECTION('Vector Direction',(1.,0.,0.)) ;
#519=DIRECTION('Axis2P3D Direction',(1.,0.,0.)) ;
#531=DIRECTION('Axis2P3D Direction',(1.,0.,0.)) ;
#536=DIRECTION('Axis2P3D Direction',(1.,0.,0.)) ;
#548=DIRECTION('Axis2P3D Direction',(1.,0.,0.)) ;
#549=DIRECTION('Axis2P3D XDirection',(0.,-1.,0.)) ;
#553=DIRECTION('Vector Direction',(1.,0.,0.)) ;
#562=DIRECTION('Axis2P3D Direction',(1.,0.,0.)) ;
#569=DIRECTION('Vector Direction',(1.,0.,0.)) ;
#576=DIRECTION('Axis2P3D Direction',(1.,0.,0.)) ;
#588=DIRECTION('Axis2P3D Direction',(1.,0.,0.)) ;
#593=DIRECTION('Axis2P3D Direction',(1.,0.,0.)) ;
#605=DIRECTION('Axis2P3D Direction',(1.,0.,-0.)) ;
#606=DIRECTION('Axis2P3D XDirection',(0.,0.,1.)) ;
#610=DIRECTION('Vector Direction',(1.,0.,0.)) ;
#619=DIRECTION('Axis2P3D Direction',(1.,0.,-0.)) ;
#626=DIRECTION('Vector Direction',(1.,0.,0.)) ;
#633=DIRECTION('Axis2P3D Direction',(1.,0.,-0.)) ;
#645=DIRECTION('Axis2P3D Direction',(1.,0.,-0.)) ;
#650=DIRECTION('Axis2P3D Direction',(1.,0.,-0.)) ;
#662=DIRECTION('Axis2P3D Direction',(1.,0.,0.)) ;
#663=DIRECTION('Axis2P3D XDirection',(0.,2.46519032882E-032,-1.)) ;
#667=DIRECTION('Vector Direction',(1.,0.,0.)) ;
#676=DIRECTION('Axis2P3D Direction',(1.,0.,0.)) ;
#683=DIRECTION('Vector Direction',(1.,0.,0.)) ;
#690=DIRECTION('Axis2P3D Direction',(1.,0.,0.)) ;
#702=DIRECTION('Axis2P3D Direction',(1.,0.,0.)) ;
#707=DIRECTION('Axis2P3D Direction',(1.,0.,0.)) ;
#719=DIRECTION('Axis2P3D Direction',(1.,0.,0.)) ;
#720=DIRECTION('Axis2P3D XDirection',(0.,1.,0.)) ;
#732=DIRECTION('Axis2P3D Direction',(1.,0.,0.)) ;
#741=DIRECTION('Axis2P3D Direction',(1.,0.,0.)) ;
#759=DIRECTION('Axis2P3D Direction',(1.,0.,0.)) ;
#768=DIRECTION('Axis2P3D Direction',(1.,0.,0.)) ;
#778=DIRECTION('Axis2P3D Direction',(1.,0.,0.)) ;
#779=DIRECTION('Axis2P3D XDirection',(0.,1.,0.)) ;
#783=DIRECTION('Vector Direction',(1.,0.,0.)) ;
#790=DIRECTION('Vector Direction',(1.,0.,0.)) ;
#797=DIRECTION('Axis2P3D Direction',(1.,0.,0.)) ;
#809=DIRECTION('Axis2P3D Direction',(1.,0.,0.)) ;
#821=DIRECTION('Axis2P3D Direction',(1.,0.,0.)) ;
#822=DIRECTION('Axis2P3D XDirection',(0.,1.,0.)) ;
#830=DIRECTION('Axis2P3D Direction',(1.,0.,0.)) ;
#839=DIRECTION('Axis2P3D Direction',(1.,0.,0.)) ;
#853=DIRECTION('Axis2P3D Direction',(1.,0.,0.)) ;
#862=DIRECTION('Axis2P3D Direction',(1.,0.,0.)) ;
#876=DIRECTION('Axis2P3D Direction',(1.,0.,0.)) ;
#885=DIRECTION('Axis2P3D Direction',(1.,0.,0.)) ;
#899=DIRECTION('Axis2P3D Direction',(1.,0.,0.)) ;
#908=DIRECTION('Axis2P3D Direction',(1.,0.,0.)) ;
#918=DIRECTION('Axis2P3D Direction',(0.,-1.,0.)) ;
#919=DIRECTION('Axis2P3D XDirection',(1.,0.,0.)) ;
#923=DIRECTION('Vector Direction',(0.,0.,1.)) ;
#932=DIRECTION('Vector Direction',(-0.866025403784,0.,0.5)) ;
#939=DIRECTION('Vector Direction',(-0.866025403784,0.,-0.5)) ;
#946=DIRECTION('Vector Direction',(0.,0.,-1.)) ;
#953=DIRECTION('Vector Direction',(0.866025403784,0.,-0.5)) ;
#960=DIRECTION('Vector Direction',(0.866025403784,0.,0.5)) ;
#973=DIRECTION('Axis2P3D Direction',(0.,-1.,0.)) ;
#982=DIRECTION('Axis2P3D Direction',(0.,-1.,0.)) ;
#992=DIRECTION('Axis2P3D Direction',(1.,0.,0.)) ;
#993=DIRECTION('Axis2P3D XDirection',(0.,1.,0.)) ;
#1024=DIRECTION('Vector Direction',(1.,0.,0.)) ;
#1029=DIRECTION('Vector Direction',(1.,0.,0.)) ;
#1071=DIRECTION('Axis2P3D Direction',(1.,-0.,0.)) ;
#1072=DIRECTION('Axis2P3D XDirection',(0.,1.,1.0931426704E-016)) ;
#1076=DIRECTION('Axis2P3D Direction',(0.,1.66533453694E-016,-1.)) ;
#1083=DIRECTION('Axis2P3D Direction',(1.,-0.,0.)) ;
#1090=DIRECTION('Axis2P3D Direction',(0.,1.16094274749E-008,1.)) ;
#1102=DIRECTION('Axis2P3D Direction',(1.,0.,-0.)) ;
#1103=DIRECTION('Axis2P3D XDirection',(0.,-0.970526947683,0.240992621922)) ;
#1107=DIRECTION('Axis2P3D Direction',(1.,0.,-0.)) ;
#1119=DIRECTION('Axis2P3D Direction',(1.,0.,0.)) ;
#1120=DIRECTION('Axis2P3D XDirection',(0.,1.,0.)) ;
#1124=DIRECTION('Vector Direction',(1.,0.,0.)) ;
#1131=DIRECTION('Axis2P3D Direction',(1.,0.,0.)) ;
#1138=DIRECTION('Vector Direction',(1.,0.,0.)) ;
#1150=DIRECTION('Axis2P3D Direction',(1.,0.,0.)) ;
#1162=DIRECTION('Axis2P3D Direction',(1.,0.,0.)) ;
#1163=DIRECTION('Axis2P3D XDirection',(0.,-1.,0.)) ;
#1167=DIRECTION('Vector Direction',(1.,0.,0.)) ;
#1174=DIRECTION('Axis2P3D Direction',(1.,0.,0.)) ;
#1181=DIRECTION('Vector Direction',(1.,0.,0.)) ;
#1193=DIRECTION('Axis2P3D Direction',(1.,0.,0.)) ;
#1205=DIRECTION('Axis2P3D Direction',(1.,0.,-0.)) ;
#1206=DIRECTION('Axis2P3D XDirection',(0.,0.,1.)) ;
#1210=DIRECTION('Vector Direction',(1.,0.,0.)) ;
#1217=DIRECTION('Axis2P3D Direction',(1.,0.,-0.)) ;
#1224=DIRECTION('Vector Direction',(1.,0.,0.)) ;
#1236=DIRECTION('Axis2P3D Direction',(1.,0.,-0.)) ;
#1248=DIRECTION('Axis2P3D Direction',(1.,0.,0.)) ;
#1249=DIRECTION('Axis2P3D XDirection',(0.,0.,-1.)) ;
#1253=DIRECTION('Vector Direction',(1.,0.,0.)) ;
#1260=DIRECTION('Axis2P3D Direction',(1.,0.,0.)) ;
#1267=DIRECTION('Vector Direction',(1.,0.,0.)) ;
#1279=DIRECTION('Axis2P3D Direction',(1.,0.,0.)) ;
#1291=DIRECTION('Axis2P3D Direction',(1.,0.,0.)) ;
#1292=DIRECTION('Axis2P3D XDirection',(0.,1.,0.)) ;
#1317=DIRECTION('Axis2P3D Direction',(0.,-1.,0.)) ;
#1318=DIRECTION('Axis2P3D XDirection',(1.,0.,0.)) ;
#1322=DIRECTION('Axis2P3D Direction',(0.,-1.,0.)) ;
#1331=DIRECTION('Axis2P3D Direction',(0.,-1.,0.)) ;
#1341=DIRECTION('Axis2P3D Direction',(0.,-1.,0.)) ;
#1342=DIRECTION('Axis2P3D XDirection',(1.,0.,0.)) ;
#1392=DIRECTION('Vector Direction',(0.,-1.,0.)) ;
#1397=DIRECTION('Vector Direction',(0.,-1.,0.)) ;
#1471=DIRECTION('Vector Direction',(0.,-1.,0.)) ;
#1608=DIRECTION('Axis2P3D Direction',(1.,0.,0.)) ;
#1609=DIRECTION('Axis2P3D XDirection',(0.,1.,0.)) ;
#1632=DIRECTION('Vector Direction',(1.,0.,0.)) ;
#1637=DIRECTION('Vector Direction',(1.,0.,0.)) ;
#1677=DIRECTION('Axis2P3D Direction',(0.707106781187,-0.707106781187,0.)) ;
#1678=DIRECTION('Axis2P3D XDirection',(0.707106781187,0.707106781187,0.)) ;
#1681=DIRECTION('Vector Direction',(-0.707106781187,0.707106781187,0.)) ;
#1685=DIRECTION('Vector Direction',(-0.707106781187,0.707106781187,0.)) ;
#1690=DIRECTION('Vector Direction',(-0.707106781187,0.707106781187,0.)) ;
#1704=DIRECTION('Axis2P3D Direction',(0.707106781187,-0.707106781187,0.)) ;
#1705=DIRECTION('Axis2P3D XDirection',(0.707106781187,0.707106781187,0.)) ;
#1708=DIRECTION('Vector Direction',(-0.707106781187,0.707106781187,0.)) ;
#1721=DIRECTION('Axis2P3D Direction',(0.707106781187,-0.707106781187,0.)) ;
#1722=DIRECTION('Axis2P3D XDirection',(0.707106781187,0.707106781187,0.)) ;
#1726=DIRECTION('Axis2P3D Direction',(0.707106781187,-0.707106781187,0.)) ;
#1727=DIRECTION('Axis2P3D XDirection',(0.707106781187,0.707106781187,0.)) ;
#1734=DIRECTION('Axis2P3D Direction',(0.707106781187,-0.707106781187,0.)) ;
#1735=DIRECTION('Axis2P3D XDirection',(0.707106781187,0.707106781187,0.)) ;
#1747=DIRECTION('Axis2P3D Direction',(0.707106781187,-0.707106781187,0.)) ;
#1748=DIRECTION('Axis2P3D XDirection',(0.707106781187,0.707106781187,0.)) ;
#1751=DIRECTION('Vector Direction',(-0.707106781187,0.707106781187,0.)) ;
#1755=DIRECTION('Vector Direction',(-0.707106781187,0.707106781187,0.)) ;
#1767=DIRECTION('Axis2P3D Direction',(0.707106781187,-0.707106781187,0.)) ;
#1768=DIRECTION('Axis2P3D XDirection',(0.707106781187,0.707106781187,0.)) ;
#1771=DIRECTION('Vector Direction',(-0.707106781187,0.707106781187,0.)) ;
#1782=DIRECTION('Axis2P3D Direction',(0.,0.,1.)) ;
#1783=DIRECTION('Axis2P3D XDirection',(1.,0.,0.)) ;
#1787=DIRECTION('Vector Direction',(1.,0.,0.)) ;
#1796=DIRECTION('Vector Direction',(0.,-1.,0.)) ;
#1803=DIRECTION('Vector Direction',(1.,0.,0.)) ;
#1810=DIRECTION('Axis2P3D Direction',(0.,0.,1.)) ;
#1822=DIRECTION('Axis2P3D Direction',(0.,-0.,1.)) ;
#1823=DIRECTION('Axis2P3D XDirection',(-0.614712164139,0.788751516803,0.)) ;
#1853=DIRECTION('Axis2P3D Direction',(0.,-0.,1.)) ;
#1865=DIRECTION('Axis2P3D Direction',(0.,0.,1.)) ;
#1866=DIRECTION('Axis2P3D XDirection',(1.,0.,0.)) ;
#1870=DIRECTION('Axis2P3D Direction',(0.,0.,1.)) ;
#1879=DIRECTION('Vector Direction',(1.,0.,0.)) ;
#1886=DIRECTION('Vector Direction',(0.,-1.,0.)) ;
#1893=DIRECTION('Vector Direction',(1.,0.,0.)) ;
#1905=DIRECTION('Axis2P3D Direction',(0.,0.,1.)) ;
#1906=DIRECTION('Axis2P3D XDirection',(-0.360155062566,0.932892454095,0.)) ;
#1910=DIRECTION('Axis2P3D Direction',(0.,0.,1.)) ;
#1919=DIRECTION('Vector Direction',(0.,0.,1.)) ;
#1924=DIRECTION('Vector Direction',(0.,0.,1.)) ;
#1936=DIRECTION('Axis2P3D Direction',(0.,-0.,1.)) ;
#1937=DIRECTION('Axis2P3D XDirection',(-0.614712164139,0.788751516803,0.)) ;
#1970=DIRECTION('Axis2P3D Direction',(-0.5,0.,-0.866025403784)) ;
#1971=DIRECTION('Axis2P3D XDirection',(-0.866025403784,0.,0.5)) ;
#1975=DIRECTION('Vector Direction',(0.,1.,0.)) ;
#1982=DIRECTION('Vector Direction',(0.,1.,0.)) ;
#1989=DIRECTION('Vector Direction',(-0.866025403784,0.,0.5)) ;
#2001=DIRECTION('Axis2P3D Direction',(-1.,0.,0.)) ;
#2002=DIRECTION('Axis2P3D XDirection',(0.,0.,1.)) ;
#2006=DIRECTION('Vector Direction',(0.,1.,0.)) ;
#2013=DIRECTION('Vector Direction',(0.,0.,1.)) ;
#2025=DIRECTION('Axis2P3D Direction',(-0.5,0.,0.866025403784)) ;
#2026=DIRECTION('Axis2P3D XDirection',(0.866025403784,0.,0.5)) ;
#2030=DIRECTION('Vector Direction',(0.,1.,0.)) ;
#2037=DIRECTION('Vector Direction',(0.866025403784,0.,0.5)) ;
#2049=DIRECTION('Axis2P3D Direction',(0.5,-0.,0.866025403784)) ;
#2050=DIRECTION('Axis2P3D XDirection',(0.866025403784,0.,-0.5)) ;
#2054=DIRECTION('Vector Direction',(0.,1.,0.)) ;
#2061=DIRECTION('Vector Direction',(0.866025403784,0.,-0.5)) ;
#2073=DIRECTION('Axis2P3D Direction',(1.,-0.,0.)) ;
#2074=DIRECTION('Axis2P3D XDirection',(0.,0.,-1.)) ;
#2078=DIRECTION('Vector Direction',(0.,1.,0.)) ;
#2085=DIRECTION('Vector Direction',(0.,0.,-1.)) ;
#2097=DIRECTION('Axis2P3D Direction',(0.5,0.,-0.866025403784)) ;
#2098=DIRECTION('Axis2P3D XDirection',(-0.866025403784,-0.,-0.5)) ;
#2102=DIRECTION('Vector Direction',(-0.866025403784,0.,-0.5)) ;
#2114=DIRECTION('Axis2P3D Direction',(1.,0.,0.)) ;
#2115=DIRECTION('Axis2P3D XDirection',(-0.,-1.83690953073E-016,-1.)) ;
#2119=DIRECTION('Vector Direction',(1.,0.,0.)) ;
#2128=DIRECTION('Axis2P3D Direction',(1.,0.,0.)) ;
#2135=DIRECTION('Vector Direction',(1.,0.,0.)) ;
#2163=DIRECTION('Axis2P3D Direction',(0.,-1.,0.)) ;
#2164=DIRECTION('Axis2P3D XDirection',(0.,0.,-1.)) ;
#2168=DIRECTION('Vector Direction',(0.,0.,1.)) ;
#2175=DIRECTION('Vector Direction',(1.,0.,0.)) ;
#2182=DIRECTION('Vector Direction',(0.,0.,-1.)) ;
#2194=DIRECTION('Axis2P3D Direction',(1.,0.,0.)) ;
#2195=DIRECTION('Axis2P3D XDirection',(0.,1.,0.)) ;
#2199=DIRECTION('Vector Direction',(1.,0.,0.)) ;
#2208=DIRECTION('Axis2P3D Direction',(1.,0.,0.)) ;
#2397=DIRECTION('Axis2P3D Direction',(0.,0.,1.)) ;
#2398=DIRECTION('Axis2P3D XDirection',(1.11022302463E-016,1.,0.)) ;
#2402=DIRECTION('Vector Direction',(0.,0.,1.)) ;
#2409=DIRECTION('Axis2P3D Direction',(0.,0.,1.)) ;
#2573=DIRECTION('Axis2P3D Direction',(0.907382088306,0.42030672826,0.)) ;
#2574=DIRECTION('Axis2P3D XDirection',(7.72065434973E-017,-1.66677880603E-016,-1.)) ;
#2578=DIRECTION('Vector Direction',(0.907382088306,0.42030672826,0.)) ;
#2585=DIRECTION('Vector Direction',(0.907382088306,0.42030672826,0.)) ;
#2592=DIRECTION('Axis2P3D Direction',(0.907382088306,0.42030672826,0.)) ;
#2604=DIRECTION('Axis2P3D Direction',(-0.715233779836,2.77555756156E-017,-0.698885283993)) ;
#2605=DIRECTION('Axis2P3D XDirection',(-0.329656477348,0.881765002044,0.337367882457)) ;
#2609=DIRECTION('Axis2P3D Direction',(-7.7591853386E-017,1.,7.94069010364E-017)) ;
#2616=DIRECTION('Axis2P3D Direction',(-0.664911632327,-0.307992450333,0.680465408184)) ;
#2627=DIRECTION('Axis2P3D Direction',(-0.664911632327,-0.307992450333,0.680465408184)) ;
#2628=DIRECTION('Axis2P3D XDirection',(-0.42030672826,0.907382088306,3.35842464949E-015)) ;
#2632=DIRECTION('Vector Direction',(-0.664911632327,-0.307992450333,0.680465408184)) ;
#2639=DIRECTION('Axis2P3D Direction',(-0.664911632327,-0.307992450333,0.680465408184)) ;
#2646=DIRECTION('Vector Direction',(-0.664911632327,-0.307992450333,0.680465408184)) ;
#2658=DIRECTION('Axis2P3D Direction',(-0.12752174254,0.991835775307,0.)) ;
#2659=DIRECTION('Axis2P3D XDirection',(-0.991835775307,-0.12752174254,-0.)) ;
#2663=DIRECTION('Vector Direction',(-0.991835775307,-0.12752174254,0.)) ;
#2672=DIRECTION('Vector Direction',(0.,0.,1.)) ;
#2679=DIRECTION('Vector Direction',(0.,0.,1.)) ;
#2699=DIRECTION('Vector Direction',(0.696080778009,0.0894961000297,-0.712363670161)) ;
#2712=DIRECTION('Axis2P3D Direction',(0.715233779836,0.,0.698885283993)) ;
#2713=DIRECTION('Axis2P3D XDirection',(-0.698885283993,0.,0.715233779836)) ;
#2717=DIRECTION('Vector Direction',(0.696080778009,0.0894961000297,-0.712363670161)) ;
#2726=DIRECTION('Vector Direction',(0.,-1.,0.)) ;
#2731=DIRECTION('Vector Direction',(0.,-1.,0.)) ;
#2743=DIRECTION('Axis2P3D Direction',(0.,-1.,0.)) ;
#2744=DIRECTION('Axis2P3D XDirection',(0.715233779836,0.,0.698885283993)) ;
#2762=DIRECTION('Vector Direction',(0.,-1.,0.)) ;
#2791=DIRECTION('Axis2P3D Direction',(0.,-1.,-0.)) ;
#2792=DIRECTION('Axis2P3D XDirection',(-0.715233779836,0.,-0.698885283993)) ;
#2796=DIRECTION('Vector Direction',(0.,-1.,0.)) ;
#2886=DIRECTION('Axis2P3D Direction',(0.696080778009,0.0894961000297,-0.712363670161)) ;
#2887=DIRECTION('Axis2P3D XDirection',(0.715233779836,4.30211422042E-016,0.698885283993)) ;
#3052=DIRECTION('Axis2P3D Direction',(-0.907382088306,-0.42030672826,0.)) ;
#3053=DIRECTION('Axis2P3D XDirection',(-6.69408187894E-016,1.44515649791E-015,1.)) ;
#3057=DIRECTION('Vector Direction',(-0.907382088306,-0.42030672826,0.)) ;
#3064=DIRECTION('Vector Direction',(-0.907382088306,-0.42030672826,0.)) ;
#3071=DIRECTION('Axis2P3D Direction',(-0.907382088306,-0.42030672826,0.)) ;
#3083=DIRECTION('Axis2P3D Direction',(-0.42030672826,0.907382088306,0.)) ;
#3084=DIRECTION('Axis2P3D XDirection',(-0.907382088306,-0.42030672826,0.)) ;
#3088=DIRECTION('Vector Direction',(-6.77498412523E-015,-3.01110405566E-015,-1.)) ;
#3111=DIRECTION('Vector Direction',(0.65962805352,0.305545053861,0.686682642179)) ;
#3129=DIRECTION('Axis2P3D Direction',(0.65962805352,0.305545053861,0.686682642179)) ;
#3130=DIRECTION('Axis2P3D XDirection',(-0.42030672826,0.907382088306,2.19269047363E-015)) ;
#3134=DIRECTION('Axis2P3D Direction',(0.65962805352,0.305545053861,0.686682642179)) ;
#3141=DIRECTION('Vector Direction',(0.65962805352,0.305545053861,0.686682642179)) ;
#3148=DIRECTION('Axis2P3D Direction',(0.65962805352,0.305545053861,0.686682642179)) ;
#3160=DIRECTION('Axis2P3D Direction',(-0.721170743508,2.77555756156E-017,0.692757359187)) ;
#3161=DIRECTION('Axis2P3D XDirection',(0.662765813926,-0.291052776425,0.689949097562)) ;
#3165=DIRECTION('Axis2P3D Direction',(3.53792978498E-015,-1.,3.68303767499E-015)) ;
#3355=DIRECTION('Vector Direction',(0.,0.,-1.)) ;
#3362=DIRECTION('Vector Direction',(0.,0.,1.)) ;
#3369=DIRECTION('Vector Direction',(-0.991835775307,-0.12752174254,0.)) ;
#3376=DIRECTION('Vector Direction',(-0.690025692477,-0.0887175890327,-0.718327037719)) ;
#3389=DIRECTION('Axis2P3D Direction',(0.721170743508,0.,-0.692757359187)) ;
#3390=DIRECTION('Axis2P3D XDirection',(0.692757359187,0.,0.721170743508)) ;
#3394=DIRECTION('Vector Direction',(-0.690025692477,-0.0887175890327,-0.718327037719)) ;
#3403=DIRECTION('Vector Direction',(0.,1.,0.)) ;
#3408=DIRECTION('Vector Direction',(0.,-1.,0.)) ;
#3420=DIRECTION('Axis2P3D Direction',(0.,-1.,0.)) ;
#3421=DIRECTION('Axis2P3D XDirection',(-1.,-0.,1.66533453694E-016)) ;
#3439=DIRECTION('Vector Direction',(0.,-1.,0.)) ;
#3452=DIRECTION('Axis2P3D Direction',(0.,1.,0.)) ;
#3453=DIRECTION('Axis2P3D XDirection',(-0.721170743508,0.,0.692757359187)) ;
#3457=DIRECTION('Vector Direction',(0.,1.,0.)) ;
#3547=DIRECTION('Axis2P3D Direction',(-0.690025692477,-0.0887175890327,-0.718327037719)) ;
#3548=DIRECTION('Axis2P3D XDirection',(0.721170743508,0.,-0.692757359187)) ;
#3566=DIRECTION('Axis2P3D Direction',(0.12752174254,0.991835775307,-0.)) ;
#3567=DIRECTION('Axis2P3D XDirection',(-0.991835775307,0.12752174254,-0.)) ;
#3571=DIRECTION('Vector Direction',(0.690025692477,-0.0887175890327,0.718327037719)) ;
#3580=DIRECTION('Vector Direction',(-0.991835775307,0.12752174254,0.)) ;
#3587=DIRECTION('Vector Direction',(0.,0.,1.)) ;
#3594=DIRECTION('Vector Direction',(0.,0.,-1.)) ;
#3620=DIRECTION('Vector Direction',(0.690025692477,-0.0887175890327,0.718327037719)) ;
#3629=DIRECTION('Vector Direction',(0.,-1.,0.)) ;
#3636=DIRECTION('Vector Direction',(0.65962805352,-0.305545053861,0.686682642179)) ;
#3643=DIRECTION('Vector Direction',(0.,-1.,0.)) ;
#3655=DIRECTION('Axis2P3D Direction',(0.,-1.,0.)) ;
#3656=DIRECTION('Axis2P3D XDirection',(-1.,-0.,1.66533453694E-016)) ;
#3674=DIRECTION('Vector Direction',(0.,-1.,0.)) ;
#3785=DIRECTION('Axis2P3D Direction',(0.690025692477,-0.0887175890327,0.718327037719)) ;
#3786=DIRECTION('Axis2P3D XDirection',(0.721170743508,9.99200722163E-016,-0.692757359187)) ;
#3959=DIRECTION('Axis2P3D Direction',(1.,0.,0.)) ;
#3960=DIRECTION('Axis2P3D XDirection',(0.,1.,0.)) ;
#4001=DIRECTION('Vector Direction',(0.,3.76388029592E-015,-1.)) ;
#4006=DIRECTION('Vector Direction',(0.,1.,0.)) ;
#4011=DIRECTION('Vector Direction',(0.,-1.,0.)) ;
#4018=DIRECTION('Vector Direction',(0.,0.,1.)) ;
#4025=DIRECTION('Vector Direction',(0.,0.,1.)) ;
#4032=DIRECTION('Vector Direction',(0.,-1.,0.)) ;
#4234=DIRECTION('Axis2P3D Direction',(0.127549606485,0.991832192402,-0.)) ;
#4235=DIRECTION('Axis2P3D XDirection',(-0.991832192402,0.127549606485,-0.)) ;
#4239=DIRECTION('Vector Direction',(-0.696079539509,0.0895158193361,0.71236240269)) ;
#4259=DIRECTION('Vector Direction',(-0.991832192402,0.127549606485,0.)) ;
#4272=DIRECTION('Vector Direction',(-0.696079539509,0.0895158193361,0.71236240269)) ;
#4281=DIRECTION('Vector Direction',(0.,-1.,0.)) ;
#4288=DIRECTION('Vector Direction',(-0.664911632327,0.307992450333,0.680465408184)) ;
#4293=DIRECTION('Vector Direction',(0.,-1.,0.)) ;
#4305=DIRECTION('Axis2P3D Direction',(0.,-1.,0.)) ;
#4306=DIRECTION('Axis2P3D XDirection',(0.715233779836,0.,0.698885283993)) ;
#4414=DIRECTION('Axis2P3D Direction',(-0.696079539509,0.0895158193361,0.71236240269)) ;
#4415=DIRECTION('Axis2P3D XDirection',(0.715233779836,0.,0.698885283993)) ;
#4434=DIRECTION('Axis2P3D Direction',(0.,1.,0.)) ;
#4435=DIRECTION('Axis2P3D XDirection',(0.,0.,1.)) ;
#4439=DIRECTION('Vector Direction',(0.,0.,-1.)) ;
#4448=DIRECTION('Vector Direction',(1.,0.,0.)) ;
#4455=DIRECTION('Vector Direction',(0.,0.,1.)) ;
#4462=DIRECTION('Vector Direction',(1.,0.,0.)) ;
#4482=DIRECTION('Axis2P3D Direction',(1.,0.,0.)) ;
#4483=DIRECTION('Axis2P3D XDirection',(-0.,1.83690953073E-016,1.)) ;
#4487=DIRECTION('Axis2P3D Direction',(1.,0.,0.)) ;
#4494=DIRECTION('Vector Direction',(1.,0.,0.)) ;
#4525=DIRECTION('Axis2P3D Direction',(0.65962805352,-0.305545053861,0.686682642179)) ;
#4526=DIRECTION('Axis2P3D XDirection',(-0.721170743508,-1.22124532709E-015,0.692757359187)) ;
#4530=DIRECTION('Vector Direction',(0.65962805352,-0.305545053861,0.686682642179)) ;
#4537=DIRECTION('Axis2P3D Direction',(0.65962805352,-0.305545053861,0.686682642179)) ;
#4549=DIRECTION('Axis2P3D Direction',(0.,-1.,0.)) ;
#4550=DIRECTION('Axis2P3D XDirection',(0.,0.,1.)) ;
#4554=DIRECTION('Vector Direction',(0.,-1.,0.)) ;
#4561=DIRECTION('Axis2P3D Direction',(0.,-1.,0.)) ;
#4573=DIRECTION('Axis2P3D Direction',(1.,0.,0.)) ;
#4574=DIRECTION('Axis2P3D XDirection',(0.,-1.,0.)) ;
#4578=DIRECTION('Vector Direction',(1.,0.,0.)) ;
#4587=DIRECTION('Axis2P3D Direction',(1.,0.,0.)) ;
#4616=DIRECTION('Axis2P3D Direction',(0.42030672826,0.907382088306,-0.)) ;
#4617=DIRECTION('Axis2P3D XDirection',(-0.907382088306,0.42030672826,0.)) ;
#4621=DIRECTION('Vector Direction',(-0.907382088306,0.42030672826,0.)) ;
#4658=DIRECTION('Vector Direction',(0.,0.,-1.)) ;
#4693=DIRECTION('Vector Direction',(0.907382088306,-0.42030672826,0.)) ;
#4698=DIRECTION('Vector Direction',(-0.664911632327,0.307992450333,0.680465408184)) ;
#4716=DIRECTION('Axis2P3D Direction',(-0.664911632327,0.307992450333,0.680465408184)) ;
#4717=DIRECTION('Axis2P3D XDirection',(-0.715233779836,0.,-0.698885283993)) ;
#4721=DIRECTION('Axis2P3D Direction',(-0.664911632327,0.307992450333,0.680465408184)) ;
#4733=DIRECTION('Axis2P3D Direction',(0.,-1.,-0.)) ;
#4734=DIRECTION('Axis2P3D XDirection',(-0.715233779836,0.,-0.698885283993)) ;
#4738=DIRECTION('Vector Direction',(0.,-1.,0.)) ;
#4745=DIRECTION('Axis2P3D Direction',(0.,-1.,-0.)) ;
#4757=DIRECTION('Axis2P3D Direction',(-0.297201737731,-0.641616027769,0.707106781187)) ;
#4758=DIRECTION('Axis2P3D XDirection',(-0.83263041236,-0.18831211503,-0.520831204658)) ;
#4762=DIRECTION('Axis2P3D Direction',(-0.907382088306,0.42030672826,1.66533453694E-016)) ;
#4773=DIRECTION('Axis2P3D Direction',(-0.907382088306,0.42030672826,0.)) ;
#4774=DIRECTION('Axis2P3D XDirection',(0.,0.,-1.)) ;
#4778=DIRECTION('Vector Direction',(-0.907382088306,0.42030672826,0.)) ;
#4783=DIRECTION('Axis2P3D Direction',(-0.907382088306,0.42030672826,0.)) ;
#4917=DIRECTION('Axis2P3D Direction',(0.,0.,-1.)) ;
#4918=DIRECTION('Axis2P3D XDirection',(0.,-1.,0.)) ;
#4922=DIRECTION('Axis2P3D Direction',(0.,0.,-1.)) ;
#5058=DIRECTION('Axis2P3D Direction',(0.907382088306,-0.42030672826,0.)) ;
#5059=DIRECTION('Axis2P3D XDirection',(0.,0.,1.)) ;
#5063=DIRECTION('Vector Direction',(0.907382088306,-0.42030672826,0.)) ;
#5068=DIRECTION('Axis2P3D Direction',(0.907382088306,-0.42030672826,0.)) ;
#5080=DIRECTION('Axis2P3D Direction',(-0.297201737731,-0.641616027769,-0.707106781187)) ;
#5081=DIRECTION('Axis2P3D XDirection',(-0.297201737731,-0.641616027769,0.707106781187)) ;
#5091=DIRECTION('Axis2P3D Direction',(0.,1.,0.)) ;
#5092=DIRECTION('Axis2P3D XDirection',(0.,0.,1.)) ;
#5096=DIRECTION('Vector Direction',(1.,0.,0.)) ;
#5105=DIRECTION('Vector Direction',(0.,0.,1.)) ;
#5110=DIRECTION('Vector Direction',(0.,0.,1.)) ;
#5117=DIRECTION('Vector Direction',(1.,0.,0.)) ;
#5124=DIRECTION('Vector Direction',(0.,0.,1.)) ;
#5142=DIRECTION('Axis2P3D Direction',(1.,0.,0.)) ;
#5143=DIRECTION('Axis2P3D XDirection',(0.,1.,0.)) ;
#5147=DIRECTION('Axis2P3D Direction',(1.,0.,0.)) ;
#5154=DIRECTION('Vector Direction',(0.,-1.,0.)) ;
#5159=DIRECTION('Vector Direction',(0.,1.,0.)) ;
#5166=DIRECTION('Axis2P3D Direction',(1.,0.,0.)) ;
#5190=DIRECTION('Vector Direction',(0.,1.,0.)) ;
#5197=DIRECTION('Vector Direction',(0.,-1.,0.)) ;
#5204=DIRECTION('Axis2P3D Direction',(1.,0.,0.)) ;
#5211=DIRECTION('Vector Direction',(0.,0.,-1.)) ;
#5218=DIRECTION('Axis2P3D Direction',(1.,0.,0.)) ;
#5242=DIRECTION('Axis2P3D Direction',(0.,-1.,0.)) ;
#5243=DIRECTION('Axis2P3D XDirection',(0.,0.,-1.)) ;
#5247=DIRECTION('Vector Direction',(1.,0.,0.)) ;
#5254=DIRECTION('Vector Direction',(1.,0.,0.)) ;
#5261=DIRECTION('Vector Direction',(0.,0.,-1.)) ;
#5266=DIRECTION('Vector Direction',(0.,0.,-1.)) ;
#5284=DIRECTION('Axis2P3D Direction',(1.,0.,0.)) ;
#5285=DIRECTION('Axis2P3D XDirection',(0.,1.,0.)) ;
#5289=DIRECTION('Vector Direction',(0.,1.,0.)) ;
#5301=DIRECTION('Axis2P3D Direction',(-0.,0.,1.)) ;
#5302=DIRECTION('Axis2P3D XDirection',(0.,-1.,0.)) ;
#5306=DIRECTION('Vector Direction',(1.,0.,0.)) ;
#5313=DIRECTION('Vector Direction',(0.,1.,0.)) ;
#5320=DIRECTION('Vector Direction',(1.,0.,0.)) ;
#5346=DIRECTION('Axis2P3D Direction',(0.,1.,0.)) ;
#5347=DIRECTION('Axis2P3D XDirection',(1.,-0.,1.83690953073E-016)) ;
#5386=DIRECTION('Axis2P3D Direction',(1.,0.,0.)) ;
#5387=DIRECTION('Axis2P3D XDirection',(-0.,-1.83690953073E-016,-1.)) ;
#5398=DIRECTION('Axis2P3D Direction',(1.,0.,0.)) ;
#5399=DIRECTION('Axis2P3D XDirection',(0.,-1.,1.83690953073E-016)) ;
#5410=DIRECTION('Vector Direction',(0.,1.,0.)) ;
#5422=DIRECTION('Axis2P3D Direction',(0.,0.,-1.)) ;
#5423=DIRECTION('Axis2P3D XDirection',(0.,1.,0.)) ;
#5427=DIRECTION('Vector Direction',(1.,0.,0.)) ;
#5434=DIRECTION('Vector Direction',(0.,1.,0.)) ;
#5441=DIRECTION('Vector Direction',(1.,0.,0.)) ;
#5467=DIRECTION('Axis2P3D Direction',(0.,1.,0.)) ;
#5468=DIRECTION('Axis2P3D XDirection',(0.,0.,1.)) ;
#5507=DIRECTION('Axis2P3D Direction',(1.,0.,0.)) ;
#5508=DIRECTION('Axis2P3D XDirection',(-0.,1.83690953073E-016,1.)) ;
#5519=DIRECTION('Axis2P3D Direction',(1.,0.,-0.)) ;
#5520=DIRECTION('Axis2P3D XDirection',(-0.,1.,-1.83690953073E-016)) ;
#48=AXIS2_PLACEMENT_3D(' ',#47,$,$) ;
#59=AXIS2_PLACEMENT_3D('Plane Axis2P3D',#56,#57,#58) ;
#99=AXIS2_PLACEMENT_3D('Plane Axis2P3D',#96,#97,#98) ;
#130=AXIS2_PLACEMENT_3D('Plane Axis2P3D',#127,#128,#129) ;
#161=AXIS2_PLACEMENT_3D('Plane Axis2P3D',#158,#159,#160) ;
#192=AXIS2_PLACEMENT_3D('Plane Axis2P3D',#189,#190,#191) ;
#223=AXIS2_PLACEMENT_3D('Plane Axis2P3D',#220,#221,#222) ;
#245=AXIS2_PLACEMENT_3D('Plane Axis2P3D',#242,#243,#244) ;
#285=AXIS2_PLACEMENT_3D('Plane Axis2P3D',#282,#283,#284) ;
#316=AXIS2_PLACEMENT_3D('Plane Axis2P3D',#313,#314,#315) ;
#347=AXIS2_PLACEMENT_3D('Plane Axis2P3D',#344,#345,#346) ;
#378=AXIS2_PLACEMENT_3D('Plane Axis2P3D',#375,#376,#377) ;
#409=AXIS2_PLACEMENT_3D('Plane Axis2P3D',#406,#407,#408) ;
#431=AXIS2_PLACEMENT_3D('Torus Axis2P3D',#428,#429,#430) ;
#435=AXIS2_PLACEMENT_3D('Circle Axis2P3D',#433,#434,$) ;
#444=AXIS2_PLACEMENT_3D('Circle Axis2P3D',#442,#443,$) ;
#451=AXIS2_PLACEMENT_3D('Circle Axis2P3D',#449,#450,$) ;
#458=AXIS2_PLACEMENT_3D('Circle Axis2P3D',#456,#457,$) ;
#471=AXIS2_PLACEMENT_3D('Torus Axis2P3D',#468,#469,#470) ;
#475=AXIS2_PLACEMENT_3D('Circle Axis2P3D',#473,#474,$) ;
#480=AXIS2_PLACEMENT_3D('Circle Axis2P3D',#478,#479,$) ;
#493=AXIS2_PLACEMENT_3D('Cylinder Axis2P3D',#490,#491,#492) ;
#506=AXIS2_PLACEMENT_3D('Circle Axis2P3D',#504,#505,$) ;
#520=AXIS2_PLACEMENT_3D('Circle Axis2P3D',#518,#519,$) ;
#532=AXIS2_PLACEMENT_3D('Circle Axis2P3D',#530,#531,$) ;
#537=AXIS2_PLACEMENT_3D('Circle Axis2P3D',#535,#536,$) ;
#550=AXIS2_PLACEMENT_3D('Cylinder Axis2P3D',#547,#548,#549) ;
#563=AXIS2_PLACEMENT_3D('Circle Axis2P3D',#561,#562,$) ;
#577=AXIS2_PLACEMENT_3D('Circle Axis2P3D',#575,#576,$) ;
#589=AXIS2_PLACEMENT_3D('Circle Axis2P3D',#587,#588,$) ;
#594=AXIS2_PLACEMENT_3D('Circle Axis2P3D',#592,#593,$) ;
#607=AXIS2_PLACEMENT_3D('Cylinder Axis2P3D',#604,#605,#606) ;
#620=AXIS2_PLACEMENT_3D('Circle Axis2P3D',#618,#619,$) ;
#634=AXIS2_PLACEMENT_3D('Circle Axis2P3D',#632,#633,$) ;
#646=AXIS2_PLACEMENT_3D('Circle Axis2P3D',#644,#645,$) ;
#651=AXIS2_PLACEMENT_3D('Circle Axis2P3D',#649,#650,$) ;
#664=AXIS2_PLACEMENT_3D('Cylinder Axis2P3D',#661,#662,#663) ;
#677=AXIS2_PLACEMENT_3D('Circle Axis2P3D',#675,#676,$) ;
#691=AXIS2_PLACEMENT_3D('Circle Axis2P3D',#689,#690,$) ;
#703=AXIS2_PLACEMENT_3D('Circle Axis2P3D',#701,#702,$) ;
#708=AXIS2_PLACEMENT_3D('Circle Axis2P3D',#706,#707,$) ;
#721=AXIS2_PLACEMENT_3D('Plane Axis2P3D',#718,#719,#720) ;
#733=AXIS2_PLACEMENT_3D('Circle Axis2P3D',#731,#732,$) ;
#742=AXIS2_PLACEMENT_3D('Circle Axis2P3D',#740,#741,$) ;
#760=AXIS2_PLACEMENT_3D('Circle Axis2P3D',#758,#759,$) ;
#769=AXIS2_PLACEMENT_3D('Circle Axis2P3D',#767,#768,$) ;
#780=AXIS2_PLACEMENT_3D('Cylinder Axis2P3D',#777,#778,#779) ;
#798=AXIS2_PLACEMENT_3D('Circle Axis2P3D',#796,#797,$) ;
#810=AXIS2_PLACEMENT_3D('Circle Axis2P3D',#808,#809,$) ;
#823=AXIS2_PLACEMENT_3D('Plane Axis2P3D',#820,#821,#822) ;
#831=AXIS2_PLACEMENT_3D('Circle Axis2P3D',#829,#830,$) ;
#840=AXIS2_PLACEMENT_3D('Circle Axis2P3D',#838,#839,$) ;
#854=AXIS2_PLACEMENT_3D('Circle Axis2P3D',#852,#853,$) ;
#863=AXIS2_PLACEMENT_3D('Circle Axis2P3D',#861,#862,$) ;
#877=AXIS2_PLACEMENT_3D('Circle Axis2P3D',#875,#876,$) ;
#886=AXIS2_PLACEMENT_3D('Circle Axis2P3D',#884,#885,$) ;
#900=AXIS2_PLACEMENT_3D('Circle Axis2P3D',#898,#899,$) ;
#909=AXIS2_PLACEMENT_3D('Circle Axis2P3D',#907,#908,$) ;
#920=AXIS2_PLACEMENT_3D('Plane Axis2P3D',#917,#918,#919) ;
#974=AXIS2_PLACEMENT_3D('Circle Axis2P3D',#972,#973,$) ;
#983=AXIS2_PLACEMENT_3D('Circle Axis2P3D',#981,#982,$) ;
#994=AXIS2_PLACEMENT_3D('Cylinder Axis2P3D',#991,#992,#993) ;
#1073=AXIS2_PLACEMENT_3D('Torus Axis2P3D',#1070,#1071,#1072) ;
#1077=AXIS2_PLACEMENT_3D('Circle Axis2P3D',#1075,#1076,$) ;
#1084=AXIS2_PLACEMENT_3D('Circle Axis2P3D',#1082,#1083,$) ;
#1091=AXIS2_PLACEMENT_3D('Circle Axis2P3D',#1089,#1090,$) ;
#1104=AXIS2_PLACEMENT_3D('Torus Axis2P3D',#1101,#1102,#1103) ;
#1108=AXIS2_PLACEMENT_3D('Circle Axis2P3D',#1106,#1107,$) ;
#1121=AXIS2_PLACEMENT_3D('Cylinder Axis2P3D',#1118,#1119,#1120) ;
#1132=AXIS2_PLACEMENT_3D('Circle Axis2P3D',#1130,#1131,$) ;
#1151=AXIS2_PLACEMENT_3D('Circle Axis2P3D',#1149,#1150,$) ;
#1164=AXIS2_PLACEMENT_3D('Cylinder Axis2P3D',#1161,#1162,#1163) ;
#1175=AXIS2_PLACEMENT_3D('Circle Axis2P3D',#1173,#1174,$) ;
#1194=AXIS2_PLACEMENT_3D('Circle Axis2P3D',#1192,#1193,$) ;
#1207=AXIS2_PLACEMENT_3D('Cylinder Axis2P3D',#1204,#1205,#1206) ;
#1218=AXIS2_PLACEMENT_3D('Circle Axis2P3D',#1216,#1217,$) ;
#1237=AXIS2_PLACEMENT_3D('Circle Axis2P3D',#1235,#1236,$) ;
#1250=AXIS2_PLACEMENT_3D('Cylinder Axis2P3D',#1247,#1248,#1249) ;
#1261=AXIS2_PLACEMENT_3D('Circle Axis2P3D',#1259,#1260,$) ;
#1280=AXIS2_PLACEMENT_3D('Circle Axis2P3D',#1278,#1279,$) ;
#1293=AXIS2_PLACEMENT_3D('Plane Axis2P3D',#1290,#1291,#1292) ;
#1319=AXIS2_PLACEMENT_3D('Plane Axis2P3D',#1316,#1317,#1318) ;
#1323=AXIS2_PLACEMENT_3D('Circle Axis2P3D',#1321,#1322,$) ;
#1332=AXIS2_PLACEMENT_3D('Circle Axis2P3D',#1330,#1331,$) ;
#1343=AXIS2_PLACEMENT_3D('Cylinder Axis2P3D',#1340,#1341,#1342) ;
#1610=AXIS2_PLACEMENT_3D('Cylinder Axis2P3D',#1607,#1608,#1609) ;
#1679=AXIS2_PLACEMENT_3D('Ellipse Axis2P3D',#1676,#1677,#1678) ;
#1706=AXIS2_PLACEMENT_3D('Ellipse Axis2P3D',#1703,#1704,#1705) ;
#1723=AXIS2_PLACEMENT_3D('Plane Axis2P3D',#1720,#1721,#1722) ;
#1728=AXIS2_PLACEMENT_3D('Ellipse Axis2P3D',#1725,#1726,#1727) ;
#1736=AXIS2_PLACEMENT_3D('Ellipse Axis2P3D',#1733,#1734,#1735) ;
#1749=AXIS2_PLACEMENT_3D('Ellipse Axis2P3D',#1746,#1747,#1748) ;
#1769=AXIS2_PLACEMENT_3D('Ellipse Axis2P3D',#1766,#1767,#1768) ;
#1784=AXIS2_PLACEMENT_3D('Plane Axis2P3D',#1781,#1782,#1783) ;
#1811=AXIS2_PLACEMENT_3D('Circle Axis2P3D',#1809,#1810,$) ;
#1824=AXIS2_PLACEMENT_3D('Torus Axis2P3D',#1821,#1822,#1823) ;
#1854=AXIS2_PLACEMENT_3D('Circle Axis2P3D',#1852,#1853,$) ;
#1867=AXIS2_PLACEMENT_3D('Plane Axis2P3D',#1864,#1865,#1866) ;
#1871=AXIS2_PLACEMENT_3D('Circle Axis2P3D',#1869,#1870,$) ;
#1907=AXIS2_PLACEMENT_3D('Cylinder Axis2P3D',#1904,#1905,#1906) ;
#1911=AXIS2_PLACEMENT_3D('Circle Axis2P3D',#1909,#1910,$) ;
#1938=AXIS2_PLACEMENT_3D('Torus Axis2P3D',#1935,#1936,#1937) ;
#1972=AXIS2_PLACEMENT_3D('Plane Axis2P3D',#1969,#1970,#1971) ;
#2003=AXIS2_PLACEMENT_3D('Plane Axis2P3D',#2000,#2001,#2002) ;
#2027=AXIS2_PLACEMENT_3D('Plane Axis2P3D',#2024,#2025,#2026) ;
#2051=AXIS2_PLACEMENT_3D('Plane Axis2P3D',#2048,#2049,#2050) ;
#2075=AXIS2_PLACEMENT_3D('Plane Axis2P3D',#2072,#2073,#2074) ;
#2099=AXIS2_PLACEMENT_3D('Plane Axis2P3D',#2096,#2097,#2098) ;
#2116=AXIS2_PLACEMENT_3D('Cylinder Axis2P3D',#2113,#2114,#2115) ;
#2129=AXIS2_PLACEMENT_3D('Circle Axis2P3D',#2127,#2128,$) ;
#2165=AXIS2_PLACEMENT_3D('Plane Axis2P3D',#2162,#2163,#2164) ;
#2196=AXIS2_PLACEMENT_3D('Cylinder Axis2P3D',#2193,#2194,#2195) ;
#2209=AXIS2_PLACEMENT_3D('Circle Axis2P3D',#2207,#2208,$) ;
#2399=AXIS2_PLACEMENT_3D('Cylinder Axis2P3D',#2396,#2397,#2398) ;
#2410=AXIS2_PLACEMENT_3D('Circle Axis2P3D',#2408,#2409,$) ;
#2575=AXIS2_PLACEMENT_3D('Cylinder Axis2P3D',#2572,#2573,#2574) ;
#2593=AXIS2_PLACEMENT_3D('Circle Axis2P3D',#2591,#2592,$) ;
#2606=AXIS2_PLACEMENT_3D('Sphere Axis2P3D',#2603,#2604,#2605) ;
#2610=AXIS2_PLACEMENT_3D('Circle Axis2P3D',#2608,#2609,$) ;
#2617=AXIS2_PLACEMENT_3D('Circle Axis2P3D',#2615,#2616,$) ;
#2629=AXIS2_PLACEMENT_3D('Cylinder Axis2P3D',#2626,#2627,#2628) ;
#2640=AXIS2_PLACEMENT_3D('Circle Axis2P3D',#2638,#2639,$) ;
#2660=AXIS2_PLACEMENT_3D('Plane Axis2P3D',#2657,#2658,#2659) ;
#2714=AXIS2_PLACEMENT_3D('Plane Axis2P3D',#2711,#2712,#2713) ;
#2745=AXIS2_PLACEMENT_3D('Cylinder Axis2P3D',#2742,#2743,#2744) ;
#2793=AXIS2_PLACEMENT_3D('Cylinder Axis2P3D',#2790,#2791,#2792) ;
#2888=AXIS2_PLACEMENT_3D('Cylinder Axis2P3D',#2885,#2886,#2887) ;
#3054=AXIS2_PLACEMENT_3D('Cylinder Axis2P3D',#3051,#3052,#3053) ;
#3072=AXIS2_PLACEMENT_3D('Circle Axis2P3D',#3070,#3071,$) ;
#3085=AXIS2_PLACEMENT_3D('Plane Axis2P3D',#3082,#3083,#3084) ;
#3131=AXIS2_PLACEMENT_3D('Cylinder Axis2P3D',#3128,#3129,#3130) ;
#3135=AXIS2_PLACEMENT_3D('Circle Axis2P3D',#3133,#3134,$) ;
#3149=AXIS2_PLACEMENT_3D('Circle Axis2P3D',#3147,#3148,$) ;
#3162=AXIS2_PLACEMENT_3D('Sphere Axis2P3D',#3159,#3160,#3161) ;
#3166=AXIS2_PLACEMENT_3D('Circle Axis2P3D',#3164,#3165,$) ;
#3391=AXIS2_PLACEMENT_3D('Plane Axis2P3D',#3388,#3389,#3390) ;
#3422=AXIS2_PLACEMENT_3D('Cylinder Axis2P3D',#3419,#3420,#3421) ;
#3454=AXIS2_PLACEMENT_3D('Cylinder Axis2P3D',#3451,#3452,#3453) ;
#3549=AXIS2_PLACEMENT_3D('Cylinder Axis2P3D',#3546,#3547,#3548) ;
#3568=AXIS2_PLACEMENT_3D('Plane Axis2P3D',#3565,#3566,#3567) ;
#3657=AXIS2_PLACEMENT_3D('Cylinder Axis2P3D',#3654,#3655,#3656) ;
#3787=AXIS2_PLACEMENT_3D('Cylinder Axis2P3D',#3784,#3785,#3786) ;
#3961=AXIS2_PLACEMENT_3D('Plane Axis2P3D',#3958,#3959,#3960) ;
#4236=AXIS2_PLACEMENT_3D('Plane Axis2P3D',#4233,#4234,#4235) ;
#4307=AXIS2_PLACEMENT_3D('Cylinder Axis2P3D',#4304,#4305,#4306) ;
#4416=AXIS2_PLACEMENT_3D('Cylinder Axis2P3D',#4413,#4414,#4415) ;
#4436=AXIS2_PLACEMENT_3D('Plane Axis2P3D',#4433,#4434,#4435) ;
#4484=AXIS2_PLACEMENT_3D('Cylinder Axis2P3D',#4481,#4482,#4483) ;
#4488=AXIS2_PLACEMENT_3D('Circle Axis2P3D',#4486,#4487,$) ;
#4527=AXIS2_PLACEMENT_3D('Cylinder Axis2P3D',#4524,#4525,#4526) ;
#4538=AXIS2_PLACEMENT_3D('Circle Axis2P3D',#4536,#4537,$) ;
#4551=AXIS2_PLACEMENT_3D('Cylinder Axis2P3D',#4548,#4549,#4550) ;
#4562=AXIS2_PLACEMENT_3D('Circle Axis2P3D',#4560,#4561,$) ;
#4575=AXIS2_PLACEMENT_3D('Cylinder Axis2P3D',#4572,#4573,#4574) ;
#4588=AXIS2_PLACEMENT_3D('Circle Axis2P3D',#4586,#4587,$) ;
#4618=AXIS2_PLACEMENT_3D('Plane Axis2P3D',#4615,#4616,#4617) ;
#4718=AXIS2_PLACEMENT_3D('Cylinder Axis2P3D',#4715,#4716,#4717) ;
#4722=AXIS2_PLACEMENT_3D('Circle Axis2P3D',#4720,#4721,$) ;
#4735=AXIS2_PLACEMENT_3D('Cylinder Axis2P3D',#4732,#4733,#4734) ;
#4746=AXIS2_PLACEMENT_3D('Circle Axis2P3D',#4744,#4745,$) ;
#4759=AXIS2_PLACEMENT_3D('Sphere Axis2P3D',#4756,#4757,#4758) ;
#4763=AXIS2_PLACEMENT_3D('Circle Axis2P3D',#4761,#4762,$) ;
#4775=AXIS2_PLACEMENT_3D('Cylinder Axis2P3D',#4772,#4773,#4774) ;
#4784=AXIS2_PLACEMENT_3D('Circle Axis2P3D',#4782,#4783,$) ;
#4919=AXIS2_PLACEMENT_3D('Cylinder Axis2P3D',#4916,#4917,#4918) ;
#4923=AXIS2_PLACEMENT_3D('Circle Axis2P3D',#4921,#4922,$) ;
#5060=AXIS2_PLACEMENT_3D('Cylinder Axis2P3D',#5057,#5058,#5059) ;
#5069=AXIS2_PLACEMENT_3D('Circle Axis2P3D',#5067,#5068,$) ;
#5082=AXIS2_PLACEMENT_3D('Sphere Axis2P3D',#5079,#5080,#5081) ;
#5093=AXIS2_PLACEMENT_3D('Plane Axis2P3D',#5090,#5091,#5092) ;
#5144=AXIS2_PLACEMENT_3D('Plane Axis2P3D',#5141,#5142,#5143) ;
#5148=AXIS2_PLACEMENT_3D('Circle Axis2P3D',#5146,#5147,$) ;
#5167=AXIS2_PLACEMENT_3D('Circle Axis2P3D',#5165,#5166,$) ;
#5205=AXIS2_PLACEMENT_3D('Circle Axis2P3D',#5203,#5204,$) ;
#5219=AXIS2_PLACEMENT_3D('Circle Axis2P3D',#5217,#5218,$) ;
#5244=AXIS2_PLACEMENT_3D('Plane Axis2P3D',#5241,#5242,#5243) ;
#5286=AXIS2_PLACEMENT_3D('Plane Axis2P3D',#5283,#5284,#5285) ;
#5303=AXIS2_PLACEMENT_3D('Plane Axis2P3D',#5300,#5301,#5302) ;
#5348=AXIS2_PLACEMENT_3D('Cylinder Axis2P3D',#5345,#5346,#5347) ;
#5388=AXIS2_PLACEMENT_3D('Cylinder Axis2P3D',#5385,#5386,#5387) ;
#5400=AXIS2_PLACEMENT_3D('Cylinder Axis2P3D',#5397,#5398,#5399) ;
#5424=AXIS2_PLACEMENT_3D('Plane Axis2P3D',#5421,#5422,#5423) ;
#5469=AXIS2_PLACEMENT_3D('Cylinder Axis2P3D',#5466,#5467,#5468) ;
#5509=AXIS2_PLACEMENT_3D('Cylinder Axis2P3D',#5506,#5507,#5508) ;
#5521=AXIS2_PLACEMENT_3D('Cylinder Axis2P3D',#5518,#5519,#5520) ;
#40=PRODUCT_DEFINITION_SHAPE(' ',' ',#14) ;
#31=APPROVAL_PERSON_ORGANIZATION(#25,#21,#19) ;
#25=PERSON_AND_ORGANIZATION(#22,#23) ;
#22=PERSON(' ',' ',' ',$,$,$) ;
#23=ORGANIZATION(' ',' ',' ') ;
#21=APPROVAL(#20,' ') ;
#20=APPROVAL_STATUS('not_yet_approved') ;
#19=APPROVAL_ROLE('APPROVER') ;
#13=DATE_AND_TIME(#11,#12) ;
#12=LOCAL_TIME(11,6,43.,#10) ;
#10=COORDINATED_UNIVERSAL_TIME_OFFSET(0,0,.AHEAD.) ;
#90=ORIENTED_EDGE('',*,*,#69,.F.) ;
#91=ORIENTED_EDGE('',*,*,#76,.T.) ;
#92=ORIENTED_EDGE('',*,*,#83,.T.) ;
#93=ORIENTED_EDGE('',*,*,#88,.F.) ;
#121=ORIENTED_EDGE('',*,*,#109,.F.) ;
#122=ORIENTED_EDGE('',*,*,#114,.T.) ;
#123=ORIENTED_EDGE('',*,*,#69,.T.) ;
#124=ORIENTED_EDGE('',*,*,#119,.F.) ;
#152=ORIENTED_EDGE('',*,*,#140,.F.) ;
#153=ORIENTED_EDGE('',*,*,#145,.T.) ;
#154=ORIENTED_EDGE('',*,*,#109,.T.) ;
#155=ORIENTED_EDGE('',*,*,#150,.F.) ;
#183=ORIENTED_EDGE('',*,*,#171,.F.) ;
#184=ORIENTED_EDGE('',*,*,#176,.T.) ;
#185=ORIENTED_EDGE('',*,*,#140,.T.) ;
#186=ORIENTED_EDGE('',*,*,#181,.F.) ;
#214=ORIENTED_EDGE('',*,*,#202,.F.) ;
#215=ORIENTED_EDGE('',*,*,#207,.T.) ;
#216=ORIENTED_EDGE('',*,*,#171,.T.) ;
#217=ORIENTED_EDGE('',*,*,#212,.F.) ;
#236=ORIENTED_EDGE('',*,*,#83,.F.) ;
#237=ORIENTED_EDGE('',*,*,#229,.T.) ;
#238=ORIENTED_EDGE('',*,*,#202,.T.) ;
#239=ORIENTED_EDGE('',*,*,#234,.F.) ;
#276=ORIENTED_EDGE('',*,*,#255,.F.) ;
#277=ORIENTED_EDGE('',*,*,#262,.T.) ;
#278=ORIENTED_EDGE('',*,*,#269,.T.) ;
#279=ORIENTED_EDGE('',*,*,#274,.F.) ;
#307=ORIENTED_EDGE('',*,*,#295,.F.) ;
#308=ORIENTED_EDGE('',*,*,#300,.T.) ;
#309=ORIENTED_EDGE('',*,*,#255,.T.) ;
#310=ORIENTED_EDGE('',*,*,#305,.F.) ;
#338=ORIENTED_EDGE('',*,*,#326,.F.) ;
#339=ORIENTED_EDGE('',*,*,#331,.T.) ;
#340=ORIENTED_EDGE('',*,*,#295,.T.) ;
#341=ORIENTED_EDGE('',*,*,#336,.F.) ;
#369=ORIENTED_EDGE('',*,*,#357,.F.) ;
#370=ORIENTED_EDGE('',*,*,#362,.T.) ;
#371=ORIENTED_EDGE('',*,*,#326,.T.) ;
#372=ORIENTED_EDGE('',*,*,#367,.F.) ;
#400=ORIENTED_EDGE('',*,*,#388,.F.) ;
#401=ORIENTED_EDGE('',*,*,#393,.T.) ;
#402=ORIENTED_EDGE('',*,*,#357,.T.) ;
#403=ORIENTED_EDGE('',*,*,#398,.F.) ;
#422=ORIENTED_EDGE('',*,*,#269,.F.) ;
#423=ORIENTED_EDGE('',*,*,#415,.T.) ;
#424=ORIENTED_EDGE('',*,*,#388,.T.) ;
#425=ORIENTED_EDGE('',*,*,#420,.F.) ;
#462=ORIENTED_EDGE('',*,*,#441,.T.) ;
#463=ORIENTED_EDGE('',*,*,#448,.T.) ;
#464=ORIENTED_EDGE('',*,*,#455,.F.) ;
#465=ORIENTED_EDGE('',*,*,#460,.F.) ;
#484=ORIENTED_EDGE('',*,*,#455,.T.) ;
#485=ORIENTED_EDGE('',*,*,#477,.T.) ;
#486=ORIENTED_EDGE('',*,*,#441,.F.) ;
#487=ORIENTED_EDGE('',*,*,#482,.F.) ;
#524=ORIENTED_EDGE('',*,*,#503,.F.) ;
#525=ORIENTED_EDGE('',*,*,#510,.T.) ;
#526=ORIENTED_EDGE('',*,*,#517,.T.) ;
#527=ORIENTED_EDGE('',*,*,#522,.F.) ;
#541=ORIENTED_EDGE('',*,*,#517,.F.) ;
#542=ORIENTED_EDGE('',*,*,#534,.T.) ;
#543=ORIENTED_EDGE('',*,*,#503,.T.) ;
#544=ORIENTED_EDGE('',*,*,#539,.F.) ;
#581=ORIENTED_EDGE('',*,*,#560,.F.) ;
#582=ORIENTED_EDGE('',*,*,#567,.T.) ;
#583=ORIENTED_EDGE('',*,*,#574,.T.) ;
#584=ORIENTED_EDGE('',*,*,#579,.F.) ;
#598=ORIENTED_EDGE('',*,*,#574,.F.) ;
#599=ORIENTED_EDGE('',*,*,#591,.T.) ;
#600=ORIENTED_EDGE('',*,*,#560,.T.) ;
#601=ORIENTED_EDGE('',*,*,#596,.F.) ;
#638=ORIENTED_EDGE('',*,*,#617,.F.) ;
#639=ORIENTED_EDGE('',*,*,#624,.T.) ;
#640=ORIENTED_EDGE('',*,*,#631,.T.) ;
#641=ORIENTED_EDGE('',*,*,#636,.F.) ;
#655=ORIENTED_EDGE('',*,*,#631,.F.) ;
#656=ORIENTED_EDGE('',*,*,#648,.T.) ;
#657=ORIENTED_EDGE('',*,*,#617,.T.) ;
#658=ORIENTED_EDGE('',*,*,#653,.F.) ;
#695=ORIENTED_EDGE('',*,*,#674,.F.) ;
#696=ORIENTED_EDGE('',*,*,#681,.T.) ;
#697=ORIENTED_EDGE('',*,*,#688,.T.) ;
#698=ORIENTED_EDGE('',*,*,#693,.F.) ;
#712=ORIENTED_EDGE('',*,*,#688,.F.) ;
#713=ORIENTED_EDGE('',*,*,#705,.T.) ;
#714=ORIENTED_EDGE('',*,*,#674,.T.) ;
#715=ORIENTED_EDGE('',*,*,#710,.F.) ;
#724=ORIENTED_EDGE('',*,*,#212,.T.) ;
#725=ORIENTED_EDGE('',*,*,#181,.T.) ;
#726=ORIENTED_EDGE('',*,*,#150,.T.) ;
#727=ORIENTED_EDGE('',*,*,#119,.T.) ;
#728=ORIENTED_EDGE('',*,*,#88,.T.) ;
#729=ORIENTED_EDGE('',*,*,#234,.T.) ;
#746=ORIENTED_EDGE('',*,*,#739,.F.) ;
#747=ORIENTED_EDGE('',*,*,#744,.F.) ;
#751=ORIENTED_EDGE('',*,*,#398,.T.) ;
#752=ORIENTED_EDGE('',*,*,#367,.T.) ;
#753=ORIENTED_EDGE('',*,*,#336,.T.) ;
#754=ORIENTED_EDGE('',*,*,#305,.T.) ;
#755=ORIENTED_EDGE('',*,*,#274,.T.) ;
#756=ORIENTED_EDGE('',*,*,#420,.T.) ;
#773=ORIENTED_EDGE('',*,*,#766,.F.) ;
#774=ORIENTED_EDGE('',*,*,#771,.F.) ;
#802=ORIENTED_EDGE('',*,*,#788,.T.) ;
#803=ORIENTED_EDGE('',*,*,#448,.F.) ;
#804=ORIENTED_EDGE('',*,*,#795,.F.) ;
#805=ORIENTED_EDGE('',*,*,#800,.T.) ;
#814=ORIENTED_EDGE('',*,*,#795,.T.) ;
#815=ORIENTED_EDGE('',*,*,#477,.F.) ;
#816=ORIENTED_EDGE('',*,*,#788,.F.) ;
#817=ORIENTED_EDGE('',*,*,#812,.T.) ;
#826=ORIENTED_EDGE('',*,*,#539,.T.) ;
#827=ORIENTED_EDGE('',*,*,#522,.T.) ;
#844=ORIENTED_EDGE('',*,*,#837,.F.) ;
#845=ORIENTED_EDGE('',*,*,#842,.F.) ;
#849=ORIENTED_EDGE('',*,*,#579,.T.) ;
#850=ORIENTED_EDGE('',*,*,#596,.T.) ;
#867=ORIENTED_EDGE('',*,*,#860,.F.) ;
#868=ORIENTED_EDGE('',*,*,#865,.F.) ;
#872=ORIENTED_EDGE('',*,*,#653,.T.) ;
#873=ORIENTED_EDGE('',*,*,#636,.T.) ;
#890=ORIENTED_EDGE('',*,*,#883,.F.) ;
#891=ORIENTED_EDGE('',*,*,#888,.F.) ;
#895=ORIENTED_EDGE('',*,*,#693,.T.) ;
#896=ORIENTED_EDGE('',*,*,#710,.T.) ;
#913=ORIENTED_EDGE('',*,*,#906,.F.) ;
#914=ORIENTED_EDGE('',*,*,#911,.F.) ;
#965=ORIENTED_EDGE('',*,*,#930,.T.) ;
#966=ORIENTED_EDGE('',*,*,#937,.T.) ;
#967=ORIENTED_EDGE('',*,*,#944,.T.) ;
#968=ORIENTED_EDGE('',*,*,#951,.T.) ;
#969=ORIENTED_EDGE('',*,*,#958,.T.) ;
#970=ORIENTED_EDGE('',*,*,#963,.T.) ;
#987=ORIENTED_EDGE('',*,*,#980,.F.) ;
#988=ORIENTED_EDGE('',*,*,#985,.F.) ;
#1034=ORIENTED_EDGE('',*,*,#1022,.F.) ;
#1035=ORIENTED_EDGE('',*,*,#1027,.F.) ;
#1036=ORIENTED_EDGE('',*,*,#739,.T.) ;
#1037=ORIENTED_EDGE('',*,*,#1032,.T.) ;
#1064=ORIENTED_EDGE('',*,*,#1062,.F.) ;
#1065=ORIENTED_EDGE('',*,*,#1032,.F.) ;
#1066=ORIENTED_EDGE('',*,*,#744,.T.) ;
#1067=ORIENTED_EDGE('',*,*,#1027,.T.) ;
#1095=ORIENTED_EDGE('',*,*,#1081,.T.) ;
#1096=ORIENTED_EDGE('',*,*,#1088,.T.) ;
#1097=ORIENTED_EDGE('',*,*,#1093,.F.) ;
#1098=ORIENTED_EDGE('',*,*,#800,.F.) ;
#1112=ORIENTED_EDGE('',*,*,#1093,.T.) ;
#1113=ORIENTED_EDGE('',*,*,#1110,.T.) ;
#1114=ORIENTED_EDGE('',*,*,#1081,.F.) ;
#1115=ORIENTED_EDGE('',*,*,#812,.F.) ;
#1143=ORIENTED_EDGE('',*,*,#837,.T.) ;
#1144=ORIENTED_EDGE('',*,*,#1129,.T.) ;
#1145=ORIENTED_EDGE('',*,*,#1136,.F.) ;
#1146=ORIENTED_EDGE('',*,*,#1141,.F.) ;
#1155=ORIENTED_EDGE('',*,*,#842,.T.) ;
#1156=ORIENTED_EDGE('',*,*,#1141,.T.) ;
#1157=ORIENTED_EDGE('',*,*,#1153,.F.) ;
#1158=ORIENTED_EDGE('',*,*,#1129,.F.) ;
#1186=ORIENTED_EDGE('',*,*,#860,.T.) ;
#1187=ORIENTED_EDGE('',*,*,#1172,.T.) ;
#1188=ORIENTED_EDGE('',*,*,#1179,.F.) ;
#1189=ORIENTED_EDGE('',*,*,#1184,.F.) ;
#1198=ORIENTED_EDGE('',*,*,#865,.T.) ;
#1199=ORIENTED_EDGE('',*,*,#1184,.T.) ;
#1200=ORIENTED_EDGE('',*,*,#1196,.F.) ;
#1201=ORIENTED_EDGE('',*,*,#1172,.F.) ;
#1229=ORIENTED_EDGE('',*,*,#883,.T.) ;
#1230=ORIENTED_EDGE('',*,*,#1215,.T.) ;
#1231=ORIENTED_EDGE('',*,*,#1222,.F.) ;
#1232=ORIENTED_EDGE('',*,*,#1227,.F.) ;
#1241=ORIENTED_EDGE('',*,*,#888,.T.) ;
#1242=ORIENTED_EDGE('',*,*,#1227,.T.) ;
#1243=ORIENTED_EDGE('',*,*,#1239,.F.) ;
#1244=ORIENTED_EDGE('',*,*,#1215,.F.) ;
#1272=ORIENTED_EDGE('',*,*,#906,.T.) ;
#1273=ORIENTED_EDGE('',*,*,#1258,.T.) ;
#1274=ORIENTED_EDGE('',*,*,#1265,.F.) ;
#1275=ORIENTED_EDGE('',*,*,#1270,.F.) ;
#1284=ORIENTED_EDGE('',*,*,#911,.T.) ;
#1285=ORIENTED_EDGE('',*,*,#1270,.T.) ;
#1286=ORIENTED_EDGE('',*,*,#1282,.F.) ;
#1287=ORIENTED_EDGE('',*,*,#1258,.F.) ;
#1296=ORIENTED_EDGE('',*,*,#1110,.F.) ;
#1297=ORIENTED_EDGE('',*,*,#1088,.F.) ;
#1300=ORIENTED_EDGE('',*,*,#1153,.T.) ;
#1301=ORIENTED_EDGE('',*,*,#1136,.T.) ;
#1304=ORIENTED_EDGE('',*,*,#1239,.T.) ;
#1305=ORIENTED_EDGE('',*,*,#1222,.T.) ;
#1308=ORIENTED_EDGE('',*,*,#1196,.T.) ;
#1309=ORIENTED_EDGE('',*,*,#1179,.T.) ;
#1312=ORIENTED_EDGE('',*,*,#1282,.T.) ;
#1313=ORIENTED_EDGE('',*,*,#1265,.T.) ;
#1336=ORIENTED_EDGE('',*,*,#1329,.T.) ;
#1337=ORIENTED_EDGE('',*,*,#1334,.T.) ;
#1402=ORIENTED_EDGE('',*,*,#1371,.F.) ;
#1403=ORIENTED_EDGE('',*,*,#1390,.F.) ;
#1404=ORIENTED_EDGE('',*,*,#1395,.F.) ;
#1405=ORIENTED_EDGE('',*,*,#985,.T.) ;
#1406=ORIENTED_EDGE('',*,*,#1400,.T.) ;
#1476=ORIENTED_EDGE('',*,*,#1426,.F.) ;
#1477=ORIENTED_EDGE('',*,*,#1432,.T.) ;
#1478=ORIENTED_EDGE('',*,*,#1442,.T.) ;
#1479=ORIENTED_EDGE('',*,*,#1452,.F.) ;
#1480=ORIENTED_EDGE('',*,*,#1469,.T.) ;
#1481=ORIENTED_EDGE('',*,*,#1334,.F.) ;
#1482=ORIENTED_EDGE('',*,*,#1474,.F.) ;
#1531=ORIENTED_EDGE('',*,*,#1506,.F.) ;
#1532=ORIENTED_EDGE('',*,*,#1529,.T.) ;
#1533=ORIENTED_EDGE('',*,*,#1400,.F.) ;
#1534=ORIENTED_EDGE('',*,*,#980,.T.) ;
#1535=ORIENTED_EDGE('',*,*,#1395,.T.) ;
#1598=ORIENTED_EDGE('',*,*,#1545,.F.) ;
#1599=ORIENTED_EDGE('',*,*,#1559,.F.) ;
#1600=ORIENTED_EDGE('',*,*,#1474,.T.) ;
#1601=ORIENTED_EDGE('',*,*,#1329,.F.) ;
#1602=ORIENTED_EDGE('',*,*,#1578,.F.) ;
#1603=ORIENTED_EDGE('',*,*,#1588,.T.) ;
#1604=ORIENTED_EDGE('',*,*,#1596,.T.) ;
#1642=ORIENTED_EDGE('',*,*,#1630,.T.) ;
#1643=ORIENTED_EDGE('',*,*,#1635,.F.) ;
#1644=ORIENTED_EDGE('',*,*,#771,.T.) ;
#1645=ORIENTED_EDGE('',*,*,#1640,.T.) ;
#1646=ORIENTED_EDGE('',*,*,#1469,.F.) ;
#1647=ORIENTED_EDGE('',*,*,#1452,.T.) ;
#1668=ORIENTED_EDGE('',*,*,#1666,.F.) ;
#1669=ORIENTED_EDGE('',*,*,#1588,.F.) ;
#1670=ORIENTED_EDGE('',*,*,#1578,.T.) ;
#1671=ORIENTED_EDGE('',*,*,#1640,.F.) ;
#1672=ORIENTED_EDGE('',*,*,#766,.T.) ;
#1673=ORIENTED_EDGE('',*,*,#1635,.T.) ;
#1695=ORIENTED_EDGE('',*,*,#1596,.F.) ;
#1696=ORIENTED_EDGE('',*,*,#1666,.T.) ;
#1697=ORIENTED_EDGE('',*,*,#1688,.F.) ;
#1698=ORIENTED_EDGE('',*,*,#1022,.T.) ;
#1699=ORIENTED_EDGE('',*,*,#1693,.T.) ;
#1700=ORIENTED_EDGE('',*,*,#1529,.F.) ;
#1712=ORIENTED_EDGE('',*,*,#1693,.F.) ;
#1713=ORIENTED_EDGE('',*,*,#1062,.T.) ;
#1714=ORIENTED_EDGE('',*,*,#1688,.T.) ;
#1715=ORIENTED_EDGE('',*,*,#1630,.F.) ;
#1716=ORIENTED_EDGE('',*,*,#1442,.F.) ;
#1717=ORIENTED_EDGE('',*,*,#1371,.T.) ;
#1740=ORIENTED_EDGE('',*,*,#1732,.T.) ;
#1741=ORIENTED_EDGE('',*,*,#1738,.T.) ;
#1742=ORIENTED_EDGE('',*,*,#1426,.T.) ;
#1743=ORIENTED_EDGE('',*,*,#1559,.T.) ;
#1760=ORIENTED_EDGE('',*,*,#1758,.T.) ;
#1761=ORIENTED_EDGE('',*,*,#1732,.F.) ;
#1762=ORIENTED_EDGE('',*,*,#1545,.T.) ;
#1763=ORIENTED_EDGE('',*,*,#1506,.T.) ;
#1775=ORIENTED_EDGE('',*,*,#1738,.F.) ;
#1776=ORIENTED_EDGE('',*,*,#1758,.F.) ;
#1777=ORIENTED_EDGE('',*,*,#1390,.T.) ;
#1778=ORIENTED_EDGE('',*,*,#1432,.F.) ;
#1815=ORIENTED_EDGE('',*,*,#1794,.F.) ;
#1816=ORIENTED_EDGE('',*,*,#1801,.T.) ;
#1817=ORIENTED_EDGE('',*,*,#1808,.T.) ;
#1818=ORIENTED_EDGE('',*,*,#1813,.T.) ;
#1858=ORIENTED_EDGE('',*,*,#1838,.T.) ;
#1859=ORIENTED_EDGE('',*,*,#1813,.F.) ;
#1860=ORIENTED_EDGE('',*,*,#1851,.T.) ;
#1861=ORIENTED_EDGE('',*,*,#1856,.T.) ;
#1898=ORIENTED_EDGE('',*,*,#1877,.F.) ;
#1899=ORIENTED_EDGE('',*,*,#1884,.F.) ;
#1900=ORIENTED_EDGE('',*,*,#1891,.F.) ;
#1901=ORIENTED_EDGE('',*,*,#1896,.T.) ;
#1929=ORIENTED_EDGE('',*,*,#1917,.T.) ;
#1930=ORIENTED_EDGE('',*,*,#1922,.T.) ;
#1931=ORIENTED_EDGE('',*,*,#1856,.F.) ;
#1932=ORIENTED_EDGE('',*,*,#1927,.F.) ;
#1963=ORIENTED_EDGE('',*,*,#1950,.T.) ;
#1964=ORIENTED_EDGE('',*,*,#1917,.F.) ;
#1965=ORIENTED_EDGE('',*,*,#1961,.T.) ;
#1966=ORIENTED_EDGE('',*,*,#1877,.T.) ;
#1994=ORIENTED_EDGE('',*,*,#1980,.T.) ;
#1995=ORIENTED_EDGE('',*,*,#937,.F.) ;
#1996=ORIENTED_EDGE('',*,*,#1987,.F.) ;
#1997=ORIENTED_EDGE('',*,*,#1992,.T.) ;
#2018=ORIENTED_EDGE('',*,*,#1987,.T.) ;
#2019=ORIENTED_EDGE('',*,*,#930,.F.) ;
#2020=ORIENTED_EDGE('',*,*,#2011,.F.) ;
#2021=ORIENTED_EDGE('',*,*,#2016,.T.) ;
#2042=ORIENTED_EDGE('',*,*,#2011,.T.) ;
#2043=ORIENTED_EDGE('',*,*,#963,.F.) ;
#2044=ORIENTED_EDGE('',*,*,#2035,.F.) ;
#2045=ORIENTED_EDGE('',*,*,#2040,.T.) ;
#2066=ORIENTED_EDGE('',*,*,#2035,.T.) ;
#2067=ORIENTED_EDGE('',*,*,#958,.F.) ;
#2068=ORIENTED_EDGE('',*,*,#2059,.F.) ;
#2069=ORIENTED_EDGE('',*,*,#2064,.T.) ;
#2090=ORIENTED_EDGE('',*,*,#2059,.T.) ;
#2091=ORIENTED_EDGE('',*,*,#951,.F.) ;
#2092=ORIENTED_EDGE('',*,*,#2083,.F.) ;
#2093=ORIENTED_EDGE('',*,*,#2088,.T.) ;
#2107=ORIENTED_EDGE('',*,*,#2083,.T.) ;
#2108=ORIENTED_EDGE('',*,*,#944,.F.) ;
#2109=ORIENTED_EDGE('',*,*,#1980,.F.) ;
#2110=ORIENTED_EDGE('',*,*,#2105,.T.) ;
#2156=ORIENTED_EDGE('',*,*,#2126,.T.) ;
#2157=ORIENTED_EDGE('',*,*,#2133,.T.) ;
#2158=ORIENTED_EDGE('',*,*,#2140,.F.) ;
#2159=ORIENTED_EDGE('',*,*,#2154,.T.) ;
#2187=ORIENTED_EDGE('',*,*,#2173,.T.) ;
#2188=ORIENTED_EDGE('',*,*,#2180,.F.) ;
#2189=ORIENTED_EDGE('',*,*,#2185,.F.) ;
#2190=ORIENTED_EDGE('',*,*,#2126,.F.) ;
#2230=ORIENTED_EDGE('',*,*,#2206,.F.) ;
#2231=ORIENTED_EDGE('',*,*,#2211,.T.) ;
#2232=ORIENTED_EDGE('',*,*,#2180,.T.) ;
#2233=ORIENTED_EDGE('',*,*,#2228,.T.) ;
#2390=ORIENTED_EDGE('',*,*,#2354,.T.) ;
#2391=ORIENTED_EDGE('',*,*,#2382,.T.) ;
#2392=ORIENTED_EDGE('',*,*,#2388,.F.) ;
#2393=ORIENTED_EDGE('',*,*,#2154,.F.) ;
#2414=ORIENTED_EDGE('',*,*,#2388,.T.) ;
#2415=ORIENTED_EDGE('',*,*,#2407,.T.) ;
#2416=ORIENTED_EDGE('',*,*,#2412,.F.) ;
#2417=ORIENTED_EDGE('',*,*,#2173,.F.) ;
#2566=ORIENTED_EDGE('',*,*,#2412,.T.) ;
#2567=ORIENTED_EDGE('',*,*,#2556,.T.) ;
#2568=ORIENTED_EDGE('',*,*,#2564,.F.) ;
#2569=ORIENTED_EDGE('',*,*,#2228,.F.) ;
#2597=ORIENTED_EDGE('',*,*,#2583,.T.) ;
#2598=ORIENTED_EDGE('',*,*,#2354,.F.) ;
#2599=ORIENTED_EDGE('',*,*,#2590,.F.) ;
#2600=ORIENTED_EDGE('',*,*,#2595,.T.) ;
#2621=ORIENTED_EDGE('',*,*,#2614,.T.) ;
#2622=ORIENTED_EDGE('',*,*,#2619,.F.) ;
#2623=ORIENTED_EDGE('',*,*,#2595,.F.) ;
#2651=ORIENTED_EDGE('',*,*,#2619,.T.) ;
#2652=ORIENTED_EDGE('',*,*,#2637,.T.) ;
#2653=ORIENTED_EDGE('',*,*,#2644,.F.) ;
#2654=ORIENTED_EDGE('',*,*,#2649,.F.) ;
#2704=ORIENTED_EDGE('',*,*,#2670,.T.) ;
#2705=ORIENTED_EDGE('',*,*,#2677,.T.) ;
#2706=ORIENTED_EDGE('',*,*,#2684,.T.) ;
#2707=ORIENTED_EDGE('',*,*,#2697,.T.) ;
#2708=ORIENTED_EDGE('',*,*,#2702,.T.) ;
#2736=ORIENTED_EDGE('',*,*,#2724,.F.) ;
#2737=ORIENTED_EDGE('',*,*,#2729,.F.) ;
#2738=ORIENTED_EDGE('',*,*,#2637,.F.) ;
#2739=ORIENTED_EDGE('',*,*,#2734,.F.) ;
#2783=ORIENTED_EDGE('',*,*,#2760,.T.) ;
#2784=ORIENTED_EDGE('',*,*,#2697,.F.) ;
#2785=ORIENTED_EDGE('',*,*,#2767,.F.) ;
#2786=ORIENTED_EDGE('',*,*,#2781,.F.) ;
#2787=ORIENTED_EDGE('',*,*,#2729,.T.) ;
#2810=ORIENTED_EDGE('',*,*,#2734,.T.) ;
#2811=ORIENTED_EDGE('',*,*,#2614,.F.) ;
#2812=ORIENTED_EDGE('',*,*,#2801,.F.) ;
#2813=ORIENTED_EDGE('',*,*,#2808,.F.) ;
#2880=ORIENTED_EDGE('',*,*,#2861,.F.) ;
#2881=ORIENTED_EDGE('',*,*,#2808,.T.) ;
#2882=ORIENTED_EDGE('',*,*,#2878,.F.) ;
#2898=ORIENTED_EDGE('',*,*,#2702,.F.) ;
#2899=ORIENTED_EDGE('',*,*,#2760,.F.) ;
#2900=ORIENTED_EDGE('',*,*,#2724,.T.) ;
#2901=ORIENTED_EDGE('',*,*,#2861,.T.) ;
#2902=ORIENTED_EDGE('',*,*,#2896,.F.) ;
#3045=ORIENTED_EDGE('',*,*,#3026,.F.) ;
#3046=ORIENTED_EDGE('',*,*,#2644,.T.) ;
#3047=ORIENTED_EDGE('',*,*,#2781,.T.) ;
#3048=ORIENTED_EDGE('',*,*,#3043,.T.) ;
#3076=ORIENTED_EDGE('',*,*,#3062,.F.) ;
#3077=ORIENTED_EDGE('',*,*,#2564,.T.) ;
#3078=ORIENTED_EDGE('',*,*,#3069,.T.) ;
#3079=ORIENTED_EDGE('',*,*,#3074,.T.) ;
#3116=ORIENTED_EDGE('',*,*,#3069,.F.) ;
#3117=ORIENTED_EDGE('',*,*,#2556,.F.) ;
#3118=ORIENTED_EDGE('',*,*,#2407,.F.) ;
#3119=ORIENTED_EDGE('',*,*,#2382,.F.) ;
#3120=ORIENTED_EDGE('',*,*,#2583,.F.) ;
#3121=ORIENTED_EDGE('',*,*,#2649,.T.) ;
#3122=ORIENTED_EDGE('',*,*,#3026,.T.) ;
#3123=ORIENTED_EDGE('',*,*,#3093,.F.) ;
#3124=ORIENTED_EDGE('',*,*,#3109,.T.) ;
#3125=ORIENTED_EDGE('',*,*,#3114,.T.) ;
#3153=ORIENTED_EDGE('',*,*,#3139,.T.) ;
#3154=ORIENTED_EDGE('',*,*,#3146,.T.) ;
#3155=ORIENTED_EDGE('',*,*,#3151,.F.) ;
#3156=ORIENTED_EDGE('',*,*,#3114,.F.) ;
#3170=ORIENTED_EDGE('',*,*,#3151,.T.) ;
#3171=ORIENTED_EDGE('',*,*,#3168,.F.) ;
#3172=ORIENTED_EDGE('',*,*,#3074,.F.) ;
#3333=ORIENTED_EDGE('',*,*,#3308,.T.) ;
#3334=ORIENTED_EDGE('',*,*,#3139,.F.) ;
#3335=ORIENTED_EDGE('',*,*,#3109,.F.) ;
#3336=ORIENTED_EDGE('',*,*,#3331,.T.) ;
#3381=ORIENTED_EDGE('',*,*,#3353,.T.) ;
#3382=ORIENTED_EDGE('',*,*,#3360,.F.) ;
#3383=ORIENTED_EDGE('',*,*,#3367,.T.) ;
#3384=ORIENTED_EDGE('',*,*,#3374,.T.) ;
#3385=ORIENTED_EDGE('',*,*,#3379,.F.) ;
#3413=ORIENTED_EDGE('',*,*,#3401,.T.) ;
#3414=ORIENTED_EDGE('',*,*,#3406,.F.) ;
#3415=ORIENTED_EDGE('',*,*,#3146,.F.) ;
#3416=ORIENTED_EDGE('',*,*,#3411,.T.) ;
#3444=ORIENTED_EDGE('',*,*,#3437,.T.) ;
#3445=ORIENTED_EDGE('',*,*,#3411,.F.) ;
#3446=ORIENTED_EDGE('',*,*,#3308,.F.) ;
#3447=ORIENTED_EDGE('',*,*,#3442,.T.) ;
#3448=ORIENTED_EDGE('',*,*,#3353,.F.) ;
#3471=ORIENTED_EDGE('',*,*,#3462,.F.) ;
#3472=ORIENTED_EDGE('',*,*,#3168,.T.) ;
#3473=ORIENTED_EDGE('',*,*,#3406,.T.) ;
#3474=ORIENTED_EDGE('',*,*,#3469,.T.) ;
#3541=ORIENTED_EDGE('',*,*,#3532,.F.) ;
#3542=ORIENTED_EDGE('',*,*,#3469,.F.) ;
#3543=ORIENTED_EDGE('',*,*,#3539,.F.) ;
#3558=ORIENTED_EDGE('',*,*,#3539,.T.) ;
#3559=ORIENTED_EDGE('',*,*,#3401,.F.) ;
#3560=ORIENTED_EDGE('',*,*,#3437,.F.) ;
#3561=ORIENTED_EDGE('',*,*,#3379,.T.) ;
#3562=ORIENTED_EDGE('',*,*,#3556,.F.) ;
#3612=ORIENTED_EDGE('',*,*,#3578,.T.) ;
#3613=ORIENTED_EDGE('',*,*,#3585,.T.) ;
#3614=ORIENTED_EDGE('',*,*,#3592,.F.) ;
#3615=ORIENTED_EDGE('',*,*,#3599,.T.) ;
#3616=ORIENTED_EDGE('',*,*,#3610,.T.) ;
#3648=ORIENTED_EDGE('',*,*,#3627,.F.) ;
#3649=ORIENTED_EDGE('',*,*,#3634,.T.) ;
#3650=ORIENTED_EDGE('',*,*,#3641,.T.) ;
#3651=ORIENTED_EDGE('',*,*,#3646,.T.) ;
#3695=ORIENTED_EDGE('',*,*,#3672,.T.) ;
#3696=ORIENTED_EDGE('',*,*,#3610,.F.) ;
#3697=ORIENTED_EDGE('',*,*,#3679,.T.) ;
#3698=ORIENTED_EDGE('',*,*,#3693,.T.) ;
#3699=ORIENTED_EDGE('',*,*,#3634,.F.) ;
#3779=ORIENTED_EDGE('',*,*,#3759,.F.) ;
#3780=ORIENTED_EDGE('',*,*,#3766,.F.) ;
#3781=ORIENTED_EDGE('',*,*,#3777,.T.) ;
#3796=ORIENTED_EDGE('',*,*,#3578,.F.) ;
#3797=ORIENTED_EDGE('',*,*,#3672,.F.) ;
#3798=ORIENTED_EDGE('',*,*,#3627,.T.) ;
#3799=ORIENTED_EDGE('',*,*,#3766,.T.) ;
#3800=ORIENTED_EDGE('',*,*,#3794,.F.) ;
#3952=ORIENTED_EDGE('',*,*,#3930,.T.) ;
#3953=ORIENTED_EDGE('',*,*,#3943,.T.) ;
#3954=ORIENTED_EDGE('',*,*,#3950,.F.) ;
#3955=ORIENTED_EDGE('',*,*,#3693,.F.) ;
#3964=ORIENTED_EDGE('',*,*,#460,.T.) ;
#3965=ORIENTED_EDGE('',*,*,#482,.T.) ;
#4037=ORIENTED_EDGE('',*,*,#3999,.F.) ;
#4038=ORIENTED_EDGE('',*,*,#4004,.T.) ;
#4039=ORIENTED_EDGE('',*,*,#3930,.F.) ;
#4040=ORIENTED_EDGE('',*,*,#3679,.F.) ;
#4041=ORIENTED_EDGE('',*,*,#3599,.F.) ;
#4042=ORIENTED_EDGE('',*,*,#3592,.T.) ;
#4043=ORIENTED_EDGE('',*,*,#4009,.F.) ;
#4044=ORIENTED_EDGE('',*,*,#3367,.F.) ;
#4045=ORIENTED_EDGE('',*,*,#3360,.T.) ;
#4046=ORIENTED_EDGE('',*,*,#3442,.F.) ;
#4047=ORIENTED_EDGE('',*,*,#3331,.F.) ;
#4048=ORIENTED_EDGE('',*,*,#3093,.T.) ;
#4049=ORIENTED_EDGE('',*,*,#3043,.F.) ;
#4050=ORIENTED_EDGE('',*,*,#2767,.T.) ;
#4051=ORIENTED_EDGE('',*,*,#2684,.F.) ;
#4052=ORIENTED_EDGE('',*,*,#2677,.F.) ;
#4053=ORIENTED_EDGE('',*,*,#4016,.F.) ;
#4054=ORIENTED_EDGE('',*,*,#4023,.T.) ;
#4055=ORIENTED_EDGE('',*,*,#4030,.T.) ;
#4056=ORIENTED_EDGE('',*,*,#4035,.T.) ;
#4059=ORIENTED_EDGE('',*,*,#510,.F.) ;
#4060=ORIENTED_EDGE('',*,*,#534,.F.) ;
#4063=ORIENTED_EDGE('',*,*,#567,.F.) ;
#4064=ORIENTED_EDGE('',*,*,#591,.F.) ;
#4067=ORIENTED_EDGE('',*,*,#624,.F.) ;
#4068=ORIENTED_EDGE('',*,*,#648,.F.) ;
#4071=ORIENTED_EDGE('',*,*,#681,.F.) ;
#4072=ORIENTED_EDGE('',*,*,#705,.F.) ;
#4227=ORIENTED_EDGE('',*,*,#3999,.T.) ;
#4228=ORIENTED_EDGE('',*,*,#4205,.T.) ;
#4229=ORIENTED_EDGE('',*,*,#4214,.F.) ;
#4230=ORIENTED_EDGE('',*,*,#4225,.F.) ;
#4264=ORIENTED_EDGE('',*,*,#4246,.F.) ;
#4265=ORIENTED_EDGE('',*,*,#4257,.T.) ;
#4266=ORIENTED_EDGE('',*,*,#4030,.F.) ;
#4267=ORIENTED_EDGE('',*,*,#4023,.F.) ;
#4268=ORIENTED_EDGE('',*,*,#4262,.F.) ;
#4298=ORIENTED_EDGE('',*,*,#4279,.T.) ;
#4299=ORIENTED_EDGE('',*,*,#4286,.F.) ;
#4300=ORIENTED_EDGE('',*,*,#4291,.F.) ;
#4301=ORIENTED_EDGE('',*,*,#4296,.F.) ;
#4324=ORIENTED_EDGE('',*,*,#4322,.T.) ;
#4325=ORIENTED_EDGE('',*,*,#4296,.T.) ;
#4326=ORIENTED_EDGE('',*,*,#4205,.F.) ;
#4327=ORIENTED_EDGE('',*,*,#4035,.F.) ;
#4328=ORIENTED_EDGE('',*,*,#4257,.F.) ;
#4408=ORIENTED_EDGE('',*,*,#4380,.F.) ;
#4409=ORIENTED_EDGE('',*,*,#4389,.F.) ;
#4410=ORIENTED_EDGE('',*,*,#4406,.F.) ;
#4426=ORIENTED_EDGE('',*,*,#4389,.T.) ;
#4427=ORIENTED_EDGE('',*,*,#4279,.F.) ;
#4428=ORIENTED_EDGE('',*,*,#4322,.F.) ;
#4429=ORIENTED_EDGE('',*,*,#4246,.T.) ;
#4430=ORIENTED_EDGE('',*,*,#4424,.F.) ;
#4467=ORIENTED_EDGE('',*,*,#4446,.F.) ;
#4468=ORIENTED_EDGE('',*,*,#4453,.F.) ;
#4469=ORIENTED_EDGE('',*,*,#4460,.F.) ;
#4470=ORIENTED_EDGE('',*,*,#4465,.F.) ;
#4473=ORIENTED_EDGE('',*,*,#1992,.F.) ;
#4474=ORIENTED_EDGE('',*,*,#2016,.F.) ;
#4475=ORIENTED_EDGE('',*,*,#2040,.F.) ;
#4476=ORIENTED_EDGE('',*,*,#2064,.F.) ;
#4477=ORIENTED_EDGE('',*,*,#2088,.F.) ;
#4478=ORIENTED_EDGE('',*,*,#2105,.F.) ;
#4518=ORIENTED_EDGE('',*,*,#4465,.T.) ;
#4519=ORIENTED_EDGE('',*,*,#4492,.T.) ;
#4520=ORIENTED_EDGE('',*,*,#4499,.F.) ;
#4521=ORIENTED_EDGE('',*,*,#4516,.F.) ;
#4542=ORIENTED_EDGE('',*,*,#3641,.F.) ;
#4543=ORIENTED_EDGE('',*,*,#3950,.T.) ;
#4544=ORIENTED_EDGE('',*,*,#4535,.T.) ;
#4545=ORIENTED_EDGE('',*,*,#4540,.T.) ;
#4566=ORIENTED_EDGE('',*,*,#4559,.T.) ;
#4567=ORIENTED_EDGE('',*,*,#3777,.F.) ;
#4568=ORIENTED_EDGE('',*,*,#3646,.F.) ;
#4569=ORIENTED_EDGE('',*,*,#4564,.F.) ;
#4609=ORIENTED_EDGE('',*,*,#4585,.F.) ;
#4610=ORIENTED_EDGE('',*,*,#4590,.T.) ;
#4611=ORIENTED_EDGE('',*,*,#4453,.T.) ;
#4612=ORIENTED_EDGE('',*,*,#4607,.F.) ;
#4703=ORIENTED_EDGE('',*,*,#4628,.T.) ;
#4704=ORIENTED_EDGE('',*,*,#4656,.T.) ;
#4705=ORIENTED_EDGE('',*,*,#4663,.T.) ;
#4706=ORIENTED_EDGE('',*,*,#4691,.T.) ;
#4707=ORIENTED_EDGE('',*,*,#4696,.T.) ;
#4708=ORIENTED_EDGE('',*,*,#4535,.F.) ;
#4709=ORIENTED_EDGE('',*,*,#3943,.F.) ;
#4710=ORIENTED_EDGE('',*,*,#4004,.F.) ;
#4711=ORIENTED_EDGE('',*,*,#4225,.T.) ;
#4712=ORIENTED_EDGE('',*,*,#4701,.T.) ;
#4726=ORIENTED_EDGE('',*,*,#4701,.F.) ;
#4727=ORIENTED_EDGE('',*,*,#4214,.T.) ;
#4728=ORIENTED_EDGE('',*,*,#4291,.T.) ;
#4729=ORIENTED_EDGE('',*,*,#4724,.T.) ;
#4750=ORIENTED_EDGE('',*,*,#4286,.T.) ;
#4751=ORIENTED_EDGE('',*,*,#4380,.T.) ;
#4752=ORIENTED_EDGE('',*,*,#4743,.F.) ;
#4753=ORIENTED_EDGE('',*,*,#4748,.F.) ;
#4767=ORIENTED_EDGE('',*,*,#4748,.T.) ;
#4768=ORIENTED_EDGE('',*,*,#4765,.F.) ;
#4769=ORIENTED_EDGE('',*,*,#4724,.F.) ;
#4788=ORIENTED_EDGE('',*,*,#4765,.T.) ;
#4789=ORIENTED_EDGE('',*,*,#4781,.T.) ;
#4790=ORIENTED_EDGE('',*,*,#4786,.F.) ;
#4791=ORIENTED_EDGE('',*,*,#4628,.F.) ;
#4910=ORIENTED_EDGE('',*,*,#4786,.T.) ;
#4911=ORIENTED_EDGE('',*,*,#4607,.T.) ;
#4912=ORIENTED_EDGE('',*,*,#4908,.F.) ;
#4913=ORIENTED_EDGE('',*,*,#4656,.F.) ;
#4927=ORIENTED_EDGE('',*,*,#4908,.T.) ;
#4928=ORIENTED_EDGE('',*,*,#4446,.T.) ;
#4929=ORIENTED_EDGE('',*,*,#4925,.F.) ;
#4930=ORIENTED_EDGE('',*,*,#4663,.F.) ;
#5051=ORIENTED_EDGE('',*,*,#4925,.T.) ;
#5052=ORIENTED_EDGE('',*,*,#4516,.T.) ;
#5053=ORIENTED_EDGE('',*,*,#5049,.F.) ;
#5054=ORIENTED_EDGE('',*,*,#4691,.F.) ;
#5073=ORIENTED_EDGE('',*,*,#5049,.T.) ;
#5074=ORIENTED_EDGE('',*,*,#5066,.T.) ;
#5075=ORIENTED_EDGE('',*,*,#5071,.F.) ;
#5076=ORIENTED_EDGE('',*,*,#4696,.F.) ;
#5085=ORIENTED_EDGE('',*,*,#5071,.T.) ;
#5086=ORIENTED_EDGE('',*,*,#4564,.T.) ;
#5087=ORIENTED_EDGE('',*,*,#4540,.F.) ;
#5129=ORIENTED_EDGE('',*,*,#5103,.F.) ;
#5130=ORIENTED_EDGE('',*,*,#5108,.T.) ;
#5131=ORIENTED_EDGE('',*,*,#1794,.T.) ;
#5132=ORIENTED_EDGE('',*,*,#1838,.F.) ;
#5133=ORIENTED_EDGE('',*,*,#1922,.F.) ;
#5134=ORIENTED_EDGE('',*,*,#1950,.F.) ;
#5135=ORIENTED_EDGE('',*,*,#1896,.F.) ;
#5136=ORIENTED_EDGE('',*,*,#5115,.T.) ;
#5137=ORIENTED_EDGE('',*,*,#5122,.T.) ;
#5138=ORIENTED_EDGE('',*,*,#5127,.F.) ;
#5171=ORIENTED_EDGE('',*,*,#5127,.T.) ;
#5172=ORIENTED_EDGE('',*,*,#5152,.F.) ;
#5173=ORIENTED_EDGE('',*,*,#5157,.T.) ;
#5174=ORIENTED_EDGE('',*,*,#2133,.F.) ;
#5175=ORIENTED_EDGE('',*,*,#2185,.T.) ;
#5176=ORIENTED_EDGE('',*,*,#2211,.F.) ;
#5177=ORIENTED_EDGE('',*,*,#5164,.T.) ;
#5178=ORIENTED_EDGE('',*,*,#5169,.F.) ;
#5181=ORIENTED_EDGE('',*,*,#262,.F.) ;
#5182=ORIENTED_EDGE('',*,*,#300,.F.) ;
#5183=ORIENTED_EDGE('',*,*,#331,.F.) ;
#5184=ORIENTED_EDGE('',*,*,#362,.F.) ;
#5185=ORIENTED_EDGE('',*,*,#393,.F.) ;
#5186=ORIENTED_EDGE('',*,*,#415,.F.) ;
#5223=ORIENTED_EDGE('',*,*,#5195,.T.) ;
#5224=ORIENTED_EDGE('',*,*,#4492,.F.) ;
#5225=ORIENTED_EDGE('',*,*,#4460,.T.) ;
#5226=ORIENTED_EDGE('',*,*,#4590,.F.) ;
#5227=ORIENTED_EDGE('',*,*,#5202,.T.) ;
#5228=ORIENTED_EDGE('',*,*,#5209,.F.) ;
#5229=ORIENTED_EDGE('',*,*,#5216,.T.) ;
#5230=ORIENTED_EDGE('',*,*,#5221,.F.) ;
#5233=ORIENTED_EDGE('',*,*,#76,.F.) ;
#5234=ORIENTED_EDGE('',*,*,#114,.F.) ;
#5235=ORIENTED_EDGE('',*,*,#145,.F.) ;
#5236=ORIENTED_EDGE('',*,*,#176,.F.) ;
#5237=ORIENTED_EDGE('',*,*,#207,.F.) ;
#5238=ORIENTED_EDGE('',*,*,#229,.F.) ;
#5271=ORIENTED_EDGE('',*,*,#5252,.T.) ;
#5272=ORIENTED_EDGE('',*,*,#5216,.F.) ;
#5273=ORIENTED_EDGE('',*,*,#5259,.F.) ;
#5274=ORIENTED_EDGE('',*,*,#5264,.T.) ;
#5275=ORIENTED_EDGE('',*,*,#1884,.T.) ;
#5276=ORIENTED_EDGE('',*,*,#1961,.F.) ;
#5277=ORIENTED_EDGE('',*,*,#1927,.T.) ;
#5278=ORIENTED_EDGE('',*,*,#1851,.F.) ;
#5279=ORIENTED_EDGE('',*,*,#1808,.F.) ;
#5280=ORIENTED_EDGE('',*,*,#5269,.T.) ;
#5294=ORIENTED_EDGE('',*,*,#5115,.F.) ;
#5295=ORIENTED_EDGE('',*,*,#1891,.T.) ;
#5296=ORIENTED_EDGE('',*,*,#5264,.F.) ;
#5297=ORIENTED_EDGE('',*,*,#5292,.T.) ;
#5325=ORIENTED_EDGE('',*,*,#5311,.T.) ;
#5326=ORIENTED_EDGE('',*,*,#5318,.F.) ;
#5327=ORIENTED_EDGE('',*,*,#5323,.T.) ;
#5328=ORIENTED_EDGE('',*,*,#5202,.F.) ;
#5329=ORIENTED_EDGE('',*,*,#4585,.T.) ;
#5330=ORIENTED_EDGE('',*,*,#4781,.F.) ;
#5331=ORIENTED_EDGE('',*,*,#4743,.T.) ;
#5332=ORIENTED_EDGE('',*,*,#4406,.T.) ;
#5333=ORIENTED_EDGE('',*,*,#4424,.T.) ;
#5334=ORIENTED_EDGE('',*,*,#4262,.T.) ;
#5335=ORIENTED_EDGE('',*,*,#4016,.T.) ;
#5336=ORIENTED_EDGE('',*,*,#2670,.F.) ;
#5337=ORIENTED_EDGE('',*,*,#2896,.T.) ;
#5338=ORIENTED_EDGE('',*,*,#2878,.T.) ;
#5339=ORIENTED_EDGE('',*,*,#2801,.T.) ;
#5340=ORIENTED_EDGE('',*,*,#2590,.T.) ;
#5341=ORIENTED_EDGE('',*,*,#2140,.T.) ;
#5342=ORIENTED_EDGE('',*,*,#5157,.F.) ;
#5379=ORIENTED_EDGE('',*,*,#5363,.T.) ;
#5380=ORIENTED_EDGE('',*,*,#5292,.F.) ;
#5381=ORIENTED_EDGE('',*,*,#5377,.T.) ;
#5382=ORIENTED_EDGE('',*,*,#5318,.T.) ;
#5391=ORIENTED_EDGE('',*,*,#5209,.T.) ;
#5392=ORIENTED_EDGE('',*,*,#5323,.F.) ;
#5393=ORIENTED_EDGE('',*,*,#5377,.F.) ;
#5394=ORIENTED_EDGE('',*,*,#5259,.T.) ;
#5403=ORIENTED_EDGE('',*,*,#5152,.T.) ;
#5404=ORIENTED_EDGE('',*,*,#5122,.F.) ;
#5405=ORIENTED_EDGE('',*,*,#5363,.F.) ;
#5406=ORIENTED_EDGE('',*,*,#5311,.F.) ;
#5415=ORIENTED_EDGE('',*,*,#5269,.F.) ;
#5416=ORIENTED_EDGE('',*,*,#1801,.F.) ;
#5417=ORIENTED_EDGE('',*,*,#5108,.F.) ;
#5418=ORIENTED_EDGE('',*,*,#5413,.T.) ;
#5446=ORIENTED_EDGE('',*,*,#5432,.T.) ;
#5447=ORIENTED_EDGE('',*,*,#5439,.F.) ;
#5448=ORIENTED_EDGE('',*,*,#5444,.T.) ;
#5449=ORIENTED_EDGE('',*,*,#5164,.F.) ;
#5450=ORIENTED_EDGE('',*,*,#2206,.T.) ;
#5451=ORIENTED_EDGE('',*,*,#3062,.T.) ;
#5452=ORIENTED_EDGE('',*,*,#3462,.T.) ;
#5453=ORIENTED_EDGE('',*,*,#3532,.T.) ;
#5454=ORIENTED_EDGE('',*,*,#3556,.T.) ;
#5455=ORIENTED_EDGE('',*,*,#3374,.F.) ;
#5456=ORIENTED_EDGE('',*,*,#4009,.T.) ;
#5457=ORIENTED_EDGE('',*,*,#3585,.F.) ;
#5458=ORIENTED_EDGE('',*,*,#3794,.T.) ;
#5459=ORIENTED_EDGE('',*,*,#3759,.T.) ;
#5460=ORIENTED_EDGE('',*,*,#4559,.F.) ;
#5461=ORIENTED_EDGE('',*,*,#5066,.F.) ;
#5462=ORIENTED_EDGE('',*,*,#4499,.T.) ;
#5463=ORIENTED_EDGE('',*,*,#5195,.F.) ;
#5500=ORIENTED_EDGE('',*,*,#5484,.T.) ;
#5501=ORIENTED_EDGE('',*,*,#5413,.F.) ;
#5502=ORIENTED_EDGE('',*,*,#5498,.T.) ;
#5503=ORIENTED_EDGE('',*,*,#5439,.T.) ;
#5512=ORIENTED_EDGE('',*,*,#5169,.T.) ;
#5513=ORIENTED_EDGE('',*,*,#5444,.F.) ;
#5514=ORIENTED_EDGE('',*,*,#5498,.F.) ;
#5515=ORIENTED_EDGE('',*,*,#5103,.T.) ;
#5524=ORIENTED_EDGE('',*,*,#5221,.T.) ;
#5525=ORIENTED_EDGE('',*,*,#5252,.F.) ;
#5526=ORIENTED_EDGE('',*,*,#5484,.F.) ;
#5527=ORIENTED_EDGE('',*,*,#5432,.F.) ;
#748=FACE_BOUND('',#745,.T.) ;
#775=FACE_BOUND('',#772,.T.) ;
#846=FACE_BOUND('',#843,.T.) ;
#869=FACE_BOUND('',#866,.T.) ;
#892=FACE_BOUND('',#889,.T.) ;
#915=FACE_BOUND('',#912,.T.) ;
#989=FACE_BOUND('',#986,.T.) ;
#1302=FACE_BOUND('',#1299,.T.) ;
#1306=FACE_BOUND('',#1303,.T.) ;
#1310=FACE_BOUND('',#1307,.T.) ;
#1314=FACE_BOUND('',#1311,.T.) ;
#4057=FACE_BOUND('',#4036,.T.) ;
#4061=FACE_BOUND('',#4058,.T.) ;
#4065=FACE_BOUND('',#4062,.T.) ;
#4069=FACE_BOUND('',#4066,.T.) ;
#4073=FACE_BOUND('',#4070,.T.) ;
#4479=FACE_BOUND('',#4472,.T.) ;
#5187=FACE_BOUND('',#5180,.T.) ;
#5239=FACE_BOUND('',#5232,.T.) ;
#55=CLOSED_SHELL('Closed Shell',(#95,#126,#157,#188,#219,#241,#281,#312,#343,#374,#405,#427,#467,#489,#529,#546,#586,#603,#643,#660,#700,#717,#749,#776,#807,#819,#847,#870,#893,#916,#990,#1039,#1069,#1100,#1117,#1148,#1160,#1191,#1203,#1234,#1246,#1277,#1289,#1315,#1339,#1408,#1484,#1537,#1606,#1649,#1675,#1702,#1719,#1745,#1765,#1780,#1820,#1863,#1903,#1934,#1968,#1999,#2023,#2047,#2071,#2095,#2112,#2161,#2192,#2235,#2395,#2419,#2571,#2602,#2625,#2656,#2710,#2741,#2789,#2815,#2884,#2904,#3050,#3081,#3127,#3158,#3174,#3338,#3387,#3418,#3450,#3476,#3545,#3564,#3618,#3653,#3701,#3783,#3802,#3957,#4074,#4232,#4270,#4303,#4330,#4412,#4432,#4480,#4523,#4547,#4571,#4614,#4714,#4731,#4755,#4771,#4793,#4915,#4932,#5056,#5078,#5089,#5140,#5188,#5240,#5282,#5299,#5344,#5384,#5396,#5408,#5420,#5465,#5505,#5517,#5529)) ;
#63=VECTOR('Line Direction',#62,1.) ;
#72=VECTOR('Line Direction',#71,1.) ;
#79=VECTOR('Line Direction',#78,1.) ;
#86=VECTOR('Line Direction',#85,1.) ;
#103=VECTOR('Line Direction',#102,1.) ;
#112=VECTOR('Line Direction',#111,1.) ;
#117=VECTOR('Line Direction',#116,1.) ;
#134=VECTOR('Line Direction',#133,1.) ;
#143=VECTOR('Line Direction',#142,1.) ;
#148=VECTOR('Line Direction',#147,1.) ;
#165=VECTOR('Line Direction',#164,1.) ;
#174=VECTOR('Line Direction',#173,1.) ;
#179=VECTOR('Line Direction',#178,1.) ;
#196=VECTOR('Line Direction',#195,1.) ;
#205=VECTOR('Line Direction',#204,1.) ;
#210=VECTOR('Line Direction',#209,1.) ;
#227=VECTOR('Line Direction',#226,1.) ;
#232=VECTOR('Line Direction',#231,1.) ;
#249=VECTOR('Line Direction',#248,1.) ;
#258=VECTOR('Line Direction',#257,1.) ;
#265=VECTOR('Line Direction',#264,1.) ;
#272=VECTOR('Line Direction',#271,1.) ;
#289=VECTOR('Line Direction',#288,1.) ;
#298=VECTOR('Line Direction',#297,1.) ;
#303=VECTOR('Line Direction',#302,1.) ;
#320=VECTOR('Line Direction',#319,1.) ;
#329=VECTOR('Line Direction',#328,1.) ;
#334=VECTOR('Line Direction',#333,1.) ;
#351=VECTOR('Line Direction',#350,1.) ;
#360=VECTOR('Line Direction',#359,1.) ;
#365=VECTOR('Line Direction',#364,1.) ;
#382=VECTOR('Line Direction',#381,1.) ;
#391=VECTOR('Line Direction',#390,1.) ;
#396=VECTOR('Line Direction',#395,1.) ;
#413=VECTOR('Line Direction',#412,1.) ;
#418=VECTOR('Line Direction',#417,1.) ;
#497=VECTOR('Line Direction',#496,1.) ;
#513=VECTOR('Line Direction',#512,1.) ;
#554=VECTOR('Line Direction',#553,1.) ;
#570=VECTOR('Line Direction',#569,1.) ;
#611=VECTOR('Line Direction',#610,1.) ;
#627=VECTOR('Line Direction',#626,1.) ;
#668=VECTOR('Line Direction',#667,1.) ;
#684=VECTOR('Line Direction',#683,1.) ;
#784=VECTOR('Line Direction',#783,1.) ;
#791=VECTOR('Line Direction',#790,1.) ;
#924=VECTOR('Line Direction',#923,1.) ;
#933=VECTOR('Line Direction',#932,1.) ;
#940=VECTOR('Line Direction',#939,1.) ;
#947=VECTOR('Line Direction',#946,1.) ;
#954=VECTOR('Line Direction',#953,1.) ;
#961=VECTOR('Line Direction',#960,1.) ;
#1025=VECTOR('Line Direction',#1024,1.) ;
#1030=VECTOR('Line Direction',#1029,1.) ;
#1125=VECTOR('Line Direction',#1124,1.) ;
#1139=VECTOR('Line Direction',#1138,1.) ;
#1168=VECTOR('Line Direction',#1167,1.) ;
#1182=VECTOR('Line Direction',#1181,1.) ;
#1211=VECTOR('Line Direction',#1210,1.) ;
#1225=VECTOR('Line Direction',#1224,1.) ;
#1254=VECTOR('Line Direction',#1253,1.) ;
#1268=VECTOR('Line Direction',#1267,1.) ;
#1393=VECTOR('Line Direction',#1392,1.) ;
#1398=VECTOR('Line Direction',#1397,1.) ;
#1472=VECTOR('Line Direction',#1471,1.) ;
#1633=VECTOR('Line Direction',#1632,1.) ;
#1638=VECTOR('Line Direction',#1637,1.) ;
#1682=VECTOR('Extrusion Surface Vector',#1681,1.) ;
#1686=VECTOR('Line Direction',#1685,1.) ;
#1691=VECTOR('Line Direction',#1690,1.) ;
#1709=VECTOR('Extrusion Surface Vector',#1708,1.) ;
#1752=VECTOR('Extrusion Surface Vector',#1751,1.) ;
#1756=VECTOR('Line Direction',#1755,1.) ;
#1772=VECTOR('Extrusion Surface Vector',#1771,1.) ;
#1788=VECTOR('Line Direction',#1787,1.) ;
#1797=VECTOR('Line Direction',#1796,1.) ;
#1804=VECTOR('Line Direction',#1803,1.) ;
#1880=VECTOR('Line Direction',#1879,1.) ;
#1887=VECTOR('Line Direction',#1886,1.) ;
#1894=VECTOR('Line Direction',#1893,1.) ;
#1920=VECTOR('Line Direction',#1919,1.) ;
#1925=VECTOR('Line Direction',#1924,1.) ;
#1976=VECTOR('Line Direction',#1975,1.) ;
#1983=VECTOR('Line Direction',#1982,1.) ;
#1990=VECTOR('Line Direction',#1989,1.) ;
#2007=VECTOR('Line Direction',#2006,1.) ;
#2014=VECTOR('Line Direction',#2013,1.) ;
#2031=VECTOR('Line Direction',#2030,1.) ;
#2038=VECTOR('Line Direction',#2037,1.) ;
#2055=VECTOR('Line Direction',#2054,1.) ;
#2062=VECTOR('Line Direction',#2061,1.) ;
#2079=VECTOR('Line Direction',#2078,1.) ;
#2086=VECTOR('Line Direction',#2085,1.) ;
#2103=VECTOR('Line Direction',#2102,1.) ;
#2120=VECTOR('Line Direction',#2119,1.) ;
#2136=VECTOR('Line Direction',#2135,1.) ;
#2169=VECTOR('Line Direction',#2168,1.) ;
#2176=VECTOR('Line Direction',#2175,1.) ;
#2183=VECTOR('Line Direction',#2182,1.) ;
#2200=VECTOR('Line Direction',#2199,1.) ;
#2403=VECTOR('Line Direction',#2402,1.) ;
#2579=VECTOR('Line Direction',#2578,1.) ;
#2586=VECTOR('Line Direction',#2585,1.) ;
#2633=VECTOR('Line Direction',#2632,1.) ;
#2647=VECTOR('Line Direction',#2646,1.) ;
#2664=VECTOR('Line Direction',#2663,1.) ;
#2673=VECTOR('Line Direction',#2672,1.) ;
#2680=VECTOR('Line Direction',#2679,1.) ;
#2700=VECTOR('Line Direction',#2699,1.) ;
#2718=VECTOR('Line Direction',#2717,1.) ;
#2727=VECTOR('Line Direction',#2726,1.) ;
#2732=VECTOR('Line Direction',#2731,1.) ;
#2763=VECTOR('Line Direction',#2762,1.) ;
#2797=VECTOR('Line Direction',#2796,1.) ;
#3058=VECTOR('Line Direction',#3057,1.) ;
#3065=VECTOR('Line Direction',#3064,1.) ;
#3089=VECTOR('Line Direction',#3088,1.) ;
#3112=VECTOR('Line Direction',#3111,1.) ;
#3142=VECTOR('Line Direction',#3141,1.) ;
#3356=VECTOR('Line Direction',#3355,1.) ;
#3363=VECTOR('Line Direction',#3362,1.) ;
#3370=VECTOR('Line Direction',#3369,1.) ;
#3377=VECTOR('Line Direction',#3376,1.) ;
#3395=VECTOR('Line Direction',#3394,1.) ;
#3404=VECTOR('Line Direction',#3403,1.) ;
#3409=VECTOR('Line Direction',#3408,1.) ;
#3440=VECTOR('Line Direction',#3439,1.) ;
#3458=VECTOR('Line Direction',#3457,1.) ;
#3572=VECTOR('Line Direction',#3571,1.) ;
#3581=VECTOR('Line Direction',#3580,1.) ;
#3588=VECTOR('Line Direction',#3587,1.) ;
#3595=VECTOR('Line Direction',#3594,1.) ;
#3621=VECTOR('Line Direction',#3620,1.) ;
#3630=VECTOR('Line Direction',#3629,1.) ;
#3637=VECTOR('Line Direction',#3636,1.) ;
#3644=VECTOR('Line Direction',#3643,1.) ;
#3675=VECTOR('Line Direction',#3674,1.) ;
#4002=VECTOR('Line Direction',#4001,1.) ;
#4007=VECTOR('Line Direction',#4006,1.) ;
#4012=VECTOR('Line Direction',#4011,1.) ;
#4019=VECTOR('Line Direction',#4018,1.) ;
#4026=VECTOR('Line Direction',#4025,1.) ;
#4033=VECTOR('Line Direction',#4032,1.) ;
#4240=VECTOR('Line Direction',#4239,1.) ;
#4260=VECTOR('Line Direction',#4259,1.) ;
#4273=VECTOR('Line Direction',#4272,1.) ;
#4282=VECTOR('Line Direction',#4281,1.) ;
#4289=VECTOR('Line Direction',#4288,1.) ;
#4294=VECTOR('Line Direction',#4293,1.) ;
#4440=VECTOR('Line Direction',#4439,1.) ;
#4449=VECTOR('Line Direction',#4448,1.) ;
#4456=VECTOR('Line Direction',#4455,1.) ;
#4463=VECTOR('Line Direction',#4462,1.) ;
#4495=VECTOR('Line Direction',#4494,1.) ;
#4531=VECTOR('Line Direction',#4530,1.) ;
#4555=VECTOR('Line Direction',#4554,1.) ;
#4579=VECTOR('Line Direction',#4578,1.) ;
#4622=VECTOR('Line Direction',#4621,1.) ;
#4659=VECTOR('Line Direction',#4658,1.) ;
#4694=VECTOR('Line Direction',#4693,1.) ;
#4699=VECTOR('Line Direction',#4698,1.) ;
#4739=VECTOR('Line Direction',#4738,1.) ;
#4779=VECTOR('Line Direction',#4778,1.) ;
#5064=VECTOR('Line Direction',#5063,1.) ;
#5097=VECTOR('Line Direction',#5096,1.) ;
#5106=VECTOR('Line Direction',#5105,1.) ;
#5111=VECTOR('Line Direction',#5110,1.) ;
#5118=VECTOR('Line Direction',#5117,1.) ;
#5125=VECTOR('Line Direction',#5124,1.) ;
#5155=VECTOR('Line Direction',#5154,1.) ;
#5160=VECTOR('Line Direction',#5159,1.) ;
#5191=VECTOR('Line Direction',#5190,1.) ;
#5198=VECTOR('Line Direction',#5197,1.) ;
#5212=VECTOR('Line Direction',#5211,1.) ;
#5248=VECTOR('Line Direction',#5247,1.) ;
#5255=VECTOR('Line Direction',#5254,1.) ;
#5262=VECTOR('Line Direction',#5261,1.) ;
#5267=VECTOR('Line Direction',#5266,1.) ;
#5290=VECTOR('Line Direction',#5289,1.) ;
#5307=VECTOR('Line Direction',#5306,1.) ;
#5314=VECTOR('Line Direction',#5313,1.) ;
#5321=VECTOR('Line Direction',#5320,1.) ;
#5411=VECTOR('Line Direction',#5410,1.) ;
#5428=VECTOR('Line Direction',#5427,1.) ;
#5435=VECTOR('Line Direction',#5434,1.) ;
#5442=VECTOR('Line Direction',#5441,1.) ;
#5531=ADVANCED_BREP_SHAPE_REPRESENTATION('NONE',(#5530),#46) ;
#49=SHAPE_REPRESENTATION(' ',(#48),#46) ;
#95=ADVANCED_FACE('Hauptk\X2\00F6\X0\rper',(#94),#60,.T.) ;
#126=ADVANCED_FACE('Hauptk\X2\00F6\X0\rper',(#125),#100,.T.) ;
#157=ADVANCED_FACE('Hauptk\X2\00F6\X0\rper',(#156),#131,.T.) ;
#188=ADVANCED_FACE('Hauptk\X2\00F6\X0\rper',(#187),#162,.T.) ;
#219=ADVANCED_FACE('Hauptk\X2\00F6\X0\rper',(#218),#193,.T.) ;
#241=ADVANCED_FACE('Hauptk\X2\00F6\X0\rper',(#240),#224,.T.) ;
#281=ADVANCED_FACE('Hauptk\X2\00F6\X0\rper',(#280),#246,.T.) ;
#312=ADVANCED_FACE('Hauptk\X2\00F6\X0\rper',(#311),#286,.T.) ;
#343=ADVANCED_FACE('Hauptk\X2\00F6\X0\rper',(#342),#317,.T.) ;
#374=ADVANCED_FACE('Hauptk\X2\00F6\X0\rper',(#373),#348,.T.) ;
#405=ADVANCED_FACE('Hauptk\X2\00F6\X0\rper',(#404),#379,.T.) ;
#427=ADVANCED_FACE('Hauptk\X2\00F6\X0\rper',(#426),#410,.T.) ;
#467=ADVANCED_FACE('Hauptk\X2\00F6\X0\rper',(#466),#432,.T.) ;
#489=ADVANCED_FACE('Hauptk\X2\00F6\X0\rper',(#488),#472,.T.) ;
#529=ADVANCED_FACE('Hauptk\X2\00F6\X0\rper',(#528),#494,.F.) ;
#546=ADVANCED_FACE('Hauptk\X2\00F6\X0\rper',(#545),#494,.F.) ;
#586=ADVANCED_FACE('Hauptk\X2\00F6\X0\rper',(#585),#551,.F.) ;
#603=ADVANCED_FACE('Hauptk\X2\00F6\X0\rper',(#602),#551,.F.) ;
#643=ADVANCED_FACE('Hauptk\X2\00F6\X0\rper',(#642),#608,.F.) ;
#660=ADVANCED_FACE('Hauptk\X2\00F6\X0\rper',(#659),#608,.F.) ;
#700=ADVANCED_FACE('Hauptk\X2\00F6\X0\rper',(#699),#665,.F.) ;
#717=ADVANCED_FACE('Hauptk\X2\00F6\X0\rper',(#716),#665,.F.) ;
#749=ADVANCED_FACE('Hauptk\X2\00F6\X0\rper',(#730,#748),#722,.T.) ;
#776=ADVANCED_FACE('Hauptk\X2\00F6\X0\rper',(#757,#775),#722,.T.) ;
#807=ADVANCED_FACE('Hauptk\X2\00F6\X0\rper',(#806),#781,.T.) ;
#819=ADVANCED_FACE('Hauptk\X2\00F6\X0\rper',(#818),#781,.T.) ;
#847=ADVANCED_FACE('Hauptk\X2\00F6\X0\rper',(#828,#846),#824,.T.) ;
#870=ADVANCED_FACE('Hauptk\X2\00F6\X0\rper',(#851,#869),#824,.T.) ;
#893=ADVANCED_FACE('Hauptk\X2\00F6\X0\rper',(#874,#892),#824,.T.) ;
#916=ADVANCED_FACE('Hauptk\X2\00F6\X0\rper',(#897,#915),#824,.T.) ;
#990=ADVANCED_FACE('Hauptk\X2\00F6\X0\rper',(#971,#989),#921,.T.) ;
#1039=ADVANCED_FACE('Hauptk\X2\00F6\X0\rper',(#1038),#995,.F.) ;
#1069=ADVANCED_FACE('Hauptk\X2\00F6\X0\rper',(#1068),#995,.F.) ;
#1100=ADVANCED_FACE('Hauptk\X2\00F6\X0\rper',(#1099),#1074,.T.) ;
#1117=ADVANCED_FACE('Hauptk\X2\00F6\X0\rper',(#1116),#1105,.T.) ;
#1148=ADVANCED_FACE('Hauptk\X2\00F6\X0\rper',(#1147),#1122,.F.) ;
#1160=ADVANCED_FACE('Hauptk\X2\00F6\X0\rper',(#1159),#1122,.F.) ;
#1191=ADVANCED_FACE('Hauptk\X2\00F6\X0\rper',(#1190),#1165,.F.) ;
#1203=ADVANCED_FACE('Hauptk\X2\00F6\X0\rper',(#1202),#1165,.F.) ;
#1234=ADVANCED_FACE('Hauptk\X2\00F6\X0\rper',(#1233),#1208,.F.) ;
#1246=ADVANCED_FACE('Hauptk\X2\00F6\X0\rper',(#1245),#1208,.F.) ;
#1277=ADVANCED_FACE('Hauptk\X2\00F6\X0\rper',(#1276),#1251,.F.) ;
#1289=ADVANCED_FACE('Hauptk\X2\00F6\X0\rper',(#1288),#1251,.F.) ;
#1315=ADVANCED_FACE('Hauptk\X2\00F6\X0\rper',(#1298,#1302,#1306,#1310,#1314),#1294,.F.) ;
#1339=ADVANCED_FACE('Hauptk\X2\00F6\X0\rper',(#1338),#1320,.T.) ;
#1408=ADVANCED_FACE('Hauptk\X2\00F6\X0\rper',(#1407),#1344,.F.) ;
#1484=ADVANCED_FACE('Hauptk\X2\00F6\X0\rper',(#1483),#1344,.F.) ;
#1537=ADVANCED_FACE('Hauptk\X2\00F6\X0\rper',(#1536),#1344,.F.) ;
#1606=ADVANCED_FACE('Hauptk\X2\00F6\X0\rper',(#1605),#1344,.F.) ;
#1649=ADVANCED_FACE('Hauptk\X2\00F6\X0\rper',(#1648),#1611,.F.) ;
#1675=ADVANCED_FACE('Hauptk\X2\00F6\X0\rper',(#1674),#1611,.F.) ;
#1702=ADVANCED_FACE('Hauptk\X2\00F6\X0\rper',(#1701),#1683,.T.) ;
#1719=ADVANCED_FACE('Hauptk\X2\00F6\X0\rper',(#1718),#1710,.T.) ;
#1745=ADVANCED_FACE('Hauptk\X2\00F6\X0\rper',(#1744),#1724,.T.) ;
#1765=ADVANCED_FACE('Hauptk\X2\00F6\X0\rper',(#1764),#1753,.T.) ;
#1780=ADVANCED_FACE('Hauptk\X2\00F6\X0\rper',(#1779),#1773,.T.) ;
#1820=ADVANCED_FACE('Hauptk\X2\00F6\X0\rper',(#1819),#1785,.T.) ;
#1863=ADVANCED_FACE('Hauptk\X2\00F6\X0\rper',(#1862),#1825,.T.) ;
#1903=ADVANCED_FACE('Hauptk\X2\00F6\X0\rper',(#1902),#1868,.F.) ;
#1934=ADVANCED_FACE('Hauptk\X2\00F6\X0\rper',(#1933),#1908,.F.) ;
#1968=ADVANCED_FACE('Hauptk\X2\00F6\X0\rper',(#1967),#1939,.T.) ;
#1999=ADVANCED_FACE('Hauptk\X2\00F6\X0\rper',(#1998),#1973,.T.) ;
#2023=ADVANCED_FACE('Hauptk\X2\00F6\X0\rper',(#2022),#2004,.T.) ;
#2047=ADVANCED_FACE('Hauptk\X2\00F6\X0\rper',(#2046),#2028,.T.) ;
#2071=ADVANCED_FACE('Hauptk\X2\00F6\X0\rper',(#2070),#2052,.T.) ;
#2095=ADVANCED_FACE('Hauptk\X2\00F6\X0\rper',(#2094),#2076,.T.) ;
#2112=ADVANCED_FACE('Hauptk\X2\00F6\X0\rper',(#2111),#2100,.T.) ;
#2161=ADVANCED_FACE('Hauptk\X2\00F6\X0\rper',(#2160),#2117,.T.) ;
#2192=ADVANCED_FACE('Hauptk\X2\00F6\X0\rper',(#2191),#2166,.F.) ;
#2235=ADVANCED_FACE('Hauptk\X2\00F6\X0\rper',(#2234),#2197,.T.) ;
#2395=ADVANCED_FACE('Hauptk\X2\00F6\X0\rper',(#2394),#2236,.F.) ;
#2419=ADVANCED_FACE('Hauptk\X2\00F6\X0\rper',(#2418),#2400,.T.) ;
#2571=ADVANCED_FACE('Hauptk\X2\00F6\X0\rper',(#2570),#2420,.F.) ;
#2602=ADVANCED_FACE('Hauptk\X2\00F6\X0\rper',(#2601),#2576,.T.) ;
#2625=ADVANCED_FACE('Hauptk\X2\00F6\X0\rper',(#2624),#2607,.T.) ;
#2656=ADVANCED_FACE('Hauptk\X2\00F6\X0\rper',(#2655),#2630,.T.) ;
#2710=ADVANCED_FACE('Hauptk\X2\00F6\X0\rper',(#2709),#2661,.T.) ;
#2741=ADVANCED_FACE('Hauptk\X2\00F6\X0\rper',(#2740),#2715,.F.) ;
#2789=ADVANCED_FACE('Hauptk\X2\00F6\X0\rper',(#2788),#2746,.F.) ;
#2815=ADVANCED_FACE('Hauptk\X2\00F6\X0\rper',(#2814),#2794,.T.) ;
#2884=ADVANCED_FACE('Hauptk\X2\00F6\X0\rper',(#2883),#2816,.T.) ;
#2904=ADVANCED_FACE('Hauptk\X2\00F6\X0\rper',(#2903),#2889,.F.) ;
#3050=ADVANCED_FACE('Hauptk\X2\00F6\X0\rper',(#3049),#2905,.T.) ;
#3081=ADVANCED_FACE('Hauptk\X2\00F6\X0\rper',(#3080),#3055,.T.) ;
#3127=ADVANCED_FACE('Hauptk\X2\00F6\X0\rper',(#3126),#3086,.T.) ;
#3158=ADVANCED_FACE('Hauptk\X2\00F6\X0\rper',(#3157),#3132,.T.) ;
#3174=ADVANCED_FACE('Hauptk\X2\00F6\X0\rper',(#3173),#3163,.T.) ;
#3338=ADVANCED_FACE('Hauptk\X2\00F6\X0\rper',(#3337),#3175,.T.) ;
#3387=ADVANCED_FACE('Hauptk\X2\00F6\X0\rper',(#3386),#2661,.T.) ;
#3418=ADVANCED_FACE('Hauptk\X2\00F6\X0\rper',(#3417),#3392,.F.) ;
#3450=ADVANCED_FACE('Hauptk\X2\00F6\X0\rper',(#3449),#3423,.F.) ;
#3476=ADVANCED_FACE('Hauptk\X2\00F6\X0\rper',(#3475),#3455,.T.) ;
#3545=ADVANCED_FACE('Hauptk\X2\00F6\X0\rper',(#3544),#3477,.T.) ;
#3564=ADVANCED_FACE('Hauptk\X2\00F6\X0\rper',(#3563),#3550,.F.) ;
#3618=ADVANCED_FACE('Hauptk\X2\00F6\X0\rper',(#3617),#3569,.F.) ;
#3653=ADVANCED_FACE('Hauptk\X2\00F6\X0\rper',(#3652),#3392,.F.) ;
#3701=ADVANCED_FACE('Hauptk\X2\00F6\X0\rper',(#3700),#3658,.F.) ;
#3783=ADVANCED_FACE('Hauptk\X2\00F6\X0\rper',(#3782),#3702,.F.) ;
#3802=ADVANCED_FACE('Hauptk\X2\00F6\X0\rper',(#3801),#3788,.F.) ;
#3957=ADVANCED_FACE('Hauptk\X2\00F6\X0\rper',(#3956),#3803,.F.) ;
#4074=ADVANCED_FACE('Hauptk\X2\00F6\X0\rper',(#3966,#4057,#4061,#4065,#4069,#4073),#3962,.T.) ;
#4232=ADVANCED_FACE('Hauptk\X2\00F6\X0\rper',(#4231),#4075,.F.) ;
#4270=ADVANCED_FACE('Hauptk\X2\00F6\X0\rper',(#4269),#4237,.F.) ;
#4303=ADVANCED_FACE('Hauptk\X2\00F6\X0\rper',(#4302),#2715,.F.) ;
#4330=ADVANCED_FACE('Hauptk\X2\00F6\X0\rper',(#4329),#4308,.F.) ;
#4412=ADVANCED_FACE('Hauptk\X2\00F6\X0\rper',(#4411),#4331,.F.) ;
#4432=ADVANCED_FACE('Hauptk\X2\00F6\X0\rper',(#4431),#4417,.F.) ;
#4480=ADVANCED_FACE('Hauptk\X2\00F6\X0\rper',(#4471,#4479),#4437,.F.) ;
#4523=ADVANCED_FACE('Hauptk\X2\00F6\X0\rper',(#4522),#4485,.T.) ;
#4547=ADVANCED_FACE('Hauptk\X2\00F6\X0\rper',(#4546),#4528,.T.) ;
#4571=ADVANCED_FACE('Hauptk\X2\00F6\X0\rper',(#4570),#4552,.T.) ;
#4614=ADVANCED_FACE('Hauptk\X2\00F6\X0\rper',(#4613),#4576,.T.) ;
#4714=ADVANCED_FACE('Hauptk\X2\00F6\X0\rper',(#4713),#4619,.F.) ;
#4731=ADVANCED_FACE('Hauptk\X2\00F6\X0\rper',(#4730),#4719,.T.) ;
#4755=ADVANCED_FACE('Hauptk\X2\00F6\X0\rper',(#4754),#4736,.T.) ;
#4771=ADVANCED_FACE('Hauptk\X2\00F6\X0\rper',(#4770),#4760,.T.) ;
#4793=ADVANCED_FACE('Hauptk\X2\00F6\X0\rper',(#4792),#4776,.T.) ;
#4915=ADVANCED_FACE('Hauptk\X2\00F6\X0\rper',(#4914),#4794,.T.) ;
#4932=ADVANCED_FACE('Hauptk\X2\00F6\X0\rper',(#4931),#4920,.T.) ;
#5056=ADVANCED_FACE('Hauptk\X2\00F6\X0\rper',(#5055),#4933,.T.) ;
#5078=ADVANCED_FACE('Hauptk\X2\00F6\X0\rper',(#5077),#5061,.T.) ;
#5089=ADVANCED_FACE('Hauptk\X2\00F6\X0\rper',(#5088),#5083,.T.) ;
#5140=ADVANCED_FACE('Hauptk\X2\00F6\X0\rper',(#5139),#5094,.F.) ;
#5188=ADVANCED_FACE('Hauptk\X2\00F6\X0\rper',(#5179,#5187),#5145,.T.) ;
#5240=ADVANCED_FACE('Hauptk\X2\00F6\X0\rper',(#5231,#5239),#5145,.T.) ;
#5282=ADVANCED_FACE('Hauptk\X2\00F6\X0\rper',(#5281),#5245,.F.) ;
#5299=ADVANCED_FACE('Hauptk\X2\00F6\X0\rper',(#5298),#5287,.T.) ;
#5344=ADVANCED_FACE('Hauptk\X2\00F6\X0\rper',(#5343),#5304,.F.) ;
#5384=ADVANCED_FACE('Hauptk\X2\00F6\X0\rper',(#5383),#5349,.T.) ;
#5396=ADVANCED_FACE('Hauptk\X2\00F6\X0\rper',(#5395),#5389,.T.) ;
#5408=ADVANCED_FACE('Hauptk\X2\00F6\X0\rper',(#5407),#5401,.T.) ;
#5420=ADVANCED_FACE('Hauptk\X2\00F6\X0\rper',(#5419),#5287,.T.) ;
#5465=ADVANCED_FACE('Hauptk\X2\00F6\X0\rper',(#5464),#5425,.F.) ;
#5505=ADVANCED_FACE('Hauptk\X2\00F6\X0\rper',(#5504),#5470,.T.) ;
#5517=ADVANCED_FACE('Hauptk\X2\00F6\X0\rper',(#5516),#5510,.T.) ;
#5529=ADVANCED_FACE('Hauptk\X2\00F6\X0\rper',(#5528),#5522,.T.) ;
#4=APPLICATION_PROTOCOL_DEFINITION('international standard','config_control_design',1994,#1) ;
#32=APPROVAL_DATE_TIME(#13,#21) ;
#996=B_SPLINE_CURVE_WITH_KNOTS('',5,(#997,#998,#999,#1000,#1001,#1002,#1003,#1004,#1005,#1006,#1007,#1008,#1009,#1010,#1011,#1012,#1013,#1014,#1015,#1016,#1017),.UNSPECIFIED.,.F.,.U.,(6,3,3,3,3,3,6),(0.,5.47409203892,8.93913669382,17.833769702,29.1246941387,34.7952158605,40.5155673049),.UNSPECIFIED.) ;
#1040=B_SPLINE_CURVE_WITH_KNOTS('',5,(#1041,#1042,#1043,#1044,#1045,#1046,#1047,#1048,#1049,#1050,#1051,#1052,#1053,#1054,#1055,#1056,#1057,#1058,#1059,#1060,#1061),.UNSPECIFIED.,.F.,.U.,(6,3,3,3,3,3,6),(0.,5.47409203909,8.93913669406,17.8337697025,29.1246941389,34.7952158607,40.515567305),.UNSPECIFIED.) ;
#1345=B_SPLINE_CURVE_WITH_KNOTS('',5,(#1346,#1347,#1348,#1349,#1350,#1351,#1352,#1353,#1354,#1355,#1356,#1357,#1358,#1359,#1360,#1361,#1362,#1363,#1364,#1365,#1366),.UNSPECIFIED.,.F.,.U.,(6,3,3,3,3,3,6),(0.,4.18450159174,8.36900318348,20.2912681984,29.6603245046,36.6490641216,41.5902334437),.UNSPECIFIED.) ;
#1372=B_SPLINE_CURVE_WITH_KNOTS('',5,(#1373,#1374,#1375,#1376,#1377,#1378,#1379,#1380,#1381,#1382,#1383,#1384,#1385,#1386,#1387),.UNSPECIFIED.,.F.,.U.,(6,3,3,3,6),(0.,11.112583584,22.1621082114,23.8195598324,25.4770114534),.UNSPECIFIED.) ;
#1409=B_SPLINE_CURVE_WITH_KNOTS('',5,(#1410,#1411,#1412,#1413,#1414,#1415,#1416,#1417,#1418,#1419,#1420,#1421),.UNSPECIFIED.,.F.,.U.,(6,3,3,6),(18.1398299825,26.6710285787,32.378152913,38.2253376459),.UNSPECIFIED.) ;
#1427=B_SPLINE_CURVE_WITH_KNOTS('',3,(#1428,#1429,#1430,#1431),.UNSPECIFIED.,.F.,.U.,(4,4),(0.,0.392284519703),.UNSPECIFIED.) ;
#1433=B_SPLINE_CURVE_WITH_KNOTS('',5,(#1434,#1435,#1436,#1437,#1438,#1439),.UNSPECIFIED.,.F.,.U.,(6,6),(0.,2.12103374292),.UNSPECIFIED.) ;
#1443=B_SPLINE_CURVE_WITH_KNOTS('',5,(#1444,#1445,#1446,#1447,#1448,#1449),.UNSPECIFIED.,.F.,.U.,(6,6),(0.,1.87990519792),.UNSPECIFIED.) ;
#1453=B_SPLINE_CURVE_WITH_KNOTS('',5,(#1454,#1455,#1456,#1457,#1458,#1459,#1460,#1461,#1462,#1463,#1464,#1465,#1466,#1467,#1468),.UNSPECIFIED.,.F.,.U.,(6,3,3,3,6),(0.,1.4017867429,2.8035734858,14.5326807318,20.6800368616),.UNSPECIFIED.) ;
#1485=B_SPLINE_CURVE_WITH_KNOTS('',5,(#1486,#1487,#1488,#1489,#1490,#1491,#1492,#1493,#1494,#1495,#1496,#1497,#1498,#1499,#1500,#1501,#1502,#1503),.UNSPECIFIED.,.F.,.U.,(6,3,3,3,3,6),(0.,1.57755539842,3.15511079685,5.78953272869,17.4017339749,25.4836788295),.UNSPECIFIED.) ;
#1507=B_SPLINE_CURVE_WITH_KNOTS('',5,(#1508,#1509,#1510,#1511,#1512,#1513,#1514,#1515,#1516,#1517,#1518,#1519,#1520,#1521,#1522,#1523,#1524,#1525,#1526,#1527,#1528),.UNSPECIFIED.,.F.,.U.,(6,3,3,3,3,3,6),(0.,4.18449602524,8.36899205047,20.2912570651,29.6603133713,36.649052988,41.5902223102),.UNSPECIFIED.) ;
#1538=B_SPLINE_CURVE_WITH_KNOTS('',3,(#1539,#1540,#1541,#1542),.UNSPECIFIED.,.F.,.U.,(4,4),(0.,0.392284519703),.UNSPECIFIED.) ;
#1546=B_SPLINE_CURVE_WITH_KNOTS('',5,(#1547,#1548,#1549,#1550,#1551,#1552,#1553,#1554,#1555,#1556,#1557,#1558),.UNSPECIFIED.,.F.,.U.,(6,3,3,6),(0.,7.13855956273,13.2012538437,20.0862416698),.UNSPECIFIED.) ;
#1560=B_SPLINE_CURVE_WITH_KNOTS('',5,(#1561,#1562,#1563,#1564,#1565,#1566,#1567,#1568,#1569,#1570,#1571,#1572,#1573,#1574,#1575),.UNSPECIFIED.,.F.,.U.,(6,3,3,3,6),(0.,1.40178238475,2.80356476951,14.5326720159,20.6800281458),.UNSPECIFIED.) ;
#1579=B_SPLINE_CURVE_WITH_KNOTS('',5,(#1580,#1581,#1582,#1583,#1584,#1585),.UNSPECIFIED.,.F.,.U.,(6,6),(0.,1.87990883011),.UNSPECIFIED.) ;
#1589=B_SPLINE_CURVE_WITH_KNOTS('',5,(#1590,#1591,#1592,#1593,#1594,#1595),.UNSPECIFIED.,.F.,.U.,(6,6),(23.4008441026,25.4770073633),.UNSPECIFIED.) ;
#1612=B_SPLINE_CURVE_WITH_KNOTS('',5,(#1613,#1614,#1615,#1616,#1617,#1618,#1619,#1620,#1621,#1622,#1623,#1624,#1625,#1626,#1627),.UNSPECIFIED.,.F.,.U.,(6,3,3,3,6),(0.392303196312,13.3106647854,23.9072238053,32.8102012518,37.1914113757),.UNSPECIFIED.) ;
#1650=B_SPLINE_CURVE_WITH_KNOTS('',5,(#1651,#1652,#1653,#1654,#1655,#1656,#1657,#1658,#1659,#1660,#1661,#1662,#1663,#1664,#1665),.UNSPECIFIED.,.F.,.U.,(6,3,3,3,6),(0.392303198819,13.3106647853,23.9072238052,32.8102012518,37.1914113758),.UNSPECIFIED.) ;
#1826=B_SPLINE_CURVE_WITH_KNOTS('',5,(#1827,#1828,#1829,#1830,#1831,#1832,#1833,#1834,#1835),.UNSPECIFIED.,.F.,.U.,(6,3,6),(0.,3.08292910847,4.90801493093),.UNSPECIFIED.) ;
#1839=B_SPLINE_CURVE_WITH_KNOTS('',5,(#1840,#1841,#1842,#1843,#1844,#1845,#1846,#1847,#1848),.UNSPECIFIED.,.F.,.U.,(6,3,6),(0.,3.08292910839,4.90801493087),.UNSPECIFIED.) ;
#1940=B_SPLINE_CURVE_WITH_KNOTS('',5,(#1941,#1942,#1943,#1944,#1945,#1946,#1947,#1948,#1949),.UNSPECIFIED.,.F.,.U.,(6,3,6),(0.,3.08292910837,4.90801493086),.UNSPECIFIED.) ;
#1951=B_SPLINE_CURVE_WITH_KNOTS('',5,(#1952,#1953,#1954,#1955,#1956,#1957,#1958,#1959,#1960),.UNSPECIFIED.,.F.,.U.,(6,3,6),(0.,3.08292910834,4.90801493084),.UNSPECIFIED.) ;
#2141=B_SPLINE_CURVE_WITH_KNOTS('',5,(#2142,#2143,#2144,#2145,#2146,#2147,#2148,#2149,#2150,#2151,#2152,#2153),.UNSPECIFIED.,.F.,.U.,(6,3,3,6),(21.3500970291,24.5431275454,28.0378565383,34.7586003349),.UNSPECIFIED.) ;
#2212=B_SPLINE_CURVE_WITH_KNOTS('',5,(#2213,#2214,#2215,#2216,#2217,#2218,#2219,#2220,#2221,#2222,#2223,#2224,#2225,#2226,#2227),.UNSPECIFIED.,.F.,.U.,(6,3,3,3,6),(18.8714438389,26.0256005477,28.0448325454,30.8328478818,32.2712378333),.UNSPECIFIED.) ;
#2345=B_SPLINE_CURVE_WITH_KNOTS('',5,(#2346,#2347,#2348,#2349,#2350,#2351),.UNSPECIFIED.,.F.,.U.,(6,6),(0.,2.),.UNSPECIFIED.) ;
#2355=B_SPLINE_CURVE_WITH_KNOTS('',5,(#2356,#2357,#2358,#2359,#2360,#2361,#2362,#2363,#2364,#2365,#2366,#2367,#2368,#2369,#2370,#2371,#2372,#2373,#2374,#2375,#2376,#2377,#2378,#2379),.UNSPECIFIED.,.F.,.U.,(6,3,3,3,3,3,3,6),(21.3500970291,22.2133457547,23.1055707741,24.5431275454,26.1826676759,28.0378565383,32.3392116104,34.7586003349),.UNSPECIFIED.) ;
#2383=B_SPLINE_CURVE_WITH_KNOTS('',3,(#2384,#2385,#2386,#2387),.UNSPECIFIED.,.F.,.U.,(4,4),(0.,2.),.UNSPECIFIED.) ;
#2529=B_SPLINE_CURVE_WITH_KNOTS('',5,(#2530,#2531,#2532,#2533,#2534,#2535,#2536,#2537,#2538,#2539,#2540,#2541,#2542,#2543,#2544,#2545,#2546,#2547,#2548,#2549,#2550,#2551,#2552,#2553),.UNSPECIFIED.,.F.,.U.,(6,3,3,3,3,3,3,6),(18.8714438389,20.2499447396,23.8141933655,26.0256005477,28.0448325454,30.8328478818,31.760063858,32.2712378333),.UNSPECIFIED.) ;
#2557=B_SPLINE_CURVE_WITH_KNOTS('',5,(#2558,#2559,#2560,#2561,#2562,#2563),.UNSPECIFIED.,.F.,.U.,(6,6),(0.,2.),.UNSPECIFIED.) ;
#2685=B_SPLINE_CURVE_WITH_KNOTS('',5,(#2686,#2687,#2688,#2689,#2690,#2691,#2692,#2693,#2694),.UNSPECIFIED.,.F.,.U.,(6,3,6),(4.21324203972,5.44984912077,6.73035578697),.UNSPECIFIED.) ;
#2747=B_SPLINE_CURVE_WITH_KNOTS('',5,(#2748,#2749,#2750,#2751,#2752,#2753,#2754,#2755,#2756,#2757,#2758,#2759),.UNSPECIFIED.,.F.,.U.,(6,3,3,6),(0.,0.733224880207,4.14532873742,5.41290383782),.UNSPECIFIED.) ;
#2768=B_SPLINE_CURVE_WITH_KNOTS('',5,(#2769,#2770,#2771,#2772,#2773,#2774,#2775,#2776,#2777,#2778,#2779,#2780),.UNSPECIFIED.,.F.,.U.,(6,3,3,6),(9.16347477051,15.4354872499,17.6694169647,20.7854584882),.UNSPECIFIED.) ;
#2802=B_SPLINE_CURVE_WITH_KNOTS('',4,(#2803,#2804,#2805,#2806,#2807),.UNSPECIFIED.,.F.,.U.,(5,5),(3.51884878041,7.12110074389),.UNSPECIFIED.) ;
#2853=B_SPLINE_CURVE_WITH_KNOTS('',4,(#2854,#2855,#2856,#2857,#2858),.UNSPECIFIED.,.F.,.U.,(5,5),(0.814606413574,1.99999981027),.UNSPECIFIED.) ;
#2862=B_SPLINE_CURVE_WITH_KNOTS('',5,(#2863,#2864,#2865,#2866,#2867,#2868,#2869,#2870,#2871,#2872,#2873,#2874,#2875,#2876,#2877),.UNSPECIFIED.,.F.,.U.,(6,3,3,3,6),(0.,2.0258541281,3.34622366996,4.26614784092,4.66659321182),.UNSPECIFIED.) ;
#2890=B_SPLINE_CURVE_WITH_KNOTS('',4,(#2891,#2892,#2893,#2894,#2895),.UNSPECIFIED.,.F.,.U.,(5,5),(0.,2.32431115497),.UNSPECIFIED.) ;
#3014=B_SPLINE_CURVE_WITH_KNOTS('',5,(#3015,#3016,#3017,#3018,#3019,#3020,#3021,#3022,#3023),.UNSPECIFIED.,.F.,.U.,(6,3,6),(9.16347477051,12.5122508943,14.7107211011),.UNSPECIFIED.) ;
#3027=B_SPLINE_CURVE_WITH_KNOTS('',5,(#3028,#3029,#3030,#3031,#3032,#3033,#3034,#3035,#3036,#3037,#3038,#3039,#3040,#3041,#3042),.UNSPECIFIED.,.F.,.U.,(6,3,3,3,6),(0.,1.93676501883,3.35411619606,5.35566737421,8.37867173927),.UNSPECIFIED.) ;
#3094=B_SPLINE_CURVE_WITH_KNOTS('',5,(#3095,#3096,#3097,#3098,#3099,#3100,#3101,#3102,#3103,#3104,#3105,#3106),.UNSPECIFIED.,.F.,.U.,(6,3,3,6),(15.6380880727,16.6737510682,19.595947869,21.2271920819),.UNSPECIFIED.) ;
#3284=B_SPLINE_CURVE_WITH_KNOTS('',5,(#3285,#3286,#3287,#3288,#3289,#3290,#3291,#3292,#3293,#3294,#3295,#3296,#3297,#3298,#3299,#3300,#3301,#3302,#3303,#3304,#3305),.UNSPECIFIED.,.F.,.U.,(6,3,3,3,3,3,6),(9.5635244401,9.89177657311,11.9652180981,14.2544548904,16.6737510682,19.595947869,21.2271942413),.UNSPECIFIED.) ;
#3309=B_SPLINE_CURVE_WITH_KNOTS('',5,(#3310,#3311,#3312,#3313,#3314,#3315,#3316,#3317,#3318,#3319,#3320,#3321,#3322,#3323,#3324,#3325,#3326,#3327,#3328,#3329,#3330),.UNSPECIFIED.,.F.,.U.,(6,3,3,3,3,3,6),(0.,1.93649256083,3.35393270312,5.35518250106,6.59401784961,7.87220075628,8.36810647611),.UNSPECIFIED.) ;
#3339=B_SPLINE_CURVE_WITH_KNOTS('',5,(#3340,#3341,#3342,#3343,#3344,#3345,#3346,#3347,#3348),.UNSPECIFIED.,.F.,.U.,(6,3,6),(4.21105551867,5.46986953391,6.75458368281),.UNSPECIFIED.) ;
#3424=B_SPLINE_CURVE_WITH_KNOTS('',5,(#3425,#3426,#3427,#3428,#3429,#3430,#3431,#3432,#3433,#3434,#3435,#3436),.UNSPECIFIED.,.F.,.U.,(6,3,3,6),(0.,0.732533712183,4.1419536932,5.40912691512),.UNSPECIFIED.) ;
#3463=B_SPLINE_CURVE_WITH_KNOTS('',4,(#3464,#3465,#3466,#3467,#3468),.UNSPECIFIED.,.F.,.U.,(5,5),(3.52213319853,7.16278577065),.UNSPECIFIED.) ;
#3514=B_SPLINE_CURVE_WITH_KNOTS('',5,(#3515,#3516,#3517,#3518,#3519,#3520,#3521,#3522,#3523,#3524,#3525,#3526,#3527,#3528,#3529),.UNSPECIFIED.,.F.,.U.,(6,3,3,3,6),(0.,2.05707137209,3.39114912383,4.32258636079,4.72522687556),.UNSPECIFIED.) ;
#3533=B_SPLINE_CURVE_WITH_KNOTS('',4,(#3534,#3535,#3536,#3537,#3538),.UNSPECIFIED.,.F.,.U.,(5,5),(3.82925925665E-007,1.20562276261),.UNSPECIFIED.) ;
#3551=B_SPLINE_CURVE_WITH_KNOTS('',3,(#3552,#3553,#3554,#3555),.UNSPECIFIED.,.F.,.U.,(4,4),(0.,2.2508583168),.UNSPECIFIED.) ;
#3600=B_SPLINE_CURVE_WITH_KNOTS('',5,(#3601,#3602,#3603,#3604,#3605,#3606,#3607,#3608,#3609),.UNSPECIFIED.,.F.,.U.,(6,3,6),(4.21105551867,5.46986953391,6.75458368281),.UNSPECIFIED.) ;
#3659=B_SPLINE_CURVE_WITH_KNOTS('',5,(#3660,#3661,#3662,#3663,#3664,#3665,#3666,#3667,#3668,#3669,#3670,#3671),.UNSPECIFIED.,.F.,.U.,(6,3,3,6),(0.,0.732534071446,4.14195405247,5.40912727437),.UNSPECIFIED.) ;
#3680=B_SPLINE_CURVE_WITH_KNOTS('',5,(#3681,#3682,#3683,#3684,#3685,#3686,#3687,#3688,#3689,#3690,#3691,#3692),.UNSPECIFIED.,.F.,.U.,(6,3,3,6),(9.14398907541,15.4283039803,17.6718061311,20.8071353763),.UNSPECIFIED.) ;
#3739=B_SPLINE_CURVE_WITH_KNOTS('',5,(#3740,#3741,#3742,#3743,#3744,#3745,#3746,#3747,#3748,#3749,#3750,#3751,#3752,#3753,#3754),.UNSPECIFIED.,.F.,.U.,(6,3,3,3,6),(0.,2.05707560107,3.39114487529,4.32259855578,4.72521414951),.UNSPECIFIED.) ;
#3760=B_SPLINE_CURVE_WITH_KNOTS('',4,(#3761,#3762,#3763,#3764,#3765),.UNSPECIFIED.,.F.,.U.,(5,5),(0.794377237389,2.),.UNSPECIFIED.) ;
#3767=B_SPLINE_CURVE_WITH_KNOTS('',5,(#3768,#3769,#3770,#3771,#3772,#3773,#3774,#3775,#3776),.UNSPECIFIED.,.F.,.U.,(6,3,6),(12.3251213292,14.3668184929,15.9657722598),.UNSPECIFIED.) ;
#3789=B_SPLINE_CURVE_WITH_KNOTS('',3,(#3790,#3791,#3792,#3793),.UNSPECIFIED.,.F.,.U.,(4,4),(0.,2.25085831676),.UNSPECIFIED.) ;
#3912=B_SPLINE_CURVE_WITH_KNOTS('',5,(#3913,#3914,#3915,#3916,#3917,#3918,#3919,#3920,#3921,#3922,#3923,#3924,#3925,#3926,#3927),.UNSPECIFIED.,.F.,.U.,(6,3,3,3,6),(0.,1.93653179888,3.35387831476,5.35542161012,8.37842441867),.UNSPECIFIED.) ;
#3931=B_SPLINE_CURVE_WITH_KNOTS('',5,(#3932,#3933,#3934,#3935,#3936,#3937,#3938,#3939,#3940),.UNSPECIFIED.,.F.,.U.,(6,3,6),(9.14398907541,12.4943240347,14.7323961209),.UNSPECIFIED.) ;
#3944=B_SPLINE_CURVE_WITH_KNOTS('',4,(#3945,#3946,#3947,#3948,#3949),.UNSPECIFIED.,.F.,.U.,(5,5),(0.,2.),.UNSPECIFIED.) ;
#3967=B_SPLINE_CURVE_WITH_KNOTS('',5,(#3968,#3969,#3970,#3971,#3972,#3973,#3974,#3975,#3976,#3977,#3978,#3979,#3980,#3981,#3982,#3983,#3984,#3985,#3986,#3987,#3988,#3989,#3990,#3991,#3992,#3993,#3994),.UNSPECIFIED.,.F.,.U.,(6,3,3,3,3,3,3,3,6),(0.,0.874830317119,1.93652912864,3.35388030361,5.3554314785,6.59422058005,7.8722237309,8.21439062733,8.37843585487),.UNSPECIFIED.) ;
#4184=B_SPLINE_CURVE_WITH_KNOTS('',5,(#4185,#4186,#4187,#4188,#4189,#4190,#4191,#4192,#4193,#4194,#4195,#4196,#4197,#4198,#4199,#4200,#4201,#4202),.UNSPECIFIED.,.F.,.U.,(6,3,3,3,3,6),(9.16347477053,12.5122508943,15.4354872499,17.6694169647,19.7759510194,20.7854583041),.UNSPECIFIED.) ;
#4206=B_SPLINE_CURVE_WITH_KNOTS('',4,(#4207,#4208,#4209,#4210,#4211),.UNSPECIFIED.,.F.,.U.,(5,5),(0.,2.),.UNSPECIFIED.) ;
#4215=B_SPLINE_CURVE_WITH_KNOTS('',5,(#4216,#4217,#4218,#4219,#4220,#4221,#4222,#4223,#4224),.UNSPECIFIED.,.F.,.U.,(6,3,6),(9.16347477053,12.5122508943,14.7107211011),.UNSPECIFIED.) ;
#4247=B_SPLINE_CURVE_WITH_KNOTS('',5,(#4248,#4249,#4250,#4251,#4252,#4253,#4254,#4255,#4256),.UNSPECIFIED.,.F.,.U.,(6,3,6),(4.21319787468,5.4498637425,6.7303705755),.UNSPECIFIED.) ;
#4309=B_SPLINE_CURVE_WITH_KNOTS('',5,(#4310,#4311,#4312,#4313,#4314,#4315,#4316,#4317,#4318,#4319,#4320,#4321),.UNSPECIFIED.,.F.,.U.,(6,3,3,6),(0.,0.733221112495,4.14531986823,5.41288654418),.UNSPECIFIED.) ;
#4368=B_SPLINE_CURVE_WITH_KNOTS('',5,(#4369,#4370,#4371,#4372,#4373,#4374,#4375,#4376,#4377),.UNSPECIFIED.,.F.,.U.,(6,3,6),(12.3442643363,14.3643514711,15.9465312936),.UNSPECIFIED.) ;
#4381=B_SPLINE_CURVE_WITH_KNOTS('',4,(#4382,#4383,#4384,#4385,#4386),.UNSPECIFIED.,.F.,.U.,(5,5),(0.,1.18538427194),.UNSPECIFIED.) ;
#4390=B_SPLINE_CURVE_WITH_KNOTS('',5,(#4391,#4392,#4393,#4394,#4395,#4396,#4397,#4398,#4399,#4400,#4401,#4402,#4403,#4404,#4405),.UNSPECIFIED.,.F.,.U.,(6,3,3,3,6),(0.,2.0258661475,3.34623297984,4.26617727422,4.66659981218),.UNSPECIFIED.) ;
#4418=B_SPLINE_CURVE_WITH_KNOTS('',4,(#4419,#4420,#4421,#4422,#4423),.UNSPECIFIED.,.F.,.U.,(5,5),(0.,2.32434009838),.UNSPECIFIED.) ;
#4500=B_SPLINE_CURVE_WITH_KNOTS('',5,(#4501,#4502,#4503,#4504,#4505,#4506,#4507,#4508,#4509,#4510,#4511,#4512,#4513,#4514,#4515),.UNSPECIFIED.,.F.,.U.,(6,3,3,3,6),(21.3498189872,22.99388412,24.4557178503,28.4472543588,34.7577217685),.UNSPECIFIED.) ;
#4591=B_SPLINE_CURVE_WITH_KNOTS('',5,(#4592,#4593,#4594,#4595,#4596,#4597,#4598,#4599,#4600,#4601,#4602,#4603,#4604,#4605,#4606),.UNSPECIFIED.,.F.,.U.,(6,3,3,3,6),(18.871437036,25.0568910506,29.0178489746,30.4922035037,32.2796248974),.UNSPECIFIED.) ;
#4629=B_SPLINE_CURVE_WITH_KNOTS('',5,(#4630,#4631,#4632,#4633,#4634,#4635,#4636,#4637,#4638,#4639,#4640,#4641,#4642,#4643,#4644,#4645,#4646,#4647,#4648,#4649,#4650,#4651,#4652,#4653),.UNSPECIFIED.,.F.,.U.,(6,3,3,3,3,3,3,6),(18.871437036,22.2151337222,25.0568910506,27.2707133429,29.0178489746,30.4922035037,31.3957274452,32.2796248974),.UNSPECIFIED.) ;
#4664=B_SPLINE_CURVE_WITH_KNOTS('',5,(#4665,#4666,#4667,#4668,#4669,#4670,#4671,#4672,#4673,#4674,#4675,#4676,#4677,#4678,#4679,#4680,#4681,#4682,#4683,#4684,#4685,#4686,#4687,#4688),.UNSPECIFIED.,.F.,.U.,(6,3,3,3,3,3,3,6),(21.3498189872,21.8530155832,22.99388412,24.4557178503,26.3390173632,28.4472543588,32.8094299867,34.7577217685),.UNSPECIFIED.) ;
#4903=B_SPLINE_CURVE_WITH_KNOTS('',3,(#4904,#4905,#4906,#4907),.UNSPECIFIED.,.F.,.U.,(4,4),(0.,2.),.UNSPECIFIED.) ;
#5042=B_SPLINE_CURVE_WITH_KNOTS('',5,(#5043,#5044,#5045,#5046,#5047,#5048),.UNSPECIFIED.,.F.,.U.,(6,6),(0.,2.),.UNSPECIFIED.) ;
#5350=B_SPLINE_CURVE_WITH_KNOTS('',5,(#5351,#5352,#5353,#5354,#5355,#5356,#5357,#5358,#5359,#5360,#5361,#5362),.UNSPECIFIED.,.F.,.U.,(6,3,3,6),(0.,3.42217242594,10.1841869482,13.4850024941),.UNSPECIFIED.) ;
#5364=B_SPLINE_CURVE_WITH_KNOTS('',5,(#5365,#5366,#5367,#5368,#5369,#5370,#5371,#5372,#5373,#5374,#5375,#5376),.UNSPECIFIED.,.F.,.U.,(6,3,3,6),(0.,3.42217242591,10.1841869482,13.4850024942),.UNSPECIFIED.) ;
#5471=B_SPLINE_CURVE_WITH_KNOTS('',5,(#5472,#5473,#5474,#5475,#5476,#5477,#5478,#5479,#5480,#5481,#5482,#5483),.UNSPECIFIED.,.F.,.U.,(6,3,3,6),(0.,3.4221724259,10.1841869482,13.4850024941),.UNSPECIFIED.) ;
#5485=B_SPLINE_CURVE_WITH_KNOTS('',5,(#5486,#5487,#5488,#5489,#5490,#5491,#5492,#5493,#5494,#5495,#5496,#5497),.UNSPECIFIED.,.F.,.U.,(6,3,3,6),(0.,3.42217242595,10.1841869482,13.4850024941),.UNSPECIFIED.) ;
#2236=B_SPLINE_SURFACE_WITH_KNOTS('',5,5,((#2237,#2238,#2239,#2240,#2241,#2242,#2243,#2244,#2245),(#2246,#2247,#2248,#2249,#2250,#2251,#2252,#2253,#2254),(#2255,#2256,#2257,#2258,#2259,#2260,#2261,#2262,#2263),(#2264,#2265,#2266,#2267,#2268,#2269,#2270,#2271,#2272),(#2273,#2274,#2275,#2276,#2277,#2278,#2279,#2280,#2281),(#2282,#2283,#2284,#2285,#2286,#2287,#2288,#2289,#2290),(#2291,#2292,#2293,#2294,#2295,#2296,#2297,#2298,#2299),(#2300,#2301,#2302,#2303,#2304,#2305,#2306,#2307,#2308),(#2309,#2310,#2311,#2312,#2313,#2314,#2315,#2316,#2317),(#2318,#2319,#2320,#2321,#2322,#2323,#2324,#2325,#2326),(#2327,#2328,#2329,#2330,#2331,#2332,#2333,#2334,#2335),(#2336,#2337,#2338,#2339,#2340,#2341,#2342,#2343,#2344)),.UNSPECIFIED.,.F.,.F.,.U.,(6,3,3,6),(6,3,6),(21.3500970291,24.5431275454,28.0378565383,34.7586003349),(0.,1.,2.),.UNSPECIFIED.) ;
#2420=B_SPLINE_SURFACE_WITH_KNOTS('',5,5,((#2421,#2422,#2423,#2424,#2425,#2426,#2427,#2428,#2429),(#2430,#2431,#2432,#2433,#2434,#2435,#2436,#2437,#2438),(#2439,#2440,#2441,#2442,#2443,#2444,#2445,#2446,#2447),(#2448,#2449,#2450,#2451,#2452,#2453,#2454,#2455,#2456),(#2457,#2458,#2459,#2460,#2461,#2462,#2463,#2464,#2465),(#2466,#2467,#2468,#2469,#2470,#2471,#2472,#2473,#2474),(#2475,#2476,#2477,#2478,#2479,#2480,#2481,#2482,#2483),(#2484,#2485,#2486,#2487,#2488,#2489,#2490,#2491,#2492),(#2493,#2494,#2495,#2496,#2497,#2498,#2499,#2500,#2501),(#2502,#2503,#2504,#2505,#2506,#2507,#2508,#2509,#2510),(#2511,#2512,#2513,#2514,#2515,#2516,#2517,#2518,#2519),(#2520,#2521,#2522,#2523,#2524,#2525,#2526,#2527,#2528)),.UNSPECIFIED.,.F.,.F.,.U.,(6,3,3,6),(6,3,6),(18.8714438389,26.0256005477,28.0448325454,32.2712378333),(0.,1.,2.),.UNSPECIFIED.) ;
#2816=B_SPLINE_SURFACE_WITH_KNOTS('',5,5,((#2817,#2818,#2819,#2820,#2821,#2822),(#2823,#2824,#2825,#2826,#2827,#2828),(#2829,#2830,#2831,#2832,#2833,#2834),(#2835,#2836,#2837,#2838,#2839,#2840),(#2841,#2842,#2843,#2844,#2845,#2846),(#2847,#2848,#2849,#2850,#2851,#2852)),.UNSPECIFIED.,.F.,.F.,.U.,(6,6),(6,6),(3.51884878041,7.12110065963),(0.814606413573,2.),.UNSPECIFIED.) ;
#2905=B_SPLINE_SURFACE_WITH_KNOTS('',5,5,((#2906,#2907,#2908,#2909,#2910,#2911,#2912,#2913,#2914),(#2915,#2916,#2917,#2918,#2919,#2920,#2921,#2922,#2923),(#2924,#2925,#2926,#2927,#2928,#2929,#2930,#2931,#2932),(#2933,#2934,#2935,#2936,#2937,#2938,#2939,#2940,#2941),(#2942,#2943,#2944,#2945,#2946,#2947,#2948,#2949,#2950),(#2951,#2952,#2953,#2954,#2955,#2956,#2957,#2958,#2959),(#2960,#2961,#2962,#2963,#2964,#2965,#2966,#2967,#2968),(#2969,#2970,#2971,#2972,#2973,#2974,#2975,#2976,#2977),(#2978,#2979,#2980,#2981,#2982,#2983,#2984,#2985,#2986),(#2987,#2988,#2989,#2990,#2991,#2992,#2993,#2994,#2995),(#2996,#2997,#2998,#2999,#3000,#3001,#3002,#3003,#3004),(#3005,#3006,#3007,#3008,#3009,#3010,#3011,#3012,#3013)),.UNSPECIFIED.,.F.,.F.,.U.,(6,3,3,6),(6,3,6),(9.16347477051,12.5122508943,15.4354872499,20.7854583962),(0.,1.,2.),.UNSPECIFIED.) ;
#3175=B_SPLINE_SURFACE_WITH_KNOTS('',5,5,((#3176,#3177,#3178,#3179,#3180,#3181,#3182,#3183,#3184),(#3185,#3186,#3187,#3188,#3189,#3190,#3191,#3192,#3193),(#3194,#3195,#3196,#3197,#3198,#3199,#3200,#3201,#3202),(#3203,#3204,#3205,#3206,#3207,#3208,#3209,#3210,#3211),(#3212,#3213,#3214,#3215,#3216,#3217,#3218,#3219,#3220),(#3221,#3222,#3223,#3224,#3225,#3226,#3227,#3228,#3229),(#3230,#3231,#3232,#3233,#3234,#3235,#3236,#3237,#3238),(#3239,#3240,#3241,#3242,#3243,#3244,#3245,#3246,#3247),(#3248,#3249,#3250,#3251,#3252,#3253,#3254,#3255,#3256),(#3257,#3258,#3259,#3260,#3261,#3262,#3263,#3264,#3265),(#3266,#3267,#3268,#3269,#3270,#3271,#3272,#3273,#3274),(#3275,#3276,#3277,#3278,#3279,#3280,#3281,#3282,#3283)),.UNSPECIFIED.,.F.,.F.,.U.,(6,3,3,6),(6,3,6),(9.5635244401,14.2544548904,16.6737510682,21.2272108412),(0.,1.,2.),.UNSPECIFIED.) ;
#3477=B_SPLINE_SURFACE_WITH_KNOTS('',5,5,((#3478,#3479,#3480,#3481,#3482,#3483),(#3484,#3485,#3486,#3487,#3488,#3489),(#3490,#3491,#3492,#3493,#3494,#3495),(#3496,#3497,#3498,#3499,#3500,#3501),(#3502,#3503,#3504,#3505,#3506,#3507),(#3508,#3509,#3510,#3511,#3512,#3513)),.UNSPECIFIED.,.F.,.F.,.U.,(6,6),(6,6),(3.52213319852,7.16278577066),(0.,1.20562276261),.UNSPECIFIED.) ;
#3702=B_SPLINE_SURFACE_WITH_KNOTS('',5,5,((#3703,#3704,#3705,#3706,#3707,#3708),(#3709,#3710,#3711,#3712,#3713,#3714),(#3715,#3716,#3717,#3718,#3719,#3720),(#3721,#3722,#3723,#3724,#3725,#3726),(#3727,#3728,#3729,#3730,#3731,#3732),(#3733,#3734,#3735,#3736,#3737,#3738)),.UNSPECIFIED.,.F.,.F.,.U.,(6,6),(6,6),(12.3251213292,15.9657722598),(0.794377237388,2.),.UNSPECIFIED.) ;
#3803=B_SPLINE_SURFACE_WITH_KNOTS('',5,5,((#3804,#3805,#3806,#3807,#3808,#3809,#3810,#3811,#3812),(#3813,#3814,#3815,#3816,#3817,#3818,#3819,#3820,#3821),(#3822,#3823,#3824,#3825,#3826,#3827,#3828,#3829,#3830),(#3831,#3832,#3833,#3834,#3835,#3836,#3837,#3838,#3839),(#3840,#3841,#3842,#3843,#3844,#3845,#3846,#3847,#3848),(#3849,#3850,#3851,#3852,#3853,#3854,#3855,#3856,#3857),(#3858,#3859,#3860,#3861,#3862,#3863,#3864,#3865,#3866),(#3867,#3868,#3869,#3870,#3871,#3872,#3873,#3874,#3875),(#3876,#3877,#3878,#3879,#3880,#3881,#3882,#3883,#3884),(#3885,#3886,#3887,#3888,#3889,#3890,#3891,#3892,#3893),(#3894,#3895,#3896,#3897,#3898,#3899,#3900,#3901,#3902),(#3903,#3904,#3905,#3906,#3907,#3908,#3909,#3910,#3911)),.UNSPECIFIED.,.F.,.F.,.U.,(6,3,3,6),(6,3,6),(9.14398907541,12.4943240347,15.4283039803,20.8071352446),(0.,1.,2.),.UNSPECIFIED.) ;
#4075=B_SPLINE_SURFACE_WITH_KNOTS('',5,5,((#4076,#4077,#4078,#4079,#4080,#4081,#4082,#4083,#4084),(#4085,#4086,#4087,#4088,#4089,#4090,#4091,#4092,#4093),(#4094,#4095,#4096,#4097,#4098,#4099,#4100,#4101,#4102),(#4103,#4104,#4105,#4106,#4107,#4108,#4109,#4110,#4111),(#4112,#4113,#4114,#4115,#4116,#4117,#4118,#4119,#4120),(#4121,#4122,#4123,#4124,#4125,#4126,#4127,#4128,#4129),(#4130,#4131,#4132,#4133,#4134,#4135,#4136,#4137,#4138),(#4139,#4140,#4141,#4142,#4143,#4144,#4145,#4146,#4147),(#4148,#4149,#4150,#4151,#4152,#4153,#4154,#4155,#4156),(#4157,#4158,#4159,#4160,#4161,#4162,#4163,#4164,#4165),(#4166,#4167,#4168,#4169,#4170,#4171,#4172,#4173,#4174),(#4175,#4176,#4177,#4178,#4179,#4180,#4181,#4182,#4183)),.UNSPECIFIED.,.F.,.F.,.U.,(6,3,3,6),(6,3,6),(9.16347477053,12.5122508943,15.4354872499,20.7854583962),(0.,1.,2.),.UNSPECIFIED.) ;
#4331=B_SPLINE_SURFACE_WITH_KNOTS('',5,5,((#4332,#4333,#4334,#4335,#4336,#4337),(#4338,#4339,#4340,#4341,#4342,#4343),(#4344,#4345,#4346,#4347,#4348,#4349),(#4350,#4351,#4352,#4353,#4354,#4355),(#4356,#4357,#4358,#4359,#4360,#4361),(#4362,#4363,#4364,#4365,#4366,#4367)),.UNSPECIFIED.,.F.,.F.,.U.,(6,6),(6,6),(12.3442643363,15.9465312937),(0.,1.18538427194),.UNSPECIFIED.) ;
#4794=B_SPLINE_SURFACE_WITH_KNOTS('',5,5,((#4795,#4796,#4797,#4798,#4799,#4800,#4801,#4802,#4803),(#4804,#4805,#4806,#4807,#4808,#4809,#4810,#4811,#4812),(#4813,#4814,#4815,#4816,#4817,#4818,#4819,#4820,#4821),(#4822,#4823,#4824,#4825,#4826,#4827,#4828,#4829,#4830),(#4831,#4832,#4833,#4834,#4835,#4836,#4837,#4838,#4839),(#4840,#4841,#4842,#4843,#4844,#4845,#4846,#4847,#4848),(#4849,#4850,#4851,#4852,#4853,#4854,#4855,#4856,#4857),(#4858,#4859,#4860,#4861,#4862,#4863,#4864,#4865,#4866),(#4867,#4868,#4869,#4870,#4871,#4872,#4873,#4874,#4875),(#4876,#4877,#4878,#4879,#4880,#4881,#4882,#4883,#4884),(#4885,#4886,#4887,#4888,#4889,#4890,#4891,#4892,#4893),(#4894,#4895,#4896,#4897,#4898,#4899,#4900,#4901,#4902)),.UNSPECIFIED.,.F.,.F.,.U.,(6,3,3,6),(6,3,6),(18.871437036,25.0568910506,29.0178489746,32.2796248974),(0.,1.,2.),.UNSPECIFIED.) ;
#4933=B_SPLINE_SURFACE_WITH_KNOTS('',5,5,((#4934,#4935,#4936,#4937,#4938,#4939,#4940,#4941,#4942),(#4943,#4944,#4945,#4946,#4947,#4948,#4949,#4950,#4951),(#4952,#4953,#4954,#4955,#4956,#4957,#4958,#4959,#4960),(#4961,#4962,#4963,#4964,#4965,#4966,#4967,#4968,#4969),(#4970,#4971,#4972,#4973,#4974,#4975,#4976,#4977,#4978),(#4979,#4980,#4981,#4982,#4983,#4984,#4985,#4986,#4987),(#4988,#4989,#4990,#4991,#4992,#4993,#4994,#4995,#4996),(#4997,#4998,#4999,#5000,#5001,#5002,#5003,#5004,#5005),(#5006,#5007,#5008,#5009,#5010,#5011,#5012,#5013,#5014),(#5015,#5016,#5017,#5018,#5019,#5020,#5021,#5022,#5023),(#5024,#5025,#5026,#5027,#5028,#5029,#5030,#5031,#5032),(#5033,#5034,#5035,#5036,#5037,#5038,#5039,#5040,#5041)),.UNSPECIFIED.,.F.,.F.,.U.,(6,3,3,6),(6,3,6),(21.3498189872,24.4557178503,28.4472543588,34.7577217685),(0.,1.,2.),.UNSPECIFIED.) ;
#5530=MANIFOLD_SOLID_BREP('Hauptk\X2\00F6\X0\rper',#55) ;
#11=CALENDAR_DATE(2020,11,11) ;
#30=CC_DESIGN_APPROVAL(#21,(#16,#6,#14)) ;
#18=CC_DESIGN_DATE_AND_TIME_ASSIGNMENT(#13,#17,(#16)) ;
#29=CC_DESIGN_DATE_AND_TIME_ASSIGNMENT(#13,#28,(#14)) ;
#17=DATE_TIME_ROLE('classification_date') ;
#28=DATE_TIME_ROLE('creation_date') ;
#27=CC_DESIGN_PERSON_AND_ORGANIZATION_ASSIGNMENT(#25,#26,(#16)) ;
#33=CC_DESIGN_PERSON_AND_ORGANIZATION_ASSIGNMENT(#25,#34,(#6)) ;
#35=CC_DESIGN_PERSON_AND_ORGANIZATION_ASSIGNMENT(#25,#36,(#6,#14)) ;
#37=CC_DESIGN_PERSON_AND_ORGANIZATION_ASSIGNMENT(#25,#38,(#5)) ;
#26=PERSON_AND_ORGANIZATION_ROLE('classification_officer') ;
#34=PERSON_AND_ORGANIZATION_ROLE('design_supplier') ;
#36=PERSON_AND_ORGANIZATION_ROLE('creator') ;
#38=PERSON_AND_ORGANIZATION_ROLE('design_owner') ;
#39=CC_DESIGN_SECURITY_CLASSIFICATION(#16,(#6)) ;
#436=CIRCLE('generated circle',#435,1.5) ;
#445=CIRCLE('generated circle',#444,34.) ;
#452=CIRCLE('generated circle',#451,1.5) ;
#459=CIRCLE('generated circle',#458,32.5) ;
#476=CIRCLE('generated circle',#475,34.) ;
#481=CIRCLE('generated circle',#480,32.5) ;
#507=CIRCLE('generated circle',#506,6.) ;
#521=CIRCLE('generated circle',#520,6.) ;
#533=CIRCLE('generated circle',#532,6.) ;
#538=CIRCLE('generated circle',#537,6.) ;
#564=CIRCLE('generated circle',#563,6.) ;
#578=CIRCLE('generated circle',#577,6.) ;
#590=CIRCLE('generated circle',#589,6.) ;
#595=CIRCLE('generated circle',#594,6.) ;
#621=CIRCLE('generated circle',#620,6.) ;
#635=CIRCLE('generated circle',#634,6.) ;
#647=CIRCLE('generated circle',#646,6.) ;
#652=CIRCLE('generated circle',#651,6.) ;
#678=CIRCLE('generated circle',#677,6.) ;
#692=CIRCLE('generated circle',#691,6.) ;
#704=CIRCLE('generated circle',#703,6.) ;
#709=CIRCLE('generated circle',#708,6.) ;
#734=CIRCLE('generated circle',#733,7.5) ;
#743=CIRCLE('generated circle',#742,7.5) ;
#761=CIRCLE('generated circle',#760,7.5) ;
#770=CIRCLE('generated circle',#769,7.5) ;
#799=CIRCLE('generated circle',#798,34.) ;
#811=CIRCLE('generated circle',#810,34.) ;
#832=CIRCLE('generated circle',#831,3.5) ;
#841=CIRCLE('generated circle',#840,3.5) ;
#855=CIRCLE('generated circle',#854,3.5) ;
#864=CIRCLE('generated circle',#863,3.5) ;
#878=CIRCLE('generated circle',#877,3.5) ;
#887=CIRCLE('generated circle',#886,3.5) ;
#901=CIRCLE('generated circle',#900,3.5) ;
#910=CIRCLE('generated circle',#909,3.5) ;
#975=CIRCLE('generated circle',#974,7.5) ;
#984=CIRCLE('generated circle',#983,7.5) ;
#1078=CIRCLE('generated circle',#1077,1.5) ;
#1085=CIRCLE('generated circle',#1084,32.5) ;
#1092=CIRCLE('generated circle',#1091,1.5) ;
#1109=CIRCLE('generated circle',#1108,32.5) ;
#1133=CIRCLE('generated circle',#1132,3.5) ;
#1152=CIRCLE('generated circle',#1151,3.5) ;
#1176=CIRCLE('generated circle',#1175,3.5) ;
#1195=CIRCLE('generated circle',#1194,3.5) ;
#1219=CIRCLE('generated circle',#1218,3.5) ;
#1238=CIRCLE('generated circle',#1237,3.5) ;
#1262=CIRCLE('generated circle',#1261,3.5) ;
#1281=CIRCLE('generated circle',#1280,3.5) ;
#1324=CIRCLE('generated circle',#1323,7.5) ;
#1333=CIRCLE('generated circle',#1332,7.5) ;
#1812=CIRCLE('generated circle',#1811,10.6022957845) ;
#1855=CIRCLE('generated circle',#1854,8.60229578454) ;
#1872=CIRCLE('generated circle',#1871,10.6022957845) ;
#1912=CIRCLE('generated circle',#1911,8.60229578454) ;
#2130=CIRCLE('generated circle',#2129,5.) ;
#2210=CIRCLE('generated circle',#2209,5.) ;
#2411=CIRCLE('generated circle',#2410,2.) ;
#2594=CIRCLE('generated circle',#2593,2.) ;
#2611=CIRCLE('generated circle',#2610,2.) ;
#2618=CIRCLE('generated circle',#2617,2.) ;
#2641=CIRCLE('generated circle',#2640,2.) ;
#3073=CIRCLE('generated circle',#3072,2.) ;
#3136=CIRCLE('generated circle',#3135,2.) ;
#3150=CIRCLE('generated circle',#3149,2.) ;
#3167=CIRCLE('generated circle',#3166,2.) ;
#4489=CIRCLE('generated circle',#4488,5.) ;
#4539=CIRCLE('generated circle',#4538,2.) ;
#4563=CIRCLE('generated circle',#4562,2.) ;
#4589=CIRCLE('generated circle',#4588,5.) ;
#4723=CIRCLE('generated circle',#4722,2.) ;
#4747=CIRCLE('generated circle',#4746,2.) ;
#4764=CIRCLE('generated circle',#4763,2.) ;
#4785=CIRCLE('generated circle',#4784,2.) ;
#4924=CIRCLE('generated circle',#4923,2.) ;
#5070=CIRCLE('generated circle',#5069,2.) ;
#5149=CIRCLE('generated circle',#5148,5.) ;
#5168=CIRCLE('generated circle',#5167,5.) ;
#5206=CIRCLE('generated circle',#5205,5.) ;
#5220=CIRCLE('generated circle',#5219,5.) ;
#54=SHAPE_REPRESENTATION_RELATIONSHIP(' ',' ',#49,#52) ;
#5532=SHAPE_REPRESENTATION_RELATIONSHIP(' ',' ',#49,#5531) ;
#494=CYLINDRICAL_SURFACE('generated cylinder',#493,6.) ;
#551=CYLINDRICAL_SURFACE('generated cylinder',#550,6.) ;
#608=CYLINDRICAL_SURFACE('generated cylinder',#607,6.) ;
#665=CYLINDRICAL_SURFACE('generated cylinder',#664,6.) ;
#781=CYLINDRICAL_SURFACE('generated cylinder',#780,34.) ;
#995=CYLINDRICAL_SURFACE('generated cylinder',#994,7.5) ;
#1122=CYLINDRICAL_SURFACE('generated cylinder',#1121,3.5) ;
#1165=CYLINDRICAL_SURFACE('generated cylinder',#1164,3.5) ;
#1208=CYLINDRICAL_SURFACE('generated cylinder',#1207,3.5) ;
#1251=CYLINDRICAL_SURFACE('generated cylinder',#1250,3.5) ;
#1344=CYLINDRICAL_SURFACE('generated cylinder',#1343,7.5) ;
#1611=CYLINDRICAL_SURFACE('generated cylinder',#1610,7.5) ;
#1908=CYLINDRICAL_SURFACE('generated cylinder',#1907,8.60229578454) ;
#2117=CYLINDRICAL_SURFACE('generated cylinder',#2116,5.) ;
#2197=CYLINDRICAL_SURFACE('generated cylinder',#2196,5.) ;
#2400=CYLINDRICAL_SURFACE('generated cylinder',#2399,2.) ;
#2576=CYLINDRICAL_SURFACE('generated cylinder',#2575,2.) ;
#2630=CYLINDRICAL_SURFACE('generated cylinder',#2629,2.) ;
#2746=CYLINDRICAL_SURFACE('generated cylinder',#2745,2.) ;
#2794=CYLINDRICAL_SURFACE('generated cylinder',#2793,2.) ;
#2889=CYLINDRICAL_SURFACE('generated cylinder',#2888,2.) ;
#3055=CYLINDRICAL_SURFACE('generated cylinder',#3054,2.) ;
#3132=CYLINDRICAL_SURFACE('generated cylinder',#3131,2.) ;
#3423=CYLINDRICAL_SURFACE('generated cylinder',#3422,2.) ;
#3455=CYLINDRICAL_SURFACE('generated cylinder',#3454,2.) ;
#3550=CYLINDRICAL_SURFACE('generated cylinder',#3549,2.) ;
#3658=CYLINDRICAL_SURFACE('generated cylinder',#3657,2.) ;
#3788=CYLINDRICAL_SURFACE('generated cylinder',#3787,2.) ;
#4308=CYLINDRICAL_SURFACE('generated cylinder',#4307,2.) ;
#4417=CYLINDRICAL_SURFACE('generated cylinder',#4416,2.) ;
#4485=CYLINDRICAL_SURFACE('generated cylinder',#4484,5.) ;
#4528=CYLINDRICAL_SURFACE('generated cylinder',#4527,2.) ;
#4552=CYLINDRICAL_SURFACE('generated cylinder',#4551,2.) ;
#4576=CYLINDRICAL_SURFACE('generated cylinder',#4575,5.) ;
#4719=CYLINDRICAL_SURFACE('generated cylinder',#4718,2.) ;
#4736=CYLINDRICAL_SURFACE('generated cylinder',#4735,2.) ;
#4776=CYLINDRICAL_SURFACE('generated cylinder',#4775,2.) ;
#4920=CYLINDRICAL_SURFACE('generated cylinder',#4919,2.) ;
#5061=CYLINDRICAL_SURFACE('generated cylinder',#5060,2.) ;
#5349=CYLINDRICAL_SURFACE('generated cylinder',#5348,5.) ;
#5389=CYLINDRICAL_SURFACE('generated cylinder',#5388,5.) ;
#5401=CYLINDRICAL_SURFACE('generated cylinder',#5400,5.) ;
#5470=CYLINDRICAL_SURFACE('generated cylinder',#5469,5.) ;
#5510=CYLINDRICAL_SURFACE('generated cylinder',#5509,5.) ;
#5522=CYLINDRICAL_SURFACE('generated cylinder',#5521,5.) ;
#432=TOROIDAL_SURFACE('homeo Torus',#431,32.5,1.5) ;
#472=TOROIDAL_SURFACE('homeo Torus',#471,32.5,1.5) ;
#1074=TOROIDAL_SURFACE('homeo Torus',#1073,32.5,1.5) ;
#1105=TOROIDAL_SURFACE('homeo Torus',#1104,32.5,1.5) ;
#1825=TOROIDAL_SURFACE('homeo Torus',#1824,10.6022957845,2.) ;
#1939=TOROIDAL_SURFACE('homeo Torus',#1938,10.6022957845,2.) ;
#3=DESIGN_CONTEXT(' ',#1,'design') ;
#69=EDGE_CURVE('',#66,#68,#64,.T.) ;
#76=EDGE_CURVE('',#66,#75,#73,.T.) ;
#83=EDGE_CURVE('',#75,#82,#80,.T.) ;
#88=EDGE_CURVE('',#68,#82,#87,.T.) ;
#109=EDGE_CURVE('',#106,#108,#104,.T.) ;
#114=EDGE_CURVE('',#106,#66,#113,.T.) ;
#119=EDGE_CURVE('',#108,#68,#118,.T.) ;
#140=EDGE_CURVE('',#137,#139,#135,.T.) ;
#145=EDGE_CURVE('',#137,#106,#144,.T.) ;
#150=EDGE_CURVE('',#139,#108,#149,.T.) ;
#171=EDGE_CURVE('',#168,#170,#166,.T.) ;
#176=EDGE_CURVE('',#168,#137,#175,.T.) ;
#181=EDGE_CURVE('',#170,#139,#180,.T.) ;
#202=EDGE_CURVE('',#199,#201,#197,.T.) ;
#207=EDGE_CURVE('',#199,#168,#206,.T.) ;
#212=EDGE_CURVE('',#201,#170,#211,.T.) ;
#229=EDGE_CURVE('',#75,#199,#228,.T.) ;
#234=EDGE_CURVE('',#82,#201,#233,.T.) ;
#255=EDGE_CURVE('',#252,#254,#250,.T.) ;
#262=EDGE_CURVE('',#252,#261,#259,.T.) ;
#269=EDGE_CURVE('',#261,#268,#266,.T.) ;
#274=EDGE_CURVE('',#254,#268,#273,.T.) ;
#295=EDGE_CURVE('',#292,#294,#290,.T.) ;
#300=EDGE_CURVE('',#292,#252,#299,.T.) ;
#305=EDGE_CURVE('',#294,#254,#304,.T.) ;
#326=EDGE_CURVE('',#323,#325,#321,.T.) ;
#331=EDGE_CURVE('',#323,#292,#330,.T.) ;
#336=EDGE_CURVE('',#325,#294,#335,.T.) ;
#357=EDGE_CURVE('',#354,#356,#352,.T.) ;
#362=EDGE_CURVE('',#354,#323,#361,.T.) ;
#367=EDGE_CURVE('',#356,#325,#366,.T.) ;
#388=EDGE_CURVE('',#385,#387,#383,.T.) ;
#393=EDGE_CURVE('',#385,#354,#392,.T.) ;
#398=EDGE_CURVE('',#387,#356,#397,.T.) ;
#415=EDGE_CURVE('',#261,#385,#414,.T.) ;
#420=EDGE_CURVE('',#268,#387,#419,.T.) ;
#441=EDGE_CURVE('',#438,#440,#436,.F.) ;
#448=EDGE_CURVE('',#440,#447,#445,.T.) ;
#455=EDGE_CURVE('',#454,#447,#452,.F.) ;
#460=EDGE_CURVE('',#438,#454,#459,.T.) ;
#477=EDGE_CURVE('',#447,#440,#476,.T.) ;
#482=EDGE_CURVE('',#454,#438,#481,.T.) ;
#503=EDGE_CURVE('',#500,#502,#498,.F.) ;
#510=EDGE_CURVE('',#500,#509,#507,.T.) ;
#517=EDGE_CURVE('',#509,#516,#514,.F.) ;
#522=EDGE_CURVE('',#502,#516,#521,.T.) ;
#534=EDGE_CURVE('',#509,#500,#533,.T.) ;
#539=EDGE_CURVE('',#516,#502,#538,.T.) ;
#560=EDGE_CURVE('',#557,#559,#555,.F.) ;
#567=EDGE_CURVE('',#557,#566,#564,.T.) ;
#574=EDGE_CURVE('',#566,#573,#571,.F.) ;
#579=EDGE_CURVE('',#559,#573,#578,.T.) ;
#591=EDGE_CURVE('',#566,#557,#590,.T.) ;
#596=EDGE_CURVE('',#573,#559,#595,.T.) ;
#617=EDGE_CURVE('',#614,#616,#612,.F.) ;
#624=EDGE_CURVE('',#614,#623,#621,.T.) ;
#631=EDGE_CURVE('',#623,#630,#628,.F.) ;
#636=EDGE_CURVE('',#616,#630,#635,.T.) ;
#648=EDGE_CURVE('',#623,#614,#647,.T.) ;
#653=EDGE_CURVE('',#630,#616,#652,.T.) ;
#674=EDGE_CURVE('',#671,#673,#669,.F.) ;
#681=EDGE_CURVE('',#671,#680,#678,.T.) ;
#688=EDGE_CURVE('',#680,#687,#685,.F.) ;
#693=EDGE_CURVE('',#673,#687,#692,.T.) ;
#705=EDGE_CURVE('',#680,#671,#704,.T.) ;
#710=EDGE_CURVE('',#687,#673,#709,.T.) ;
#739=EDGE_CURVE('',#736,#738,#734,.T.) ;
#744=EDGE_CURVE('',#738,#736,#743,.T.) ;
#766=EDGE_CURVE('',#763,#765,#761,.T.) ;
#771=EDGE_CURVE('',#765,#763,#770,.T.) ;
#788=EDGE_CURVE('',#787,#447,#785,.T.) ;
#795=EDGE_CURVE('',#794,#440,#792,.T.) ;
#800=EDGE_CURVE('',#794,#787,#799,.T.) ;
#812=EDGE_CURVE('',#787,#794,#811,.T.) ;
#837=EDGE_CURVE('',#834,#836,#832,.T.) ;
#842=EDGE_CURVE('',#836,#834,#841,.T.) ;
#860=EDGE_CURVE('',#857,#859,#855,.T.) ;
#865=EDGE_CURVE('',#859,#857,#864,.T.) ;
#883=EDGE_CURVE('',#880,#882,#878,.T.) ;
#888=EDGE_CURVE('',#882,#880,#887,.T.) ;
#906=EDGE_CURVE('',#903,#905,#901,.T.) ;
#911=EDGE_CURVE('',#905,#903,#910,.T.) ;
#930=EDGE_CURVE('',#927,#929,#925,.T.) ;
#937=EDGE_CURVE('',#929,#936,#934,.T.) ;
#944=EDGE_CURVE('',#936,#943,#941,.T.) ;
#951=EDGE_CURVE('',#943,#950,#948,.T.) ;
#958=EDGE_CURVE('',#950,#957,#955,.T.) ;
#963=EDGE_CURVE('',#957,#927,#962,.T.) ;
#980=EDGE_CURVE('',#977,#979,#975,.T.) ;
#985=EDGE_CURVE('',#979,#977,#984,.T.) ;
#1022=EDGE_CURVE('',#1019,#1021,#996,.T.) ;
#1027=EDGE_CURVE('',#736,#1019,#1026,.F.) ;
#1032=EDGE_CURVE('',#738,#1021,#1031,.F.) ;
#1062=EDGE_CURVE('',#1021,#1019,#1040,.T.) ;
#1081=EDGE_CURVE('',#794,#1080,#1078,.F.) ;
#1088=EDGE_CURVE('',#1080,#1087,#1085,.T.) ;
#1093=EDGE_CURVE('',#787,#1087,#1092,.F.) ;
#1110=EDGE_CURVE('',#1087,#1080,#1109,.T.) ;
#1129=EDGE_CURVE('',#836,#1128,#1126,.F.) ;
#1136=EDGE_CURVE('',#1135,#1128,#1133,.T.) ;
#1141=EDGE_CURVE('',#834,#1135,#1140,.F.) ;
#1153=EDGE_CURVE('',#1128,#1135,#1152,.T.) ;
#1172=EDGE_CURVE('',#859,#1171,#1169,.F.) ;
#1179=EDGE_CURVE('',#1178,#1171,#1176,.T.) ;
#1184=EDGE_CURVE('',#857,#1178,#1183,.F.) ;
#1196=EDGE_CURVE('',#1171,#1178,#1195,.T.) ;
#1215=EDGE_CURVE('',#882,#1214,#1212,.F.) ;
#1222=EDGE_CURVE('',#1221,#1214,#1219,.T.) ;
#1227=EDGE_CURVE('',#880,#1221,#1226,.F.) ;
#1239=EDGE_CURVE('',#1214,#1221,#1238,.T.) ;
#1258=EDGE_CURVE('',#905,#1257,#1255,.F.) ;
#1265=EDGE_CURVE('',#1264,#1257,#1262,.T.) ;
#1270=EDGE_CURVE('',#903,#1264,#1269,.F.) ;
#1282=EDGE_CURVE('',#1257,#1264,#1281,.T.) ;
#1329=EDGE_CURVE('',#1326,#1328,#1324,.T.) ;
#1334=EDGE_CURVE('',#1328,#1326,#1333,.T.) ;
#1371=EDGE_CURVE('',#1368,#1370,#1345,.T.) ;
#1390=EDGE_CURVE('',#1389,#1368,#1372,.T.) ;
#1395=EDGE_CURVE('',#979,#1389,#1394,.F.) ;
#1400=EDGE_CURVE('',#977,#1370,#1399,.F.) ;
#1426=EDGE_CURVE('',#1423,#1425,#1409,.T.) ;
#1432=EDGE_CURVE('',#1423,#1368,#1427,.T.) ;
#1442=EDGE_CURVE('',#1368,#1441,#1433,.T.) ;
#1452=EDGE_CURVE('',#1451,#1441,#1443,.T.) ;
#1469=EDGE_CURVE('',#1451,#1326,#1453,.T.) ;
#1474=EDGE_CURVE('',#1425,#1328,#1473,.F.) ;
#1506=EDGE_CURVE('',#1505,#1389,#1485,.T.) ;
#1529=EDGE_CURVE('',#1505,#1370,#1507,.T.) ;
#1545=EDGE_CURVE('',#1544,#1505,#1538,.T.) ;
#1559=EDGE_CURVE('',#1425,#1544,#1546,.T.) ;
#1578=EDGE_CURVE('',#1577,#1326,#1560,.T.) ;
#1588=EDGE_CURVE('',#1577,#1587,#1579,.T.) ;
#1596=EDGE_CURVE('',#1587,#1505,#1589,.T.) ;
#1630=EDGE_CURVE('',#1441,#1629,#1612,.T.) ;
#1635=EDGE_CURVE('',#765,#1629,#1634,.F.) ;
#1640=EDGE_CURVE('',#763,#1326,#1639,.F.) ;
#1666=EDGE_CURVE('',#1587,#1629,#1650,.T.) ;
#1688=EDGE_CURVE('',#1019,#1629,#1687,.T.) ;
#1693=EDGE_CURVE('',#1021,#1370,#1692,.T.) ;
#1732=EDGE_CURVE('',#1544,#1731,#1729,.T.) ;
#1738=EDGE_CURVE('',#1731,#1423,#1737,.T.) ;
#1758=EDGE_CURVE('',#1389,#1731,#1757,.T.) ;
#1794=EDGE_CURVE('',#1791,#1793,#1789,.T.) ;
#1801=EDGE_CURVE('',#1791,#1800,#1798,.T.) ;
#1808=EDGE_CURVE('',#1800,#1807,#1805,.T.) ;
#1813=EDGE_CURVE('',#1807,#1793,#1812,.F.) ;
#1838=EDGE_CURVE('',#1837,#1793,#1826,.F.) ;
#1851=EDGE_CURVE('',#1807,#1850,#1839,.T.) ;
#1856=EDGE_CURVE('',#1850,#1837,#1855,.F.) ;
#1877=EDGE_CURVE('',#1874,#1876,#1872,.F.) ;
#1884=EDGE_CURVE('',#1883,#1874,#1881,.T.) ;
#1891=EDGE_CURVE('',#1890,#1883,#1888,.T.) ;
#1896=EDGE_CURVE('',#1890,#1876,#1895,.T.) ;
#1917=EDGE_CURVE('',#1914,#1916,#1912,.F.) ;
#1922=EDGE_CURVE('',#1916,#1837,#1921,.T.) ;
#1927=EDGE_CURVE('',#1914,#1850,#1926,.T.) ;
#1950=EDGE_CURVE('',#1876,#1916,#1940,.T.) ;
#1961=EDGE_CURVE('',#1914,#1874,#1951,.F.) ;
#1980=EDGE_CURVE('',#1979,#936,#1977,.T.) ;
#1987=EDGE_CURVE('',#1986,#929,#1984,.T.) ;
#1992=EDGE_CURVE('',#1986,#1979,#1991,.T.) ;
#2011=EDGE_CURVE('',#2010,#927,#2008,.T.) ;
#2016=EDGE_CURVE('',#2010,#1986,#2015,.T.) ;
#2035=EDGE_CURVE('',#2034,#957,#2032,.T.) ;
#2040=EDGE_CURVE('',#2034,#2010,#2039,.T.) ;
#2059=EDGE_CURVE('',#2058,#950,#2056,.T.) ;
#2064=EDGE_CURVE('',#2058,#2034,#2063,.T.) ;
#2083=EDGE_CURVE('',#2082,#943,#2080,.T.) ;
#2088=EDGE_CURVE('',#2082,#2058,#2087,.T.) ;
#2105=EDGE_CURVE('',#1979,#2082,#2104,.T.) ;
#2126=EDGE_CURVE('',#2123,#2125,#2121,.T.) ;
#2133=EDGE_CURVE('',#2125,#2132,#2130,.F.) ;
#2140=EDGE_CURVE('',#2139,#2132,#2137,.T.) ;
#2154=EDGE_CURVE('',#2139,#2123,#2141,.F.) ;
#2173=EDGE_CURVE('',#2123,#2172,#2170,.T.) ;
#2180=EDGE_CURVE('',#2179,#2172,#2177,.F.) ;
#2185=EDGE_CURVE('',#2125,#2179,#2184,.F.) ;
#2206=EDGE_CURVE('',#2203,#2205,#2201,.F.) ;
#2211=EDGE_CURVE('',#2203,#2179,#2210,.F.) ;
#2228=EDGE_CURVE('',#2172,#2205,#2212,.F.) ;
#2354=EDGE_CURVE('',#2139,#2353,#2345,.F.) ;
#2382=EDGE_CURVE('',#2353,#2381,#2355,.F.) ;
#2388=EDGE_CURVE('',#2123,#2381,#2383,.F.) ;
#2407=EDGE_CURVE('',#2381,#2406,#2404,.T.) ;
#2412=EDGE_CURVE('',#2172,#2406,#2411,.T.) ;
#2556=EDGE_CURVE('',#2406,#2555,#2529,.F.) ;
#2564=EDGE_CURVE('',#2205,#2555,#2557,.F.) ;
#2583=EDGE_CURVE('',#2582,#2353,#2580,.T.) ;
#2590=EDGE_CURVE('',#2589,#2139,#2587,.T.) ;
#2595=EDGE_CURVE('',#2589,#2582,#2594,.T.) ;
#2614=EDGE_CURVE('',#2589,#2613,#2611,.T.) ;
#2619=EDGE_CURVE('',#2582,#2613,#2618,.T.) ;
#2637=EDGE_CURVE('',#2613,#2636,#2634,.T.) ;
#2644=EDGE_CURVE('',#2643,#2636,#2641,.T.) ;
#2649=EDGE_CURVE('',#2582,#2643,#2648,.T.) ;
#2670=EDGE_CURVE('',#2667,#2669,#2665,.T.) ;
#2677=EDGE_CURVE('',#2669,#2676,#2674,.T.) ;
#2684=EDGE_CURVE('',#2676,#2683,#2681,.T.) ;
#2697=EDGE_CURVE('',#2683,#2696,#2685,.F.) ;
#2702=EDGE_CURVE('',#2696,#2667,#2701,.T.) ;
#2724=EDGE_CURVE('',#2721,#2723,#2719,.T.) ;
#2729=EDGE_CURVE('',#2636,#2721,#2728,.T.) ;
#2734=EDGE_CURVE('',#2723,#2613,#2733,.F.) ;
#2760=EDGE_CURVE('',#2721,#2696,#2747,.T.) ;
#2767=EDGE_CURVE('',#2766,#2683,#2764,.T.) ;
#2781=EDGE_CURVE('',#2636,#2766,#2768,.T.) ;
#2801=EDGE_CURVE('',#2800,#2589,#2798,.F.) ;
#2808=EDGE_CURVE('',#2723,#2800,#2802,.F.) ;
#2861=EDGE_CURVE('',#2723,#2860,#2853,.F.) ;
#2878=EDGE_CURVE('',#2860,#2800,#2862,.T.) ;
#2896=EDGE_CURVE('',#2667,#2860,#2890,.T.) ;
#3026=EDGE_CURVE('',#2643,#3025,#3014,.T.) ;
#3043=EDGE_CURVE('',#2766,#3025,#3027,.F.) ;
#3062=EDGE_CURVE('',#2205,#3061,#3059,.T.) ;
#3069=EDGE_CURVE('',#2555,#3068,#3066,.T.) ;
#3074=EDGE_CURVE('',#3068,#3061,#3073,.F.) ;
#3093=EDGE_CURVE('',#3092,#3025,#3090,.T.) ;
#3109=EDGE_CURVE('',#3092,#3108,#3094,.T.) ;
#3114=EDGE_CURVE('',#3108,#3068,#3113,.T.) ;
#3139=EDGE_CURVE('',#3108,#3138,#3136,.T.) ;
#3146=EDGE_CURVE('',#3138,#3145,#3143,.T.) ;
#3151=EDGE_CURVE('',#3068,#3145,#3150,.T.) ;
#3168=EDGE_CURVE('',#3061,#3145,#3167,.T.) ;
#3308=EDGE_CURVE('',#3307,#3138,#3284,.T.) ;
#3331=EDGE_CURVE('',#3092,#3307,#3309,.T.) ;
#3353=EDGE_CURVE('',#3350,#3352,#3339,.T.) ;
#3360=EDGE_CURVE('',#3359,#3352,#3357,.T.) ;
#3367=EDGE_CURVE('',#3359,#3366,#3364,.T.) ;
#3374=EDGE_CURVE('',#3366,#3373,#3371,.F.) ;
#3379=EDGE_CURVE('',#3350,#3373,#3378,.F.) ;
#3401=EDGE_CURVE('',#3398,#3400,#3396,.F.) ;
#3406=EDGE_CURVE('',#3145,#3400,#3405,.F.) ;
#3411=EDGE_CURVE('',#3138,#3398,#3410,.T.) ;
#3437=EDGE_CURVE('',#3350,#3398,#3424,.F.) ;
#3442=EDGE_CURVE('',#3307,#3352,#3441,.T.) ;
#3462=EDGE_CURVE('',#3061,#3461,#3459,.F.) ;
#3469=EDGE_CURVE('',#3400,#3461,#3463,.F.) ;
#3532=EDGE_CURVE('',#3461,#3531,#3514,.F.) ;
#3539=EDGE_CURVE('',#3531,#3400,#3533,.F.) ;
#3556=EDGE_CURVE('',#3531,#3373,#3551,.F.) ;
#3578=EDGE_CURVE('',#3575,#3577,#3573,.T.) ;
#3585=EDGE_CURVE('',#3577,#3584,#3582,.T.) ;
#3592=EDGE_CURVE('',#3591,#3584,#3589,.T.) ;
#3599=EDGE_CURVE('',#3591,#3598,#3596,.T.) ;
#3610=EDGE_CURVE('',#3598,#3575,#3600,.F.) ;
#3627=EDGE_CURVE('',#3624,#3626,#3622,.T.) ;
#3634=EDGE_CURVE('',#3624,#3633,#3631,.T.) ;
#3641=EDGE_CURVE('',#3633,#3640,#3638,.T.) ;
#3646=EDGE_CURVE('',#3640,#3626,#3645,.F.) ;
#3672=EDGE_CURVE('',#3624,#3575,#3659,.T.) ;
#3679=EDGE_CURVE('',#3598,#3678,#3676,.T.) ;
#3693=EDGE_CURVE('',#3678,#3633,#3680,.F.) ;
#3759=EDGE_CURVE('',#3756,#3758,#3739,.T.) ;
#3766=EDGE_CURVE('',#3626,#3756,#3760,.F.) ;
#3777=EDGE_CURVE('',#3626,#3758,#3767,.T.) ;
#3794=EDGE_CURVE('',#3577,#3756,#3789,.T.) ;
#3930=EDGE_CURVE('',#3678,#3929,#3912,.F.) ;
#3943=EDGE_CURVE('',#3929,#3942,#3931,.F.) ;
#3950=EDGE_CURVE('',#3633,#3942,#3944,.F.) ;
#3999=EDGE_CURVE('',#3996,#3998,#3967,.T.) ;
#4004=EDGE_CURVE('',#3996,#3929,#4003,.F.) ;
#4009=EDGE_CURVE('',#3366,#3584,#4008,.F.) ;
#4016=EDGE_CURVE('',#4015,#2669,#4013,.F.) ;
#4023=EDGE_CURVE('',#4015,#4022,#4020,.T.) ;
#4030=EDGE_CURVE('',#4022,#4029,#4027,.T.) ;
#4035=EDGE_CURVE('',#4029,#3998,#4034,.T.) ;
#4205=EDGE_CURVE('',#3998,#4204,#4184,.F.) ;
#4214=EDGE_CURVE('',#4213,#4204,#4206,.F.) ;
#4225=EDGE_CURVE('',#3996,#4213,#4215,.F.) ;
#4246=EDGE_CURVE('',#4243,#4245,#4241,.F.) ;
#4257=EDGE_CURVE('',#4243,#4029,#4247,.T.) ;
#4262=EDGE_CURVE('',#4245,#4015,#4261,.T.) ;
#4279=EDGE_CURVE('',#4276,#4278,#4274,.F.) ;
#4286=EDGE_CURVE('',#4285,#4278,#4283,.F.) ;
#4291=EDGE_CURVE('',#4204,#4285,#4290,.F.) ;
#4296=EDGE_CURVE('',#4276,#4204,#4295,.T.) ;
#4322=EDGE_CURVE('',#4243,#4276,#4309,.F.) ;
#4380=EDGE_CURVE('',#4278,#4379,#4368,.T.) ;
#4389=EDGE_CURVE('',#4388,#4278,#4381,.F.) ;
#4406=EDGE_CURVE('',#4379,#4388,#4390,.F.) ;
#4424=EDGE_CURVE('',#4388,#4245,#4418,.F.) ;
#4446=EDGE_CURVE('',#4443,#4445,#4441,.F.) ;
#4453=EDGE_CURVE('',#4452,#4443,#4450,.F.) ;
#4460=EDGE_CURVE('',#4459,#4452,#4457,.F.) ;
#4465=EDGE_CURVE('',#4445,#4459,#4464,.T.) ;
#4492=EDGE_CURVE('',#4459,#4491,#4489,.F.) ;
#4499=EDGE_CURVE('',#4498,#4491,#4496,.T.) ;
#4516=EDGE_CURVE('',#4445,#4498,#4500,.T.) ;
#4535=EDGE_CURVE('',#3942,#4534,#4532,.T.) ;
#4540=EDGE_CURVE('',#4534,#3640,#4539,.F.) ;
#4559=EDGE_CURVE('',#4558,#3758,#4556,.F.) ;
#4564=EDGE_CURVE('',#4558,#3640,#4563,.T.) ;
#4585=EDGE_CURVE('',#4582,#4584,#4580,.F.) ;
#4590=EDGE_CURVE('',#4582,#4452,#4589,.F.) ;
#4607=EDGE_CURVE('',#4584,#4443,#4591,.T.) ;
#4628=EDGE_CURVE('',#4625,#4627,#4623,.F.) ;
#4656=EDGE_CURVE('',#4627,#4655,#4629,.T.) ;
#4663=EDGE_CURVE('',#4655,#4662,#4660,.F.) ;
#4691=EDGE_CURVE('',#4662,#4690,#4664,.T.) ;
#4696=EDGE_CURVE('',#4690,#4534,#4695,.F.) ;
#4701=EDGE_CURVE('',#4213,#4625,#4700,.F.) ;
#4724=EDGE_CURVE('',#4285,#4625,#4723,.T.) ;
#4743=EDGE_CURVE('',#4742,#4379,#4740,.F.) ;
#4748=EDGE_CURVE('',#4285,#4742,#4747,.T.) ;
#4765=EDGE_CURVE('',#4625,#4742,#4764,.F.) ;
#4781=EDGE_CURVE('',#4742,#4584,#4780,.F.) ;
#4786=EDGE_CURVE('',#4627,#4584,#4785,.F.) ;
#4908=EDGE_CURVE('',#4655,#4443,#4903,.F.) ;
#4925=EDGE_CURVE('',#4662,#4445,#4924,.F.) ;
#5049=EDGE_CURVE('',#4690,#4498,#5042,.F.) ;
#5066=EDGE_CURVE('',#4498,#4558,#5065,.F.) ;
#5071=EDGE_CURVE('',#4534,#4558,#5070,.F.) ;
#5103=EDGE_CURVE('',#5100,#5102,#5098,.T.) ;
#5108=EDGE_CURVE('',#5100,#1791,#5107,.F.) ;
#5115=EDGE_CURVE('',#1890,#5114,#5112,.F.) ;
#5122=EDGE_CURVE('',#5114,#5121,#5119,.T.) ;
#5127=EDGE_CURVE('',#5102,#5121,#5126,.F.) ;
#5152=EDGE_CURVE('',#5151,#5121,#5149,.F.) ;
#5157=EDGE_CURVE('',#5151,#2132,#5156,.F.) ;
#5164=EDGE_CURVE('',#2203,#5163,#5161,.F.) ;
#5169=EDGE_CURVE('',#5102,#5163,#5168,.F.) ;
#5195=EDGE_CURVE('',#5194,#4491,#5192,.F.) ;
#5202=EDGE_CURVE('',#4582,#5201,#5199,.F.) ;
#5209=EDGE_CURVE('',#5208,#5201,#5206,.F.) ;
#5216=EDGE_CURVE('',#5208,#5215,#5213,.F.) ;
#5221=EDGE_CURVE('',#5194,#5215,#5220,.F.) ;
#5252=EDGE_CURVE('',#5251,#5215,#5249,.T.) ;
#5259=EDGE_CURVE('',#5258,#5208,#5256,.T.) ;
#5264=EDGE_CURVE('',#5258,#1883,#5263,.F.) ;
#5269=EDGE_CURVE('',#1800,#5251,#5268,.F.) ;
#5292=EDGE_CURVE('',#5258,#5114,#5291,.T.) ;
#5311=EDGE_CURVE('',#5151,#5310,#5308,.F.) ;
#5318=EDGE_CURVE('',#5317,#5310,#5315,.T.) ;
#5323=EDGE_CURVE('',#5317,#5201,#5322,.T.) ;
#5363=EDGE_CURVE('',#5310,#5114,#5350,.F.) ;
#5377=EDGE_CURVE('',#5258,#5317,#5364,.T.) ;
#5413=EDGE_CURVE('',#5100,#5251,#5412,.F.) ;
#5432=EDGE_CURVE('',#5194,#5431,#5429,.F.) ;
#5439=EDGE_CURVE('',#5438,#5431,#5436,.F.) ;
#5444=EDGE_CURVE('',#5438,#5163,#5443,.T.) ;
#5484=EDGE_CURVE('',#5431,#5251,#5471,.F.) ;
#5498=EDGE_CURVE('',#5100,#5438,#5485,.T.) ;
#89=EDGE_LOOP('',(#90,#91,#92,#93)) ;
#120=EDGE_LOOP('',(#121,#122,#123,#124)) ;
#151=EDGE_LOOP('',(#152,#153,#154,#155)) ;
#182=EDGE_LOOP('',(#183,#184,#185,#186)) ;
#213=EDGE_LOOP('',(#214,#215,#216,#217)) ;
#235=EDGE_LOOP('',(#236,#237,#238,#239)) ;
#275=EDGE_LOOP('',(#276,#277,#278,#279)) ;
#306=EDGE_LOOP('',(#307,#308,#309,#310)) ;
#337=EDGE_LOOP('',(#338,#339,#340,#341)) ;
#368=EDGE_LOOP('',(#369,#370,#371,#372)) ;
#399=EDGE_LOOP('',(#400,#401,#402,#403)) ;
#421=EDGE_LOOP('',(#422,#423,#424,#425)) ;
#461=EDGE_LOOP('',(#462,#463,#464,#465)) ;
#483=EDGE_LOOP('',(#484,#485,#486,#487)) ;
#523=EDGE_LOOP('',(#524,#525,#526,#527)) ;
#540=EDGE_LOOP('',(#541,#542,#543,#544)) ;
#580=EDGE_LOOP('',(#581,#582,#583,#584)) ;
#597=EDGE_LOOP('',(#598,#599,#600,#601)) ;
#637=EDGE_LOOP('',(#638,#639,#640,#641)) ;
#654=EDGE_LOOP('',(#655,#656,#657,#658)) ;
#694=EDGE_LOOP('',(#695,#696,#697,#698)) ;
#711=EDGE_LOOP('',(#712,#713,#714,#715)) ;
#723=EDGE_LOOP('',(#724,#725,#726,#727,#728,#729)) ;
#745=EDGE_LOOP('',(#746,#747)) ;
#750=EDGE_LOOP('',(#751,#752,#753,#754,#755,#756)) ;
#772=EDGE_LOOP('',(#773,#774)) ;
#801=EDGE_LOOP('',(#802,#803,#804,#805)) ;
#813=EDGE_LOOP('',(#814,#815,#816,#817)) ;
#825=EDGE_LOOP('',(#826,#827)) ;
#843=EDGE_LOOP('',(#844,#845)) ;
#848=EDGE_LOOP('',(#849,#850)) ;
#866=EDGE_LOOP('',(#867,#868)) ;
#871=EDGE_LOOP('',(#872,#873)) ;
#889=EDGE_LOOP('',(#890,#891)) ;
#894=EDGE_LOOP('',(#895,#896)) ;
#912=EDGE_LOOP('',(#913,#914)) ;
#964=EDGE_LOOP('',(#965,#966,#967,#968,#969,#970)) ;
#986=EDGE_LOOP('',(#987,#988)) ;
#1033=EDGE_LOOP('',(#1034,#1035,#1036,#1037)) ;
#1063=EDGE_LOOP('',(#1064,#1065,#1066,#1067)) ;
#1094=EDGE_LOOP('',(#1095,#1096,#1097,#1098)) ;
#1111=EDGE_LOOP('',(#1112,#1113,#1114,#1115)) ;
#1142=EDGE_LOOP('',(#1143,#1144,#1145,#1146)) ;
#1154=EDGE_LOOP('',(#1155,#1156,#1157,#1158)) ;
#1185=EDGE_LOOP('',(#1186,#1187,#1188,#1189)) ;
#1197=EDGE_LOOP('',(#1198,#1199,#1200,#1201)) ;
#1228=EDGE_LOOP('',(#1229,#1230,#1231,#1232)) ;
#1240=EDGE_LOOP('',(#1241,#1242,#1243,#1244)) ;
#1271=EDGE_LOOP('',(#1272,#1273,#1274,#1275)) ;
#1283=EDGE_LOOP('',(#1284,#1285,#1286,#1287)) ;
#1295=EDGE_LOOP('',(#1296,#1297)) ;
#1299=EDGE_LOOP('',(#1300,#1301)) ;
#1303=EDGE_LOOP('',(#1304,#1305)) ;
#1307=EDGE_LOOP('',(#1308,#1309)) ;
#1311=EDGE_LOOP('',(#1312,#1313)) ;
#1335=EDGE_LOOP('',(#1336,#1337)) ;
#1401=EDGE_LOOP('',(#1402,#1403,#1404,#1405,#1406)) ;
#1475=EDGE_LOOP('',(#1476,#1477,#1478,#1479,#1480,#1481,#1482)) ;
#1530=EDGE_LOOP('',(#1531,#1532,#1533,#1534,#1535)) ;
#1597=EDGE_LOOP('',(#1598,#1599,#1600,#1601,#1602,#1603,#1604)) ;
#1641=EDGE_LOOP('',(#1642,#1643,#1644,#1645,#1646,#1647)) ;
#1667=EDGE_LOOP('',(#1668,#1669,#1670,#1671,#1672,#1673)) ;
#1694=EDGE_LOOP('',(#1695,#1696,#1697,#1698,#1699,#1700)) ;
#1711=EDGE_LOOP('',(#1712,#1713,#1714,#1715,#1716,#1717)) ;
#1739=EDGE_LOOP('',(#1740,#1741,#1742,#1743)) ;
#1759=EDGE_LOOP('',(#1760,#1761,#1762,#1763)) ;
#1774=EDGE_LOOP('',(#1775,#1776,#1777,#1778)) ;
#1814=EDGE_LOOP('',(#1815,#1816,#1817,#1818)) ;
#1857=EDGE_LOOP('',(#1858,#1859,#1860,#1861)) ;
#1897=EDGE_LOOP('',(#1898,#1899,#1900,#1901)) ;
#1928=EDGE_LOOP('',(#1929,#1930,#1931,#1932)) ;
#1962=EDGE_LOOP('',(#1963,#1964,#1965,#1966)) ;
#1993=EDGE_LOOP('',(#1994,#1995,#1996,#1997)) ;
#2017=EDGE_LOOP('',(#2018,#2019,#2020,#2021)) ;
#2041=EDGE_LOOP('',(#2042,#2043,#2044,#2045)) ;
#2065=EDGE_LOOP('',(#2066,#2067,#2068,#2069)) ;
#2089=EDGE_LOOP('',(#2090,#2091,#2092,#2093)) ;
#2106=EDGE_LOOP('',(#2107,#2108,#2109,#2110)) ;
#2155=EDGE_LOOP('',(#2156,#2157,#2158,#2159)) ;
#2186=EDGE_LOOP('',(#2187,#2188,#2189,#2190)) ;
#2229=EDGE_LOOP('',(#2230,#2231,#2232,#2233)) ;
#2389=EDGE_LOOP('',(#2390,#2391,#2392,#2393)) ;
#2413=EDGE_LOOP('',(#2414,#2415,#2416,#2417)) ;
#2565=EDGE_LOOP('',(#2566,#2567,#2568,#2569)) ;
#2596=EDGE_LOOP('',(#2597,#2598,#2599,#2600)) ;
#2620=EDGE_LOOP('',(#2621,#2622,#2623)) ;
#2650=EDGE_LOOP('',(#2651,#2652,#2653,#2654)) ;
#2703=EDGE_LOOP('',(#2704,#2705,#2706,#2707,#2708)) ;
#2735=EDGE_LOOP('',(#2736,#2737,#2738,#2739)) ;
#2782=EDGE_LOOP('',(#2783,#2784,#2785,#2786,#2787)) ;
#2809=EDGE_LOOP('',(#2810,#2811,#2812,#2813)) ;
#2879=EDGE_LOOP('',(#2880,#2881,#2882)) ;
#2897=EDGE_LOOP('',(#2898,#2899,#2900,#2901,#2902)) ;
#3044=EDGE_LOOP('',(#3045,#3046,#3047,#3048)) ;
#3075=EDGE_LOOP('',(#3076,#3077,#3078,#3079)) ;
#3115=EDGE_LOOP('',(#3116,#3117,#3118,#3119,#3120,#3121,#3122,#3123,#3124,#3125)) ;
#3152=EDGE_LOOP('',(#3153,#3154,#3155,#3156)) ;
#3169=EDGE_LOOP('',(#3170,#3171,#3172)) ;
#3332=EDGE_LOOP('',(#3333,#3334,#3335,#3336)) ;
#3380=EDGE_LOOP('',(#3381,#3382,#3383,#3384,#3385)) ;
#3412=EDGE_LOOP('',(#3413,#3414,#3415,#3416)) ;
#3443=EDGE_LOOP('',(#3444,#3445,#3446,#3447,#3448)) ;
#3470=EDGE_LOOP('',(#3471,#3472,#3473,#3474)) ;
#3540=EDGE_LOOP('',(#3541,#3542,#3543)) ;
#3557=EDGE_LOOP('',(#3558,#3559,#3560,#3561,#3562)) ;
#3611=EDGE_LOOP('',(#3612,#3613,#3614,#3615,#3616)) ;
#3647=EDGE_LOOP('',(#3648,#3649,#3650,#3651)) ;
#3694=EDGE_LOOP('',(#3695,#3696,#3697,#3698,#3699)) ;
#3778=EDGE_LOOP('',(#3779,#3780,#3781)) ;
#3795=EDGE_LOOP('',(#3796,#3797,#3798,#3799,#3800)) ;
#3951=EDGE_LOOP('',(#3952,#3953,#3954,#3955)) ;
#3963=EDGE_LOOP('',(#3964,#3965)) ;
#4036=EDGE_LOOP('',(#4037,#4038,#4039,#4040,#4041,#4042,#4043,#4044,#4045,#4046,#4047,#4048,#4049,#4050,#4051,#4052,#4053,#4054,#4055,#4056)) ;
#4058=EDGE_LOOP('',(#4059,#4060)) ;
#4062=EDGE_LOOP('',(#4063,#4064)) ;
#4066=EDGE_LOOP('',(#4067,#4068)) ;
#4070=EDGE_LOOP('',(#4071,#4072)) ;
#4226=EDGE_LOOP('',(#4227,#4228,#4229,#4230)) ;
#4263=EDGE_LOOP('',(#4264,#4265,#4266,#4267,#4268)) ;
#4297=EDGE_LOOP('',(#4298,#4299,#4300,#4301)) ;
#4323=EDGE_LOOP('',(#4324,#4325,#4326,#4327,#4328)) ;
#4407=EDGE_LOOP('',(#4408,#4409,#4410)) ;
#4425=EDGE_LOOP('',(#4426,#4427,#4428,#4429,#4430)) ;
#4466=EDGE_LOOP('',(#4467,#4468,#4469,#4470)) ;
#4472=EDGE_LOOP('',(#4473,#4474,#4475,#4476,#4477,#4478)) ;
#4517=EDGE_LOOP('',(#4518,#4519,#4520,#4521)) ;
#4541=EDGE_LOOP('',(#4542,#4543,#4544,#4545)) ;
#4565=EDGE_LOOP('',(#4566,#4567,#4568,#4569)) ;
#4608=EDGE_LOOP('',(#4609,#4610,#4611,#4612)) ;
#4702=EDGE_LOOP('',(#4703,#4704,#4705,#4706,#4707,#4708,#4709,#4710,#4711,#4712)) ;
#4725=EDGE_LOOP('',(#4726,#4727,#4728,#4729)) ;
#4749=EDGE_LOOP('',(#4750,#4751,#4752,#4753)) ;
#4766=EDGE_LOOP('',(#4767,#4768,#4769)) ;
#4787=EDGE_LOOP('',(#4788,#4789,#4790,#4791)) ;
#4909=EDGE_LOOP('',(#4910,#4911,#4912,#4913)) ;
#4926=EDGE_LOOP('',(#4927,#4928,#4929,#4930)) ;
#5050=EDGE_LOOP('',(#5051,#5052,#5053,#5054)) ;
#5072=EDGE_LOOP('',(#5073,#5074,#5075,#5076)) ;
#5084=EDGE_LOOP('',(#5085,#5086,#5087)) ;
#5128=EDGE_LOOP('',(#5129,#5130,#5131,#5132,#5133,#5134,#5135,#5136,#5137,#5138)) ;
#5170=EDGE_LOOP('',(#5171,#5172,#5173,#5174,#5175,#5176,#5177,#5178)) ;
#5180=EDGE_LOOP('',(#5181,#5182,#5183,#5184,#5185,#5186)) ;
#5222=EDGE_LOOP('',(#5223,#5224,#5225,#5226,#5227,#5228,#5229,#5230)) ;
#5232=EDGE_LOOP('',(#5233,#5234,#5235,#5236,#5237,#5238)) ;
#5270=EDGE_LOOP('',(#5271,#5272,#5273,#5274,#5275,#5276,#5277,#5278,#5279,#5280)) ;
#5293=EDGE_LOOP('',(#5294,#5295,#5296,#5297)) ;
#5324=EDGE_LOOP('',(#5325,#5326,#5327,#5328,#5329,#5330,#5331,#5332,#5333,#5334,#5335,#5336,#5337,#5338,#5339,#5340,#5341,#5342)) ;
#5378=EDGE_LOOP('',(#5379,#5380,#5381,#5382)) ;
#5390=EDGE_LOOP('',(#5391,#5392,#5393,#5394)) ;
#5402=EDGE_LOOP('',(#5403,#5404,#5405,#5406)) ;
#5414=EDGE_LOOP('',(#5415,#5416,#5417,#5418)) ;
#5445=EDGE_LOOP('',(#5446,#5447,#5448,#5449,#5450,#5451,#5452,#5453,#5454,#5455,#5456,#5457,#5458,#5459,#5460,#5461,#5462,#5463)) ;
#5499=EDGE_LOOP('',(#5500,#5501,#5502,#5503)) ;
#5511=EDGE_LOOP('',(#5512,#5513,#5514,#5515)) ;
#5523=EDGE_LOOP('',(#5524,#5525,#5526,#5527)) ;
#1680=ELLIPSE('Ellipse',#1679,10.6066017178,7.5) ;
#1707=ELLIPSE('Ellipse',#1706,10.6066017178,7.5) ;
#1729=ELLIPSE('Ellipse',#1728,10.6066017178,7.5) ;
#1737=ELLIPSE('Ellipse',#1736,10.6066017178,7.5) ;
#1750=ELLIPSE('Ellipse',#1749,10.6066017178,7.5) ;
#1770=ELLIPSE('Ellipse',#1769,10.6066017178,7.5) ;
#94=FACE_OUTER_BOUND('',#89,.T.) ;
#125=FACE_OUTER_BOUND('',#120,.T.) ;
#156=FACE_OUTER_BOUND('',#151,.T.) ;
#187=FACE_OUTER_BOUND('',#182,.T.) ;
#218=FACE_OUTER_BOUND('',#213,.T.) ;
#240=FACE_OUTER_BOUND('',#235,.T.) ;
#280=FACE_OUTER_BOUND('',#275,.T.) ;
#311=FACE_OUTER_BOUND('',#306,.T.) ;
#342=FACE_OUTER_BOUND('',#337,.T.) ;
#373=FACE_OUTER_BOUND('',#368,.T.) ;
#404=FACE_OUTER_BOUND('',#399,.T.) ;
#426=FACE_OUTER_BOUND('',#421,.T.) ;
#466=FACE_OUTER_BOUND('',#461,.T.) ;
#488=FACE_OUTER_BOUND('',#483,.T.) ;
#528=FACE_OUTER_BOUND('',#523,.T.) ;
#545=FACE_OUTER_BOUND('',#540,.T.) ;
#585=FACE_OUTER_BOUND('',#580,.T.) ;
#602=FACE_OUTER_BOUND('',#597,.T.) ;
#642=FACE_OUTER_BOUND('',#637,.T.) ;
#659=FACE_OUTER_BOUND('',#654,.T.) ;
#699=FACE_OUTER_BOUND('',#694,.T.) ;
#716=FACE_OUTER_BOUND('',#711,.T.) ;
#730=FACE_OUTER_BOUND('',#723,.T.) ;
#757=FACE_OUTER_BOUND('',#750,.T.) ;
#806=FACE_OUTER_BOUND('',#801,.T.) ;
#818=FACE_OUTER_BOUND('',#813,.T.) ;
#828=FACE_OUTER_BOUND('',#825,.T.) ;
#851=FACE_OUTER_BOUND('',#848,.T.) ;
#874=FACE_OUTER_BOUND('',#871,.T.) ;
#897=FACE_OUTER_BOUND('',#894,.T.) ;
#971=FACE_OUTER_BOUND('',#964,.T.) ;
#1038=FACE_OUTER_BOUND('',#1033,.T.) ;
#1068=FACE_OUTER_BOUND('',#1063,.T.) ;
#1099=FACE_OUTER_BOUND('',#1094,.T.) ;
#1116=FACE_OUTER_BOUND('',#1111,.T.) ;
#1147=FACE_OUTER_BOUND('',#1142,.T.) ;
#1159=FACE_OUTER_BOUND('',#1154,.T.) ;
#1190=FACE_OUTER_BOUND('',#1185,.T.) ;
#1202=FACE_OUTER_BOUND('',#1197,.T.) ;
#1233=FACE_OUTER_BOUND('',#1228,.T.) ;
#1245=FACE_OUTER_BOUND('',#1240,.T.) ;
#1276=FACE_OUTER_BOUND('',#1271,.T.) ;
#1288=FACE_OUTER_BOUND('',#1283,.T.) ;
#1298=FACE_OUTER_BOUND('',#1295,.T.) ;
#1338=FACE_OUTER_BOUND('',#1335,.T.) ;
#1407=FACE_OUTER_BOUND('',#1401,.T.) ;
#1483=FACE_OUTER_BOUND('',#1475,.T.) ;
#1536=FACE_OUTER_BOUND('',#1530,.T.) ;
#1605=FACE_OUTER_BOUND('',#1597,.T.) ;
#1648=FACE_OUTER_BOUND('',#1641,.T.) ;
#1674=FACE_OUTER_BOUND('',#1667,.T.) ;
#1701=FACE_OUTER_BOUND('',#1694,.T.) ;
#1718=FACE_OUTER_BOUND('',#1711,.T.) ;
#1744=FACE_OUTER_BOUND('',#1739,.T.) ;
#1764=FACE_OUTER_BOUND('',#1759,.T.) ;
#1779=FACE_OUTER_BOUND('',#1774,.T.) ;
#1819=FACE_OUTER_BOUND('',#1814,.T.) ;
#1862=FACE_OUTER_BOUND('',#1857,.T.) ;
#1902=FACE_OUTER_BOUND('',#1897,.T.) ;
#1933=FACE_OUTER_BOUND('',#1928,.T.) ;
#1967=FACE_OUTER_BOUND('',#1962,.T.) ;
#1998=FACE_OUTER_BOUND('',#1993,.T.) ;
#2022=FACE_OUTER_BOUND('',#2017,.T.) ;
#2046=FACE_OUTER_BOUND('',#2041,.T.) ;
#2070=FACE_OUTER_BOUND('',#2065,.T.) ;
#2094=FACE_OUTER_BOUND('',#2089,.T.) ;
#2111=FACE_OUTER_BOUND('',#2106,.T.) ;
#2160=FACE_OUTER_BOUND('',#2155,.T.) ;
#2191=FACE_OUTER_BOUND('',#2186,.T.) ;
#2234=FACE_OUTER_BOUND('',#2229,.T.) ;
#2394=FACE_OUTER_BOUND('',#2389,.T.) ;
#2418=FACE_OUTER_BOUND('',#2413,.T.) ;
#2570=FACE_OUTER_BOUND('',#2565,.T.) ;
#2601=FACE_OUTER_BOUND('',#2596,.T.) ;
#2624=FACE_OUTER_BOUND('',#2620,.T.) ;
#2655=FACE_OUTER_BOUND('',#2650,.T.) ;
#2709=FACE_OUTER_BOUND('',#2703,.T.) ;
#2740=FACE_OUTER_BOUND('',#2735,.T.) ;
#2788=FACE_OUTER_BOUND('',#2782,.T.) ;
#2814=FACE_OUTER_BOUND('',#2809,.T.) ;
#2883=FACE_OUTER_BOUND('',#2879,.T.) ;
#2903=FACE_OUTER_BOUND('',#2897,.T.) ;
#3049=FACE_OUTER_BOUND('',#3044,.T.) ;
#3080=FACE_OUTER_BOUND('',#3075,.T.) ;
#3126=FACE_OUTER_BOUND('',#3115,.T.) ;
#3157=FACE_OUTER_BOUND('',#3152,.T.) ;
#3173=FACE_OUTER_BOUND('',#3169,.T.) ;
#3337=FACE_OUTER_BOUND('',#3332,.T.) ;
#3386=FACE_OUTER_BOUND('',#3380,.T.) ;
#3417=FACE_OUTER_BOUND('',#3412,.T.) ;
#3449=FACE_OUTER_BOUND('',#3443,.T.) ;
#3475=FACE_OUTER_BOUND('',#3470,.T.) ;
#3544=FACE_OUTER_BOUND('',#3540,.T.) ;
#3563=FACE_OUTER_BOUND('',#3557,.T.) ;
#3617=FACE_OUTER_BOUND('',#3611,.T.) ;
#3652=FACE_OUTER_BOUND('',#3647,.T.) ;
#3700=FACE_OUTER_BOUND('',#3694,.T.) ;
#3782=FACE_OUTER_BOUND('',#3778,.T.) ;
#3801=FACE_OUTER_BOUND('',#3795,.T.) ;
#3956=FACE_OUTER_BOUND('',#3951,.T.) ;
#3966=FACE_OUTER_BOUND('',#3963,.T.) ;
#4231=FACE_OUTER_BOUND('',#4226,.T.) ;
#4269=FACE_OUTER_BOUND('',#4263,.T.) ;
#4302=FACE_OUTER_BOUND('',#4297,.T.) ;
#4329=FACE_OUTER_BOUND('',#4323,.T.) ;
#4411=FACE_OUTER_BOUND('',#4407,.T.) ;
#4431=FACE_OUTER_BOUND('',#4425,.T.) ;
#4471=FACE_OUTER_BOUND('',#4466,.T.) ;
#4522=FACE_OUTER_BOUND('',#4517,.T.) ;
#4546=FACE_OUTER_BOUND('',#4541,.T.) ;
#4570=FACE_OUTER_BOUND('',#4565,.T.) ;
#4613=FACE_OUTER_BOUND('',#4608,.T.) ;
#4713=FACE_OUTER_BOUND('',#4702,.T.) ;
#4730=FACE_OUTER_BOUND('',#4725,.T.) ;
#4754=FACE_OUTER_BOUND('',#4749,.T.) ;
#4770=FACE_OUTER_BOUND('',#4766,.T.) ;
#4792=FACE_OUTER_BOUND('',#4787,.T.) ;
#4914=FACE_OUTER_BOUND('',#4909,.T.) ;
#4931=FACE_OUTER_BOUND('',#4926,.T.) ;
#5055=FACE_OUTER_BOUND('',#5050,.T.) ;
#5077=FACE_OUTER_BOUND('',#5072,.T.) ;
#5088=FACE_OUTER_BOUND('',#5084,.T.) ;
#5139=FACE_OUTER_BOUND('',#5128,.T.) ;
#5179=FACE_OUTER_BOUND('',#5170,.T.) ;
#5231=FACE_OUTER_BOUND('',#5222,.T.) ;
#5281=FACE_OUTER_BOUND('',#5270,.T.) ;
#5298=FACE_OUTER_BOUND('',#5293,.T.) ;
#5343=FACE_OUTER_BOUND('',#5324,.T.) ;
#5383=FACE_OUTER_BOUND('',#5378,.T.) ;
#5395=FACE_OUTER_BOUND('',#5390,.T.) ;
#5407=FACE_OUTER_BOUND('',#5402,.T.) ;
#5419=FACE_OUTER_BOUND('',#5414,.T.) ;
#5464=FACE_OUTER_BOUND('',#5445,.T.) ;
#5504=FACE_OUTER_BOUND('',#5499,.T.) ;
#5516=FACE_OUTER_BOUND('',#5511,.T.) ;
#5528=FACE_OUTER_BOUND('',#5523,.T.) ;
#53=GEOMETRIC_SET('NONE',(#51)) ;
#52=GEOMETRICALLY_BOUNDED_SURFACE_SHAPE_REPRESENTATION('NONE',(#53),#46) ;
#45=UNCERTAINTY_MEASURE_WITH_UNIT(LENGTH_MEASURE(0.005),#41,'distance_accuracy_value','CONFUSED CURVE UNCERTAINTY') ;
#64=LINE('Line',#61,#63) ;
#73=LINE('Line',#70,#72) ;
#80=LINE('Line',#77,#79) ;
#87=LINE('Line',#84,#86) ;
#104=LINE('Line',#101,#103) ;
#113=LINE('Line',#110,#112) ;
#118=LINE('Line',#115,#117) ;
#135=LINE('Line',#132,#134) ;
#144=LINE('Line',#141,#143) ;
#149=LINE('Line',#146,#148) ;
#166=LINE('Line',#163,#165) ;
#175=LINE('Line',#172,#174) ;
#180=LINE('Line',#177,#179) ;
#197=LINE('Line',#194,#196) ;
#206=LINE('Line',#203,#205) ;
#211=LINE('Line',#208,#210) ;
#228=LINE('Line',#225,#227) ;
#233=LINE('Line',#230,#232) ;
#250=LINE('Line',#247,#249) ;
#259=LINE('Line',#256,#258) ;
#266=LINE('Line',#263,#265) ;
#273=LINE('Line',#270,#272) ;
#290=LINE('Line',#287,#289) ;
#299=LINE('Line',#296,#298) ;
#304=LINE('Line',#301,#303) ;
#321=LINE('Line',#318,#320) ;
#330=LINE('Line',#327,#329) ;
#335=LINE('Line',#332,#334) ;
#352=LINE('Line',#349,#351) ;
#361=LINE('Line',#358,#360) ;
#366=LINE('Line',#363,#365) ;
#383=LINE('Line',#380,#382) ;
#392=LINE('Line',#389,#391) ;
#397=LINE('Line',#394,#396) ;
#414=LINE('Line',#411,#413) ;
#419=LINE('Line',#416,#418) ;
#498=LINE('Line',#495,#497) ;
#514=LINE('Line',#511,#513) ;
#555=LINE('Line',#552,#554) ;
#571=LINE('Line',#568,#570) ;
#612=LINE('Line',#609,#611) ;
#628=LINE('Line',#625,#627) ;
#669=LINE('Line',#666,#668) ;
#685=LINE('Line',#682,#684) ;
#785=LINE('Line',#782,#784) ;
#792=LINE('Line',#789,#791) ;
#925=LINE('Line',#922,#924) ;
#934=LINE('Line',#931,#933) ;
#941=LINE('Line',#938,#940) ;
#948=LINE('Line',#945,#947) ;
#955=LINE('Line',#952,#954) ;
#962=LINE('Line',#959,#961) ;
#1026=LINE('Line',#1023,#1025) ;
#1031=LINE('Line',#1028,#1030) ;
#1126=LINE('Line',#1123,#1125) ;
#1140=LINE('Line',#1137,#1139) ;
#1169=LINE('Line',#1166,#1168) ;
#1183=LINE('Line',#1180,#1182) ;
#1212=LINE('Line',#1209,#1211) ;
#1226=LINE('Line',#1223,#1225) ;
#1255=LINE('Line',#1252,#1254) ;
#1269=LINE('Line',#1266,#1268) ;
#1394=LINE('Line',#1391,#1393) ;
#1399=LINE('Line',#1396,#1398) ;
#1473=LINE('Line',#1470,#1472) ;
#1634=LINE('Line',#1631,#1633) ;
#1639=LINE('Line',#1636,#1638) ;
#1687=LINE('Line',#1684,#1686) ;
#1692=LINE('Line',#1689,#1691) ;
#1757=LINE('Line',#1754,#1756) ;
#1789=LINE('Line',#1786,#1788) ;
#1798=LINE('Line',#1795,#1797) ;
#1805=LINE('Line',#1802,#1804) ;
#1881=LINE('Line',#1878,#1880) ;
#1888=LINE('Line',#1885,#1887) ;
#1895=LINE('Line',#1892,#1894) ;
#1921=LINE('Line',#1918,#1920) ;
#1926=LINE('Line',#1923,#1925) ;
#1977=LINE('Line',#1974,#1976) ;
#1984=LINE('Line',#1981,#1983) ;
#1991=LINE('Line',#1988,#1990) ;
#2008=LINE('Line',#2005,#2007) ;
#2015=LINE('Line',#2012,#2014) ;
#2032=LINE('Line',#2029,#2031) ;
#2039=LINE('Line',#2036,#2038) ;
#2056=LINE('Line',#2053,#2055) ;
#2063=LINE('Line',#2060,#2062) ;
#2080=LINE('Line',#2077,#2079) ;
#2087=LINE('Line',#2084,#2086) ;
#2104=LINE('Line',#2101,#2103) ;
#2121=LINE('Line',#2118,#2120) ;
#2137=LINE('Line',#2134,#2136) ;
#2170=LINE('Line',#2167,#2169) ;
#2177=LINE('Line',#2174,#2176) ;
#2184=LINE('Line',#2181,#2183) ;
#2201=LINE('Line',#2198,#2200) ;
#2404=LINE('Line',#2401,#2403) ;
#2580=LINE('Line',#2577,#2579) ;
#2587=LINE('Line',#2584,#2586) ;
#2634=LINE('Line',#2631,#2633) ;
#2648=LINE('Line',#2645,#2647) ;
#2665=LINE('Line',#2662,#2664) ;
#2674=LINE('Line',#2671,#2673) ;
#2681=LINE('Line',#2678,#2680) ;
#2701=LINE('Line',#2698,#2700) ;
#2719=LINE('Line',#2716,#2718) ;
#2728=LINE('Line',#2725,#2727) ;
#2733=LINE('Line',#2730,#2732) ;
#2764=LINE('Line',#2761,#2763) ;
#2798=LINE('Line',#2795,#2797) ;
#3059=LINE('Line',#3056,#3058) ;
#3066=LINE('Line',#3063,#3065) ;
#3090=LINE('Line',#3087,#3089) ;
#3113=LINE('Line',#3110,#3112) ;
#3143=LINE('Line',#3140,#3142) ;
#3357=LINE('Line',#3354,#3356) ;
#3364=LINE('Line',#3361,#3363) ;
#3371=LINE('Line',#3368,#3370) ;
#3378=LINE('Line',#3375,#3377) ;
#3396=LINE('Line',#3393,#3395) ;
#3405=LINE('Line',#3402,#3404) ;
#3410=LINE('Line',#3407,#3409) ;
#3441=LINE('Line',#3438,#3440) ;
#3459=LINE('Line',#3456,#3458) ;
#3573=LINE('Line',#3570,#3572) ;
#3582=LINE('Line',#3579,#3581) ;
#3589=LINE('Line',#3586,#3588) ;
#3596=LINE('Line',#3593,#3595) ;
#3622=LINE('Line',#3619,#3621) ;
#3631=LINE('Line',#3628,#3630) ;
#3638=LINE('Line',#3635,#3637) ;
#3645=LINE('Line',#3642,#3644) ;
#3676=LINE('Line',#3673,#3675) ;
#4003=LINE('Line',#4000,#4002) ;
#4008=LINE('Line',#4005,#4007) ;
#4013=LINE('Line',#4010,#4012) ;
#4020=LINE('Line',#4017,#4019) ;
#4027=LINE('Line',#4024,#4026) ;
#4034=LINE('Line',#4031,#4033) ;
#4241=LINE('Line',#4238,#4240) ;
#4261=LINE('Line',#4258,#4260) ;
#4274=LINE('Line',#4271,#4273) ;
#4283=LINE('Line',#4280,#4282) ;
#4290=LINE('Line',#4287,#4289) ;
#4295=LINE('Line',#4292,#4294) ;
#4441=LINE('Line',#4438,#4440) ;
#4450=LINE('Line',#4447,#4449) ;
#4457=LINE('Line',#4454,#4456) ;
#4464=LINE('Line',#4461,#4463) ;
#4496=LINE('Line',#4493,#4495) ;
#4532=LINE('Line',#4529,#4531) ;
#4556=LINE('Line',#4553,#4555) ;
#4580=LINE('Line',#4577,#4579) ;
#4623=LINE('Line',#4620,#4622) ;
#4660=LINE('Line',#4657,#4659) ;
#4695=LINE('Line',#4692,#4694) ;
#4700=LINE('Line',#4697,#4699) ;
#4740=LINE('Line',#4737,#4739) ;
#4780=LINE('Line',#4777,#4779) ;
#5065=LINE('Line',#5062,#5064) ;
#5098=LINE('Line',#5095,#5097) ;
#5107=LINE('Line',#5104,#5106) ;
#5112=LINE('Line',#5109,#5111) ;
#5119=LINE('Line',#5116,#5118) ;
#5126=LINE('Line',#5123,#5125) ;
#5156=LINE('Line',#5153,#5155) ;
#5161=LINE('Line',#5158,#5160) ;
#5192=LINE('Line',#5189,#5191) ;
#5199=LINE('Line',#5196,#5198) ;
#5213=LINE('Line',#5210,#5212) ;
#5249=LINE('Line',#5246,#5248) ;
#5256=LINE('Line',#5253,#5255) ;
#5263=LINE('Line',#5260,#5262) ;
#5268=LINE('Line',#5265,#5267) ;
#5291=LINE('Line',#5288,#5290) ;
#5308=LINE('Line',#5305,#5307) ;
#5315=LINE('Line',#5312,#5314) ;
#5322=LINE('Line',#5319,#5321) ;
#5412=LINE('Line',#5409,#5411) ;
#5429=LINE('Line',#5426,#5428) ;
#5436=LINE('Line',#5433,#5435) ;
#5443=LINE('Line',#5440,#5442) ;
#2=MECHANICAL_CONTEXT(' ',#1,'mechanical') ;
#24=PERSONAL_ADDRESS(' ',' ',' ',' ',' ',' ',' ',' ',' ',' ',' ',' ',(#22),' ') ;
#60=PLANE('Plane',#59) ;
#100=PLANE('Plane',#99) ;
#131=PLANE('Plane',#130) ;
#162=PLANE('Plane',#161) ;
#193=PLANE('Plane',#192) ;
#224=PLANE('Plane',#223) ;
#246=PLANE('Plane',#245) ;
#286=PLANE('Plane',#285) ;
#317=PLANE('Plane',#316) ;
#348=PLANE('Plane',#347) ;
#379=PLANE('Plane',#378) ;
#410=PLANE('Plane',#409) ;
#722=PLANE('Plane',#721) ;
#824=PLANE('Plane',#823) ;
#921=PLANE('Plane',#920) ;
#1294=PLANE('Plane',#1293) ;
#1320=PLANE('Plane',#1319) ;
#1724=PLANE('Plane',#1723) ;
#1785=PLANE('Plane',#1784) ;
#1868=PLANE('Plane',#1867) ;
#1973=PLANE('Plane',#1972) ;
#2004=PLANE('Plane',#2003) ;
#2028=PLANE('Plane',#2027) ;
#2052=PLANE('Plane',#2051) ;
#2076=PLANE('Plane',#2075) ;
#2100=PLANE('Plane',#2099) ;
#2166=PLANE('Plane',#2165) ;
#2661=PLANE('Plane',#2660) ;
#2715=PLANE('Plane',#2714) ;
#3086=PLANE('Plane',#3085) ;
#3392=PLANE('Plane',#3391) ;
#3569=PLANE('Plane',#3568) ;
#3962=PLANE('Plane',#3961) ;
#4237=PLANE('Plane',#4236) ;
#4437=PLANE('Plane',#4436) ;
#4619=PLANE('Plane',#4618) ;
#5094=PLANE('Plane',#5093) ;
#5145=PLANE('Plane',#5144) ;
#5245=PLANE('Plane',#5244) ;
#5287=PLANE('Plane',#5286) ;
#5304=PLANE('Plane',#5303) ;
#5425=PLANE('Plane',#5424) ;
#43=PLANE_ANGLE_MEASURE_WITH_UNIT(PLANE_ANGLE_MEASURE(0.0174532925199),#42) ;
#7=PRODUCT_CATEGORY('part',$) ;
#9=PRODUCT_CATEGORY_RELATIONSHIP(' ',' ',#7,#8) ;
#6=PRODUCT_DEFINITION_FORMATION_WITH_SPECIFIED_SOURCE('',' ',#5,.NOT_KNOWN.) ;
#8=PRODUCT_RELATED_PRODUCT_CATEGORY('detail',$,(#5)) ;
#50=SHAPE_DEFINITION_REPRESENTATION(#40,#49) ;
#2607=SPHERICAL_SURFACE('',#2606,2.) ;
#3163=SPHERICAL_SURFACE('',#3162,2.) ;
#4760=SPHERICAL_SURFACE('',#4759,2.) ;
#5083=SPHERICAL_SURFACE('',#5082,2.) ;
#1683=SURFACE_OF_LINEAR_EXTRUSION('generated tabulated cylinder',#1680,#1682) ;
#1710=SURFACE_OF_LINEAR_EXTRUSION('generated tabulated cylinder',#1707,#1709) ;
#1753=SURFACE_OF_LINEAR_EXTRUSION('generated tabulated cylinder',#1750,#1752) ;
#1773=SURFACE_OF_LINEAR_EXTRUSION('generated tabulated cylinder',#1770,#1772) ;
#66=VERTEX_POINT('',#65) ;
#68=VERTEX_POINT('',#67) ;
#75=VERTEX_POINT('',#74) ;
#82=VERTEX_POINT('',#81) ;
#106=VERTEX_POINT('',#105) ;
#108=VERTEX_POINT('',#107) ;
#137=VERTEX_POINT('',#136) ;
#139=VERTEX_POINT('',#138) ;
#168=VERTEX_POINT('',#167) ;
#170=VERTEX_POINT('',#169) ;
#199=VERTEX_POINT('',#198) ;
#201=VERTEX_POINT('',#200) ;
#252=VERTEX_POINT('',#251) ;
#254=VERTEX_POINT('',#253) ;
#261=VERTEX_POINT('',#260) ;
#268=VERTEX_POINT('',#267) ;
#292=VERTEX_POINT('',#291) ;
#294=VERTEX_POINT('',#293) ;
#323=VERTEX_POINT('',#322) ;
#325=VERTEX_POINT('',#324) ;
#354=VERTEX_POINT('',#353) ;
#356=VERTEX_POINT('',#355) ;
#385=VERTEX_POINT('',#384) ;
#387=VERTEX_POINT('',#386) ;
#438=VERTEX_POINT('',#437) ;
#440=VERTEX_POINT('',#439) ;
#447=VERTEX_POINT('',#446) ;
#454=VERTEX_POINT('',#453) ;
#500=VERTEX_POINT('',#499) ;
#502=VERTEX_POINT('',#501) ;
#509=VERTEX_POINT('',#508) ;
#516=VERTEX_POINT('',#515) ;
#557=VERTEX_POINT('',#556) ;
#559=VERTEX_POINT('',#558) ;
#566=VERTEX_POINT('',#565) ;
#573=VERTEX_POINT('',#572) ;
#614=VERTEX_POINT('',#613) ;
#616=VERTEX_POINT('',#615) ;
#623=VERTEX_POINT('',#622) ;
#630=VERTEX_POINT('',#629) ;
#671=VERTEX_POINT('',#670) ;
#673=VERTEX_POINT('',#672) ;
#680=VERTEX_POINT('',#679) ;
#687=VERTEX_POINT('',#686) ;
#736=VERTEX_POINT('',#735) ;
#738=VERTEX_POINT('',#737) ;
#763=VERTEX_POINT('',#762) ;
#765=VERTEX_POINT('',#764) ;
#787=VERTEX_POINT('',#786) ;
#794=VERTEX_POINT('',#793) ;
#834=VERTEX_POINT('',#833) ;
#836=VERTEX_POINT('',#835) ;
#857=VERTEX_POINT('',#856) ;
#859=VERTEX_POINT('',#858) ;
#880=VERTEX_POINT('',#879) ;
#882=VERTEX_POINT('',#881) ;
#903=VERTEX_POINT('',#902) ;
#905=VERTEX_POINT('',#904) ;
#927=VERTEX_POINT('',#926) ;
#929=VERTEX_POINT('',#928) ;
#936=VERTEX_POINT('',#935) ;
#943=VERTEX_POINT('',#942) ;
#950=VERTEX_POINT('',#949) ;
#957=VERTEX_POINT('',#956) ;
#977=VERTEX_POINT('',#976) ;
#979=VERTEX_POINT('',#978) ;
#1019=VERTEX_POINT('',#1018) ;
#1021=VERTEX_POINT('',#1020) ;
#1080=VERTEX_POINT('',#1079) ;
#1087=VERTEX_POINT('',#1086) ;
#1128=VERTEX_POINT('',#1127) ;
#1135=VERTEX_POINT('',#1134) ;
#1171=VERTEX_POINT('',#1170) ;
#1178=VERTEX_POINT('',#1177) ;
#1214=VERTEX_POINT('',#1213) ;
#1221=VERTEX_POINT('',#1220) ;
#1257=VERTEX_POINT('',#1256) ;
#1264=VERTEX_POINT('',#1263) ;
#1326=VERTEX_POINT('',#1325) ;
#1328=VERTEX_POINT('',#1327) ;
#1368=VERTEX_POINT('',#1367) ;
#1370=VERTEX_POINT('',#1369) ;
#1389=VERTEX_POINT('',#1388) ;
#1423=VERTEX_POINT('',#1422) ;
#1425=VERTEX_POINT('',#1424) ;
#1441=VERTEX_POINT('',#1440) ;
#1451=VERTEX_POINT('',#1450) ;
#1505=VERTEX_POINT('',#1504) ;
#1544=VERTEX_POINT('',#1543) ;
#1577=VERTEX_POINT('',#1576) ;
#1587=VERTEX_POINT('',#1586) ;
#1629=VERTEX_POINT('',#1628) ;
#1731=VERTEX_POINT('',#1730) ;
#1791=VERTEX_POINT('',#1790) ;
#1793=VERTEX_POINT('',#1792) ;
#1800=VERTEX_POINT('',#1799) ;
#1807=VERTEX_POINT('',#1806) ;
#1837=VERTEX_POINT('',#1836) ;
#1850=VERTEX_POINT('',#1849) ;
#1874=VERTEX_POINT('',#1873) ;
#1876=VERTEX_POINT('',#1875) ;
#1883=VERTEX_POINT('',#1882) ;
#1890=VERTEX_POINT('',#1889) ;
#1914=VERTEX_POINT('',#1913) ;
#1916=VERTEX_POINT('',#1915) ;
#1979=VERTEX_POINT('',#1978) ;
#1986=VERTEX_POINT('',#1985) ;
#2010=VERTEX_POINT('',#2009) ;
#2034=VERTEX_POINT('',#2033) ;
#2058=VERTEX_POINT('',#2057) ;
#2082=VERTEX_POINT('',#2081) ;
#2123=VERTEX_POINT('',#2122) ;
#2125=VERTEX_POINT('',#2124) ;
#2132=VERTEX_POINT('',#2131) ;
#2139=VERTEX_POINT('',#2138) ;
#2172=VERTEX_POINT('',#2171) ;
#2179=VERTEX_POINT('',#2178) ;
#2203=VERTEX_POINT('',#2202) ;
#2205=VERTEX_POINT('',#2204) ;
#2353=VERTEX_POINT('',#2352) ;
#2381=VERTEX_POINT('',#2380) ;
#2406=VERTEX_POINT('',#2405) ;
#2555=VERTEX_POINT('',#2554) ;
#2582=VERTEX_POINT('',#2581) ;
#2589=VERTEX_POINT('',#2588) ;
#2613=VERTEX_POINT('',#2612) ;
#2636=VERTEX_POINT('',#2635) ;
#2643=VERTEX_POINT('',#2642) ;
#2667=VERTEX_POINT('',#2666) ;
#2669=VERTEX_POINT('',#2668) ;
#2676=VERTEX_POINT('',#2675) ;
#2683=VERTEX_POINT('',#2682) ;
#2696=VERTEX_POINT('',#2695) ;
#2721=VERTEX_POINT('',#2720) ;
#2723=VERTEX_POINT('',#2722) ;
#2766=VERTEX_POINT('',#2765) ;
#2800=VERTEX_POINT('',#2799) ;
#2860=VERTEX_POINT('',#2859) ;
#3025=VERTEX_POINT('',#3024) ;
#3061=VERTEX_POINT('',#3060) ;
#3068=VERTEX_POINT('',#3067) ;
#3092=VERTEX_POINT('',#3091) ;
#3108=VERTEX_POINT('',#3107) ;
#3138=VERTEX_POINT('',#3137) ;
#3145=VERTEX_POINT('',#3144) ;
#3307=VERTEX_POINT('',#3306) ;
#3350=VERTEX_POINT('',#3349) ;
#3352=VERTEX_POINT('',#3351) ;
#3359=VERTEX_POINT('',#3358) ;
#3366=VERTEX_POINT('',#3365) ;
#3373=VERTEX_POINT('',#3372) ;
#3398=VERTEX_POINT('',#3397) ;
#3400=VERTEX_POINT('',#3399) ;
#3461=VERTEX_POINT('',#3460) ;
#3531=VERTEX_POINT('',#3530) ;
#3575=VERTEX_POINT('',#3574) ;
#3577=VERTEX_POINT('',#3576) ;
#3584=VERTEX_POINT('',#3583) ;
#3591=VERTEX_POINT('',#3590) ;
#3598=VERTEX_POINT('',#3597) ;
#3624=VERTEX_POINT('',#3623) ;
#3626=VERTEX_POINT('',#3625) ;
#3633=VERTEX_POINT('',#3632) ;
#3640=VERTEX_POINT('',#3639) ;
#3678=VERTEX_POINT('',#3677) ;
#3756=VERTEX_POINT('',#3755) ;
#3758=VERTEX_POINT('',#3757) ;
#3929=VERTEX_POINT('',#3928) ;
#3942=VERTEX_POINT('',#3941) ;
#3996=VERTEX_POINT('',#3995) ;
#3998=VERTEX_POINT('',#3997) ;
#4015=VERTEX_POINT('',#4014) ;
#4022=VERTEX_POINT('',#4021) ;
#4029=VERTEX_POINT('',#4028) ;
#4204=VERTEX_POINT('',#4203) ;
#4213=VERTEX_POINT('',#4212) ;
#4243=VERTEX_POINT('',#4242) ;
#4245=VERTEX_POINT('',#4244) ;
#4276=VERTEX_POINT('',#4275) ;
#4278=VERTEX_POINT('',#4277) ;
#4285=VERTEX_POINT('',#4284) ;
#4379=VERTEX_POINT('',#4378) ;
#4388=VERTEX_POINT('',#4387) ;
#4443=VERTEX_POINT('',#4442) ;
#4445=VERTEX_POINT('',#4444) ;
#4452=VERTEX_POINT('',#4451) ;
#4459=VERTEX_POINT('',#4458) ;
#4491=VERTEX_POINT('',#4490) ;
#4498=VERTEX_POINT('',#4497) ;
#4534=VERTEX_POINT('',#4533) ;
#4558=VERTEX_POINT('',#4557) ;
#4582=VERTEX_POINT('',#4581) ;
#4584=VERTEX_POINT('',#4583) ;
#4625=VERTEX_POINT('',#4624) ;
#4627=VERTEX_POINT('',#4626) ;
#4655=VERTEX_POINT('',#4654) ;
#4662=VERTEX_POINT('',#4661) ;
#4690=VERTEX_POINT('',#4689) ;
#4742=VERTEX_POINT('',#4741) ;
#5100=VERTEX_POINT('',#5099) ;
#5102=VERTEX_POINT('',#5101) ;
#5114=VERTEX_POINT('',#5113) ;
#5121=VERTEX_POINT('',#5120) ;
#5151=VERTEX_POINT('',#5150) ;
#5163=VERTEX_POINT('',#5162) ;
#5194=VERTEX_POINT('',#5193) ;
#5201=VERTEX_POINT('',#5200) ;
#5208=VERTEX_POINT('',#5207) ;
#5215=VERTEX_POINT('',#5214) ;
#5251=VERTEX_POINT('',#5250) ;
#5258=VERTEX_POINT('',#5257) ;
#5310=VERTEX_POINT('',#5309) ;
#5317=VERTEX_POINT('',#5316) ;
#5431=VERTEX_POINT('',#5430) ;
#5438=VERTEX_POINT('',#5437) ;
#41=(LENGTH_UNIT()NAMED_UNIT(*)SI_UNIT(.MILLI.,.METRE.)) ;
#42=(NAMED_UNIT(*)PLANE_ANGLE_UNIT()SI_UNIT($,.RADIAN.)) ;
#44=(NAMED_UNIT(*)SI_UNIT($,.STERADIAN.)SOLID_ANGLE_UNIT()) ;
#46=(GEOMETRIC_REPRESENTATION_CONTEXT(3)GLOBAL_UNCERTAINTY_ASSIGNED_CONTEXT((#45))GLOBAL_UNIT_ASSIGNED_CONTEXT((#41,#42,#44))REPRESENTATION_CONTEXT(' ',' ')) ;
ENDSEC;
END-ISO-10303-21;
